source_repository,source_branch,source_commit,source_path,sha256,bytes,disposition,proposed_target,migration_task,required_gate,provenance_rule,status
git@github.com:tumlinso/CellShard.git,main,b9749ad3e5146a04f847533d8c6f1a54146aed20,.todo-orchestrator/state.snapshot.json,507a4042b353e14c65ddc569136b029ac4409b36b6b48cc403d9dbe5262961f7,7294963,preserve in place,CellShard:.todo-orchestrator/state.snapshot.json,CE-CCP1-A02-012,CE-CCP1-A02-012-GATE,JBC-PROV-PRESERVE-IN-PLACE,source-frozen
git@github.com:tumlinso/CellShard.git,main,b9749ad3e5146a04f847533d8c6f1a54146aed20,CMakeLists.txt,f26e350999ad817553fbc8e259a951ffd8bf9dc9ba342720fff88c343cf46985,49302,split,Cellerator+CellShard:assigned-by-CE-CCP1-A03-014,CE-CCP1-A03-014,CE-CCP1-A03-014-GATE,JBC-PROV-SPLIT,source-frozen
git@github.com:tumlinso/CellShard.git,main,b9749ad3e5146a04f847533d8c6f1a54146aed20,bench/jbc/bicluster/bicluster_cases_v1.cc,a5e7c2e275b987a290a11459bb259e2f4130732538ba94e0738e4a6d028b3385,1642,adapt,bench/compiler/bicluster/bicluster_cases_v1.cc,CE-CCP1-E02-016,CE-CCP1-E02-018-GATE,JBC-PROV-ADAPT,source-frozen
git@github.com:tumlinso/CellShard.git,main,b9749ad3e5146a04f847533d8c6f1a54146aed20,bench/jbc/grammar/induced_flat_dag_fixtures.cc,60a5d9e20702bae222ec56d96c17350de149953d968df2d089b139f489576cbd,726,adapt,bench/compiler/grammar/induced_flat_dag_fixtures.cc,CE-CCP1-E03-014,CE-CCP1-E03-018-GATE,JBC-PROV-ADAPT,source-frozen
git@github.com:tumlinso/CellShard.git,main,b9749ad3e5146a04f847533d8c6f1a54146aed20,bench/jbc/grammar/induced_promotion_gate.cc,c7ba428e055350e724837b83f955d7baecf4eeff8385c52033105577da45b1db,899,adapt,bench/compiler/grammar/induced_promotion_gate.cc,CE-CCP1-E03-014,CE-CCP1-E03-018-GATE,JBC-PROV-ADAPT,source-frozen
git@github.com:tumlinso/CellShard.git,main,b9749ad3e5146a04f847533d8c6f1a54146aed20,bench/jbc/runtime/dual_numa_process_campaign.cu,301f138900a5cbc37eab7a58a60269b6455b5b9c6ea0c88799941cd3a4e0a6be,7866,preserve in place,CellShard:bench/jbc/runtime/dual_numa_process_campaign.cu,CE-CCP1-E03-013,CE-CCP1-E03-018-GATE,JBC-PROV-PRESERVE-IN-PLACE,source-frozen
git@github.com:tumlinso/CellShard.git,main,b9749ad3e5146a04f847533d8c6f1a54146aed20,bench/jbc/runtime/results/2026-09-01-dual-numa-process-campaign.json,4313d67b9f32a254830262cb65bfa4738b97821948e6389ac4e202eea12fc8a6,1844,preserve in place,CellShard:bench/jbc/runtime/results/2026-09-01-dual-numa-process-campaign.json,CE-CCP1-E03-013,CE-CCP1-E03-018-GATE,JBC-PROV-PRESERVE-IN-PLACE,source-frozen
git@github.com:tumlinso/CellShard.git,main,b9749ad3e5146a04f847533d8c6f1a54146aed20,bench/jbc/trajectory/trajectory_null_gate.cc,f2abe21091acd2d519b07e5b20cb43338bf3f8e460692eca9acfefc3ab248c01,884,adapt,bench/compiler/trajectory/trajectory_null_gate.cc,CE-CCP1-E02-016,CE-CCP1-E02-018-GATE,JBC-PROV-ADAPT,source-frozen
git@github.com:tumlinso/CellShard.git,main,b9749ad3e5146a04f847533d8c6f1a54146aed20,docs/JBC/evidence/biological_novelty_readiness.md,df9436ace4414869f39c18b178178473d0f4c221778fad753ee14eb9663f746b,1857,preserve in place,CellShard:docs/JBC/evidence/biological_novelty_readiness.md,CE-CCP1-A02-012,CE-CCP1-A02-012-GATE,JBC-PROV-PRESERVE-IN-PLACE,source-frozen
git@github.com:tumlinso/CellShard.git,main,b9749ad3e5146a04f847533d8c6f1a54146aed20,docs/JBC/evidence/integration_receipt.md,0da1344fda1f818c7fed6dad0d14c06d26eadaeb31fcad3cd5e9322cef51b865,1657,preserve in place,CellShard:docs/JBC/evidence/integration_receipt.md,CE-CCP1-A02-012,CE-CCP1-A02-012-GATE,JBC-PROV-PRESERVE-IN-PLACE,source-frozen
git@github.com:tumlinso/CellShard.git,main,b9749ad3e5146a04f847533d8c6f1a54146aed20,docs/JBC/evidence/metric_schema.md,3435c3e2d1d40297d9f6bc02c27c8351cddc6dee40eecbc49c3b9e8bbb2c470c,455,preserve in place,CellShard:docs/JBC/evidence/metric_schema.md,CE-CCP1-A02-012,CE-CCP1-A02-012-GATE,JBC-PROV-PRESERVE-IN-PLACE,source-frozen
git@github.com:tumlinso/CellShard.git,main,b9749ad3e5146a04f847533d8c6f1a54146aed20,docs/SPEC_ATOM_STORE_V1.md,71cfe2ccb532ff9d5411536f9f331f83ded964353f2cfc11192047d2944a5492,10343,preserve in place,CellShard:docs/SPEC_ATOM_STORE_V1.md,CE-CCP1-A02-012,CE-CCP1-A02-012-GATE,JBC-PROV-PRESERVE-IN-PLACE,source-frozen
git@github.com:tumlinso/CellShard.git,main,b9749ad3e5146a04f847533d8c6f1a54146aed20,include/CellShard/CellShard.hh,fc5bd82fe0068205039247577372ce758d2c6b12a10c89ef4399d307c24fc58e,657,split,Cellerator+CellShard:assigned-by-CE-CCP1-A03-014,CE-CCP1-A03-014,CE-CCP1-A03-014-GATE,JBC-PROV-SPLIT,source-frozen
git@github.com:tumlinso/CellShard.git,main,b9749ad3e5146a04f847533d8c6f1a54146aed20,include/CellShard/artifact/atom_store/arena_v1.hh,84a7f2cd180ea0e4ec4e012986c4b690faa2218caf1cf92abf5777f63ab65fe6,4193,preserve in place,CellShard:include/CellShard/artifact/atom_store/arena_v1.hh,CE-CCP1-E03-013,CE-CCP1-E03-018-GATE,JBC-PROV-PRESERVE-IN-PLACE,source-frozen
git@github.com:tumlinso/CellShard.git,main,b9749ad3e5146a04f847533d8c6f1a54146aed20,include/CellShard/artifact/atom_store/atom_compression_experiment_v1.hh,0d826cc49d2728461672375c16486dfd3cf8c8f9d081c5607458138d288faf30,644,preserve in place,CellShard:include/CellShard/artifact/atom_store/atom_compression_experiment_v1.hh,CE-CCP1-E03-013,CE-CCP1-E03-018-GATE,JBC-PROV-PRESERVE-IN-PLACE,source-frozen
git@github.com:tumlinso/CellShard.git,main,b9749ad3e5146a04f847533d8c6f1a54146aed20,include/CellShard/artifact/atom_store/atom_dictionary_v1.hh,0e7d74adc484467d90431c2b7c90189a06e29fb675d1a446be05a354de0db5a8,1517,preserve in place,CellShard:include/CellShard/artifact/atom_store/atom_dictionary_v1.hh,CE-CCP1-E03-013,CE-CCP1-E03-018-GATE,JBC-PROV-PRESERVE-IN-PLACE,source-frozen
git@github.com:tumlinso/CellShard.git,main,b9749ad3e5146a04f847533d8c6f1a54146aed20,include/CellShard/artifact/atom_store/atom_frame_v1.hh,2cbda4f81c59730e6b98ea3d211e6d4a5e84b166d38b847d3f71bedbb233070d,2829,preserve in place,CellShard:include/CellShard/artifact/atom_store/atom_frame_v1.hh,CE-CCP1-E03-013,CE-CCP1-E03-018-GATE,JBC-PROV-PRESERVE-IN-PLACE,source-frozen
git@github.com:tumlinso/CellShard.git,main,b9749ad3e5146a04f847533d8c6f1a54146aed20,include/CellShard/artifact/atom_store/basis_superatom_v1.hh,ea58bd0906c2a5b70e3b06ddd554c095411976b12baddd23cb291380e2ed763f,1404,preserve in place,CellShard:include/CellShard/artifact/atom_store/basis_superatom_v1.hh,CE-CCP1-E03-013,CE-CCP1-E03-018-GATE,JBC-PROV-PRESERVE-IN-PLACE,source-frozen
git@github.com:tumlinso/CellShard.git,main,b9749ad3e5146a04f847533d8c6f1a54146aed20,include/CellShard/artifact/atom_store/codec_registry_v1.hh,8bcd30df9a6a4f3a2700e4f9b2cc671f34977fb4cf4ffc1baeb9174b33a5ecf6,1191,preserve in place,CellShard:include/CellShard/artifact/atom_store/codec_registry_v1.hh,CE-CCP1-E03-013,CE-CCP1-E03-018-GATE,JBC-PROV-PRESERVE-IN-PLACE,source-frozen
git@github.com:tumlinso/CellShard.git,main,b9749ad3e5146a04f847533d8c6f1a54146aed20,include/CellShard/artifact/atom_store/compatibility_import_v1.hh,50c0fa1dbf9a7a5aba9b1c15d2807aec54416c7942eb2494f3275f6c81c81c72,842,preserve in place,CellShard:include/CellShard/artifact/atom_store/compatibility_import_v1.hh,CE-CCP1-E03-013,CE-CCP1-E03-018-GATE,JBC-PROV-PRESERVE-IN-PLACE,source-frozen
git@github.com:tumlinso/CellShard.git,main,b9749ad3e5146a04f847533d8c6f1a54146aed20,include/CellShard/artifact/atom_store/composition_grammar_v1.hh,67f8799db7fa4fe01d8f08a4f7069da978c7a6399cc577d8134fd254008133ef,1396,preserve in place,CellShard:include/CellShard/artifact/atom_store/composition_grammar_v1.hh,CE-CCP1-E03-013,CE-CCP1-E03-018-GATE,JBC-PROV-PRESERVE-IN-PLACE,source-frozen
git@github.com:tumlinso/CellShard.git,main,b9749ad3e5146a04f847533d8c6f1a54146aed20,include/CellShard/artifact/atom_store/consolidation_v1.hh,b3f88c2d46119f6b7c3f31c55ca0b79be97701bb2c057e2d3d0ba84220e4e44c,848,preserve in place,CellShard:include/CellShard/artifact/atom_store/consolidation_v1.hh,CE-CCP1-E03-013,CE-CCP1-E03-018-GATE,JBC-PROV-PRESERVE-IN-PLACE,source-frozen
git@github.com:tumlinso/CellShard.git,main,b9749ad3e5146a04f847533d8c6f1a54146aed20,include/CellShard/artifact/atom_store/content_digest_v1.hh,fef31eacf5fff27713db4b0de379cea21a61317467c5fd8a4b4b539568a8948f,5272,preserve in place,CellShard:include/CellShard/artifact/atom_store/content_digest_v1.hh,CE-CCP1-E03-013,CE-CCP1-E03-018-GATE,JBC-PROV-PRESERVE-IN-PLACE,source-frozen
git@github.com:tumlinso/CellShard.git,main,b9749ad3e5146a04f847533d8c6f1a54146aed20,include/CellShard/artifact/atom_store/coverage_index_v1.hh,55daed6ea168cd28c30d5dde0e1ffc314be1a11fe5589928f409741a09b07137,2068,preserve in place,CellShard:include/CellShard/artifact/atom_store/coverage_index_v1.hh,CE-CCP1-E03-013,CE-CCP1-E03-018-GATE,JBC-PROV-PRESERVE-IN-PLACE,source-frozen
git@github.com:tumlinso/CellShard.git,main,b9749ad3e5146a04f847533d8c6f1a54146aed20,include/CellShard/artifact/atom_store/cpu_block_codec_v1.hh,92870e2ff5368b439b81134721cdcd2db57732e9b0fceb9571cb4d21fad5160d,567,preserve in place,CellShard:include/CellShard/artifact/atom_store/cpu_block_codec_v1.hh,CE-CCP1-E03-013,CE-CCP1-E03-018-GATE,JBC-PROV-PRESERVE-IN-PLACE,source-frozen
git@github.com:tumlinso/CellShard.git,main,b9749ad3e5146a04f847533d8c6f1a54146aed20,include/CellShard/artifact/atom_store/encoded_replica_v1.hh,653f05d0ccd27b2b6f05f36e56a303ac5b59c9ca8817871ff5e30da0db44ab47,2606,preserve in place,CellShard:include/CellShard/artifact/atom_store/encoded_replica_v1.hh,CE-CCP1-E03-013,CE-CCP1-E03-018-GATE,JBC-PROV-PRESERVE-IN-PLACE,source-frozen
git@github.com:tumlinso/CellShard.git,main,b9749ad3e5146a04f847533d8c6f1a54146aed20,include/CellShard/artifact/atom_store/format_v1.hh,a20f41ddb2dd859bfc3f634dc78cb9e443d6ac0e0ffaafc31f2fd549f0f04c89,632,preserve in place,CellShard:include/CellShard/artifact/atom_store/format_v1.hh,CE-CCP1-E03-013,CE-CCP1-E03-018-GATE,JBC-PROV-PRESERVE-IN-PLACE,source-frozen
git@github.com:tumlinso/CellShard.git,main,b9749ad3e5146a04f847533d8c6f1a54146aed20,include/CellShard/artifact/atom_store/frame_extent_map_v1.hh,be27f6592ab9c35f33a68483da71f173c0c6b96f658024e1838ca26542d85a2f,2793,preserve in place,CellShard:include/CellShard/artifact/atom_store/frame_extent_map_v1.hh,CE-CCP1-E03-013,CE-CCP1-E03-018-GATE,JBC-PROV-PRESERVE-IN-PLACE,source-frozen
git@github.com:tumlinso/CellShard.git,main,b9749ad3e5146a04f847533d8c6f1a54146aed20,include/CellShard/artifact/atom_store/gpu_atom_link_v1.hh,a1171c00a9c6a2d918f42a5f7cbc3a4756c545e8076015ae68970dc720b2f88b,939,preserve in place,CellShard:include/CellShard/artifact/atom_store/gpu_atom_link_v1.hh,CE-CCP1-E03-013,CE-CCP1-E03-018-GATE,JBC-PROV-PRESERVE-IN-PLACE,source-frozen
git@github.com:tumlinso/CellShard.git,main,b9749ad3e5146a04f847533d8c6f1a54146aed20,include/CellShard/artifact/atom_store/identity_v1.hh,e5ed2e54dacdca087f837c38b999eb4cd1f6e28ff4fb53f2263811ad75a91082,1932,preserve in place,CellShard:include/CellShard/artifact/atom_store/identity_v1.hh,CE-CCP1-E03-013,CE-CCP1-E03-018-GATE,JBC-PROV-PRESERVE-IN-PLACE,source-frozen
git@github.com:tumlinso/CellShard.git,main,b9749ad3e5146a04f847533d8c6f1a54146aed20,include/CellShard/artifact/atom_store/lineage_provenance_v1.hh,d4faf905e49b1adaa1dd2fd0fad8a24164ceb0ddb0f147a4fa25455f1ddfd764,1961,preserve in place,CellShard:include/CellShard/artifact/atom_store/lineage_provenance_v1.hh,CE-CCP1-E03-013,CE-CCP1-E03-018-GATE,JBC-PROV-PRESERVE-IN-PLACE,source-frozen
git@github.com:tumlinso/CellShard.git,main,b9749ad3e5146a04f847533d8c6f1a54146aed20,include/CellShard/artifact/atom_store/multi_range_source_v1.hh,0bdf9b2b3b79bf8bbdc14fbab63c8d2e7a084d70b0efbd90f3e1b20d3f8f9908,726,preserve in place,CellShard:include/CellShard/artifact/atom_store/multi_range_source_v1.hh,CE-CCP1-E03-013,CE-CCP1-E03-018-GATE,JBC-PROV-PRESERVE-IN-PLACE,source-frozen
git@github.com:tumlinso/CellShard.git,main,b9749ad3e5146a04f847533d8c6f1a54146aed20,include/CellShard/artifact/atom_store/negative_action_cache_v1.hh,6095cf6fba991c805141e11744d476964e6217dbd01331d0fd33b7d7cce45c59,3394,preserve in place,CellShard:include/CellShard/artifact/atom_store/negative_action_cache_v1.hh,CE-CCP1-E03-013,CE-CCP1-E03-018-GATE,JBC-PROV-PRESERVE-IN-PLACE,source-frozen
git@github.com:tumlinso/CellShard.git,main,b9749ad3e5146a04f847533d8c6f1a54146aed20,include/CellShard/artifact/atom_store/partial_resumption_v1.hh,bdc00e0e1889ed7be40002ddb64e68e11fbeee335d8f2468e65cacdf67f976d1,1514,preserve in place,CellShard:include/CellShard/artifact/atom_store/partial_resumption_v1.hh,CE-CCP1-E03-013,CE-CCP1-E03-018-GATE,JBC-PROV-PRESERVE-IN-PLACE,source-frozen
git@github.com:tumlinso/CellShard.git,main,b9749ad3e5146a04f847533d8c6f1a54146aed20,include/CellShard/artifact/atom_store/plane_view_index_v1.hh,3aceb35178b7ab003812f8f06dbfb7e45ba8e0a8e0ad75ca874ddb95727599c8,1885,preserve in place,CellShard:include/CellShard/artifact/atom_store/plane_view_index_v1.hh,CE-CCP1-E03-013,CE-CCP1-E03-018-GATE,JBC-PROV-PRESERVE-IN-PLACE,source-frozen
git@github.com:tumlinso/CellShard.git,main,b9749ad3e5146a04f847533d8c6f1a54146aed20,include/CellShard/artifact/atom_store/positive_action_cache_v1.hh,990737894668137c59fd5ff73605c7956ca6a5b7a37f37612f2321cf11522d2a,4193,preserve in place,CellShard:include/CellShard/artifact/atom_store/positive_action_cache_v1.hh,CE-CCP1-E03-013,CE-CCP1-E03-018-GATE,JBC-PROV-PRESERVE-IN-PLACE,source-frozen
git@github.com:tumlinso/CellShard.git,main,b9749ad3e5146a04f847533d8c6f1a54146aed20,include/CellShard/artifact/atom_store/publication_v1.hh,85fcb84d61593e8f9568108bc64e90c7133345a1cc6193bc07670e9c00aec020,944,preserve in place,CellShard:include/CellShard/artifact/atom_store/publication_v1.hh,CE-CCP1-E03-013,CE-CCP1-E03-018-GATE,JBC-PROV-PRESERVE-IN-PLACE,source-frozen
git@github.com:tumlinso/CellShard.git,main,b9749ad3e5146a04f847533d8c6f1a54146aed20,include/CellShard/artifact/atom_store/reachability_gc_v1.hh,8ac1ae6fdef576ab42164fef74dfdb2bf8fe40e7fd71c7becaa41e4760e5b7aa,825,preserve in place,CellShard:include/CellShard/artifact/atom_store/reachability_gc_v1.hh,CE-CCP1-E03-013,CE-CCP1-E03-018-GATE,JBC-PROV-PRESERVE-IN-PLACE,source-frozen
git@github.com:tumlinso/CellShard.git,main,b9749ad3e5146a04f847533d8c6f1a54146aed20,include/CellShard/artifact/atom_store/reader_v1.hh,61c31a3d153bfeb1af541ce6cba45d24eee941df8203ae4f258bfa573f6e3e0d,634,preserve in place,CellShard:include/CellShard/artifact/atom_store/reader_v1.hh,CE-CCP1-E03-013,CE-CCP1-E03-018-GATE,JBC-PROV-PRESERVE-IN-PLACE,source-frozen
git@github.com:tumlinso/CellShard.git,main,b9749ad3e5146a04f847533d8c6f1a54146aed20,include/CellShard/artifact/atom_store/recovery_v1.hh,46ef93f009caa59ffdf1039f440c3581349f92ea5d7634f4f549b91531a69db2,611,preserve in place,CellShard:include/CellShard/artifact/atom_store/recovery_v1.hh,CE-CCP1-E03-013,CE-CCP1-E03-018-GATE,JBC-PROV-PRESERVE-IN-PLACE,source-frozen
git@github.com:tumlinso/CellShard.git,main,b9749ad3e5146a04f847533d8c6f1a54146aed20,include/CellShard/artifact/atom_store/root_manifest_v1.hh,d1cea22495137b84ccc41982f94467e73e7cce22c1e8593dd83a0404ef91181f,1508,preserve in place,CellShard:include/CellShard/artifact/atom_store/root_manifest_v1.hh,CE-CCP1-E03-013,CE-CCP1-E03-018-GATE,JBC-PROV-PRESERVE-IN-PLACE,source-frozen
git@github.com:tumlinso/CellShard.git,main,b9749ad3e5146a04f847533d8c6f1a54146aed20,include/CellShard/artifact/atom_store/writer_v1.hh,9a495f6a99f4345926b727a07954a00e1657ac0a29094d25c64dbb62150221b1,1014,preserve in place,CellShard:include/CellShard/artifact/atom_store/writer_v1.hh,CE-CCP1-E03-013,CE-CCP1-E03-018-GATE,JBC-PROV-PRESERVE-IN-PLACE,source-frozen
git@github.com:tumlinso/CellShard.git,main,b9749ad3e5146a04f847533d8c6f1a54146aed20,include/CellShard/compiler/atom/atomicity_v1.hh,6e90f8684ace0a9594381a8ad436f2d998282dea207f73ee226b76d6e0ed1f10,5242,move,include/Cellerator/compiler/discovery/atom/atomicity_v1.hh,CE-CCP1-E02-010,CE-CCP1-E02-018-GATE,JBC-PROV-MOVE,source-frozen
git@github.com:tumlinso/CellShard.git,main,b9749ad3e5146a04f847533d8c6f1a54146aed20,include/CellShard/compiler/atom/common_atom_v1.hh,dc369b268399ce4c5c93c44d659ef007a749af661ed6ec5cc2fb02897d0c56da,11028,move,include/Cellerator/compiler/discovery/atom/common_atom_v1.hh,CE-CCP1-E02-010,CE-CCP1-E02-018-GATE,JBC-PROV-MOVE,source-frozen
git@github.com:tumlinso/CellShard.git,main,b9749ad3e5146a04f847533d8c6f1a54146aed20,include/CellShard/compiler/atom/dependency_invalidation_plane_v1.hh,fc93103182d73102f17849f9e15601055328648f58640f0b46429e0e4fbdd460,8174,move,include/Cellerator/compiler/discovery/atom/dependency_invalidation_plane_v1.hh,CE-CCP1-E02-010,CE-CCP1-E02-018-GATE,JBC-PROV-MOVE,source-frozen
git@github.com:tumlinso/CellShard.git,main,b9749ad3e5146a04f847533d8c6f1a54146aed20,include/CellShard/compiler/atom/evidence_plane_v1.hh,b7c900fa802862403e1ece2aa750aba01b2cecfa8e7df4863d2354f5056ddf41,7282,split,Cellerator+CellShard:assigned-by-CE-CCP1-E02-010,CE-CCP1-E02-010,CE-CCP1-E02-018-GATE,JBC-PROV-SPLIT,source-frozen
git@github.com:tumlinso/CellShard.git,main,b9749ad3e5146a04f847533d8c6f1a54146aed20,include/CellShard/compiler/atom/executable_affordance_plane_v1.hh,96cca0b6ed71fb1b28cb430b68947f3060b41c26527d09bd9964268118dc4bc0,11241,move,include/Cellerator/compiler/discovery/atom/executable_affordance_plane_v1.hh,CE-CCP1-E02-010,CE-CCP1-E02-018-GATE,JBC-PROV-MOVE,source-frozen
git@github.com:tumlinso/CellShard.git,main,b9749ad3e5146a04f847533d8c6f1a54146aed20,include/CellShard/compiler/atom/gradient_plane_v1.hh,9a808db388db2bfda6d222630609043f4526f7e008fd5f5edb7455fb98c90fb7,5587,move,include/Cellerator/compiler/discovery/atom/gradient_plane_v1.hh,CE-CCP1-E02-010,CE-CCP1-E02-018-GATE,JBC-PROV-MOVE,source-frozen
git@github.com:tumlinso/CellShard.git,main,b9749ad3e5146a04f847533d8c6f1a54146aed20,include/CellShard/compiler/atom/identity_classes_v1.hh,26da99b10b97db0d054d359e511d98b0cceae59c84c387caf2a994e2086f71ab,6664,split,Cellerator+CellShard:assigned-by-CE-CCP1-E02-010,CE-CCP1-E02-010,CE-CCP1-E02-018-GATE,JBC-PROV-SPLIT,source-frozen
git@github.com:tumlinso/CellShard.git,main,b9749ad3e5146a04f847533d8c6f1a54146aed20,include/CellShard/compiler/atom/level_v1.hh,3cd2217c7c46d0475399693a2fa73c120b557a7e868f933936eb973839ebefee,5518,move,include/Cellerator/compiler/discovery/atom/level_v1.hh,CE-CCP1-E02-010,CE-CCP1-E02-018-GATE,JBC-PROV-MOVE,source-frozen
git@github.com:tumlinso/CellShard.git,main,b9749ad3e5146a04f847533d8c6f1a54146aed20,include/CellShard/compiler/atom/logical_coverage_v1.hh,2532ba38624bf4e5785a2a7ce75017d059f066d673c633aa53f7214ba377b54d,6357,retain as compatibility,include/Cellerator/compiler/discovery/atom/logical_coverage_v1.hh,CE-CCP1-E02-015,CE-CCP1-E02-018-GATE,JBC-PROV-RETAIN-AS-COMPATIBILITY,source-frozen
git@github.com:tumlinso/CellShard.git,main,b9749ad3e5146a04f847533d8c6f1a54146aed20,include/CellShard/compiler/atom/overlap_role_v1.hh,1502d84cbca99c55512252bcab8f50beefb558ef4ac86d6e81fa8efdbc5b7b48,7071,move,include/Cellerator/compiler/discovery/atom/overlap_role_v1.hh,CE-CCP1-E02-010,CE-CCP1-E02-018-GATE,JBC-PROV-MOVE,source-frozen
git@github.com:tumlinso/CellShard.git,main,b9749ad3e5146a04f847533d8c6f1a54146aed20,include/CellShard/compiler/atom/partial_result_plane_v1.hh,345cb810fe10724c89e5ce563a0b8c063be07d06d2b0915a3f4798e49c783a0a,8135,move,include/Cellerator/compiler/discovery/atom/partial_result_plane_v1.hh,CE-CCP1-E02-010,CE-CCP1-E02-018-GATE,JBC-PROV-MOVE,source-frozen
git@github.com:tumlinso/CellShard.git,main,b9749ad3e5146a04f847533d8c6f1a54146aed20,include/CellShard/compiler/atom/persistent_identity_v1.hh,b8eded4f263d3d8fee1634c86a717e950f50a94a3da3ab6772538e4a55a2a988,5559,retain as compatibility,include/Cellerator/compiler/discovery/atom/persistent_identity_v1.hh,CE-CCP1-E02-015,CE-CCP1-E02-018-GATE,JBC-PROV-RETAIN-AS-COMPATIBILITY,source-frozen
git@github.com:tumlinso/CellShard.git,main,b9749ad3e5146a04f847533d8c6f1a54146aed20,include/CellShard/compiler/atom/physical_view_plane_v1.hh,1018a900c9e029f314c728e6de78207694daedf8aea3f311c6b347cdd872bd91,7629,move,include/Cellerator/compiler/discovery/atom/physical_view_plane_v1.hh,CE-CCP1-E02-010,CE-CCP1-E02-018-GATE,JBC-PROV-MOVE,source-frozen
git@github.com:tumlinso/CellShard.git,main,b9749ad3e5146a04f847533d8c6f1a54146aed20,include/CellShard/compiler/atom/plane_directory_v1.hh,d8efac98e3eaa42b33a577ff75acc930f0ad93fc6cd872f64c35f22ab940cd65,8795,move,include/Cellerator/compiler/discovery/atom/plane_directory_v1.hh,CE-CCP1-E02-010,CE-CCP1-E02-018-GATE,JBC-PROV-MOVE,source-frozen
git@github.com:tumlinso/CellShard.git,main,b9749ad3e5146a04f847533d8c6f1a54146aed20,include/CellShard/compiler/atom/port_v1.hh,3b846d377cd3bf7efad56798eaa20630be2b993cb0960324fb089efa7b323bd2,9191,move,include/Cellerator/compiler/discovery/atom/port_v1.hh,CE-CCP1-E02-010,CE-CCP1-E02-018-GATE,JBC-PROV-MOVE,source-frozen
git@github.com:tumlinso/CellShard.git,main,b9749ad3e5146a04f847533d8c6f1a54146aed20,include/CellShard/compiler/atom/relation_edge_spine_v1.hh,a3f98707526f940c6fd8f20a3c5a84a8fc9150a0fde0bc93d8606086f717dbaa,9133,move,include/Cellerator/compiler/discovery/atom/relation_edge_spine_v1.hh,CE-CCP1-E02-010,CE-CCP1-E02-018-GATE,JBC-PROV-MOVE,source-frozen
git@github.com:tumlinso/CellShard.git,main,b9749ad3e5146a04f847533d8c6f1a54146aed20,include/CellShard/compiler/atom/species_v1.hh,fa6dda038af69e2c26a69589b9334c6de1d0e14f11a5da17aad75f0daa901dff,10961,move,include/Cellerator/compiler/discovery/atom/species_v1.hh,CE-CCP1-E02-010,CE-CCP1-E02-018-GATE,JBC-PROV-MOVE,source-frozen
git@github.com:tumlinso/CellShard.git,main,b9749ad3e5146a04f847533d8c6f1a54146aed20,include/CellShard/compiler/atom/state_plane_v1.hh,0718c6f86231c05db2edf2c0eb26186193096391222ba5f6f23356788dcada8e,8378,move,include/Cellerator/compiler/discovery/atom/state_plane_v1.hh,CE-CCP1-E02-010,CE-CCP1-E02-018-GATE,JBC-PROV-MOVE,source-frozen
git@github.com:tumlinso/CellShard.git,main,b9749ad3e5146a04f847533d8c6f1a54146aed20,include/CellShard/compiler/atom/structural_plane_v1.hh,f35fe9e0c1d7aefb58e49f78281b96611e1585681204003d9ef9236f7f765e01,8959,move,include/Cellerator/compiler/discovery/atom/structural_plane_v1.hh,CE-CCP1-E02-010,CE-CCP1-E02-018-GATE,JBC-PROV-MOVE,source-frozen
git@github.com:tumlinso/CellShard.git,main,b9749ad3e5146a04f847533d8c6f1a54146aed20,include/CellShard/compiler/atom/value_plane_v1.hh,31a2a3433b6253ac2c00fb499f432aa5444536fd4981c3271e846c63c55a0092,12673,move,include/Cellerator/compiler/discovery/atom/value_plane_v1.hh,CE-CCP1-E02-010,CE-CCP1-E02-018-GATE,JBC-PROV-MOVE,source-frozen
git@github.com:tumlinso/CellShard.git,main,b9749ad3e5146a04f847533d8c6f1a54146aed20,include/CellShard/compiler/basis/baseline.hpp,773704686d45d74e55988f5b7d8fb5013d16dbd4cab378feea48e280497d76ca,1133,move,include/Cellerator/compiler/composition/basis/baseline.hpp,CE-CCP1-E03-006,CE-CCP1-E03-018-GATE,JBC-PROV-MOVE,source-frozen
git@github.com:tumlinso/CellShard.git,main,b9749ad3e5146a04f847533d8c6f1a54146aed20,include/CellShard/compiler/basis/budget.hpp,c44890911d829ac1f8df7096490dc5f0ade3517ab55e3a0c08402327a0b29651,1246,move,include/Cellerator/compiler/composition/basis/budget.hpp,CE-CCP1-E03-006,CE-CCP1-E03-018-GATE,JBC-PROV-MOVE,source-frozen
git@github.com:tumlinso/CellShard.git,main,b9749ad3e5146a04f847533d8c6f1a54146aed20,include/CellShard/compiler/basis/exact_oracle.hpp,071c220d114893700b169066269511490a4efea0706694e01bfceeb15ac515be,2373,move,include/Cellerator/compiler/composition/basis/exact_oracle.hpp,CE-CCP1-E03-006,CE-CCP1-E03-018-GATE,JBC-PROV-MOVE,source-frozen
git@github.com:tumlinso/CellShard.git,main,b9749ad3e5146a04f847533d8c6f1a54146aed20,include/CellShard/compiler/basis/facility_location.hpp,72d7ff6c93404a73195479bbe45238cb62be6ca7775735fefa7a4fcac4e53ccb,2960,move,include/Cellerator/compiler/composition/basis/facility_location.hpp,CE-CCP1-E03-006,CE-CCP1-E03-018-GATE,JBC-PROV-MOVE,source-frozen
git@github.com:tumlinso/CellShard.git,main,b9749ad3e5146a04f847533d8c6f1a54146aed20,include/CellShard/compiler/basis/greedy.hpp,b5fb1837cafca972c049b571ea57a5dac7c2cc79cc059387edb5eb8c7f363459,1855,move,include/Cellerator/compiler/composition/basis/greedy.hpp,CE-CCP1-E03-006,CE-CCP1-E03-018-GATE,JBC-PROV-MOVE,source-frozen
git@github.com:tumlinso/CellShard.git,main,b9749ad3e5146a04f847533d8c6f1a54146aed20,include/CellShard/compiler/basis/input.hpp,86cbb69c788dcc339aa2025d5090a418047995f9d88c6417d585f07345ff338a,3932,move,include/Cellerator/compiler/composition/basis/input.hpp,CE-CCP1-E03-006,CE-CCP1-E03-018-GATE,JBC-PROV-MOVE,source-frozen
git@github.com:tumlinso/CellShard.git,main,b9749ad3e5146a04f847533d8c6f1a54146aed20,include/CellShard/compiler/basis/manifest.hpp,49bb5835e0087e462ce128a07b1fd54aa89097bfd671ff904292356ed98a0e5e,2238,move,include/Cellerator/compiler/composition/basis/manifest.hpp,CE-CCP1-E03-006,CE-CCP1-E03-018-GATE,JBC-PROV-MOVE,source-frozen
git@github.com:tumlinso/CellShard.git,main,b9749ad3e5146a04f847533d8c6f1a54146aed20,include/CellShard/compiler/basis/membership.hpp,5e99bffe8123e1b24c64e531aeb5804a39c8a2c062cdcc65c7483130af37ba7d,1733,move,include/Cellerator/compiler/composition/basis/membership.hpp,CE-CCP1-E03-006,CE-CCP1-E03-018-GATE,JBC-PROV-MOVE,source-frozen
git@github.com:tumlinso/CellShard.git,main,b9749ad3e5146a04f847533d8c6f1a54146aed20,include/CellShard/compiler/basis/multi_basis.hpp,38165fe36c0901f0fc48219ff405fc26209d907953e0282b8cc63ca3bb9cdb79,1307,move,include/Cellerator/compiler/composition/basis/multi_basis.hpp,CE-CCP1-E03-006,CE-CCP1-E03-018-GATE,JBC-PROV-MOVE,source-frozen
git@github.com:tumlinso/CellShard.git,main,b9749ad3e5146a04f847533d8c6f1a54146aed20,include/CellShard/compiler/basis/overlap.hpp,b5438dc547dd4906903b10f9b74a821c84594be8ee1d9de3e68b92b3df2e95d6,2974,move,include/Cellerator/compiler/composition/basis/overlap.hpp,CE-CCP1-E03-006,CE-CCP1-E03-018-GATE,JBC-PROV-MOVE,source-frozen
git@github.com:tumlinso/CellShard.git,main,b9749ad3e5146a04f847533d8c6f1a54146aed20,include/CellShard/compiler/basis/pareto.hpp,e2f619b6c5cc62cfd8a3ad310c89e5f20bd90748cadfd53c5c2fe75e3a05ef17,2360,move,include/Cellerator/compiler/composition/basis/pareto.hpp,CE-CCP1-E03-006,CE-CCP1-E03-018-GATE,JBC-PROV-MOVE,source-frozen
git@github.com:tumlinso/CellShard.git,main,b9749ad3e5146a04f847533d8c6f1a54146aed20,include/CellShard/compiler/basis/promotion.hpp,1929b058a20401d974f1ec15141462ba35a92f1aefa46731bb1c199a994afc38,3197,move,include/Cellerator/compiler/composition/basis/promotion.hpp,CE-CCP1-E03-006,CE-CCP1-E03-018-GATE,JBC-PROV-MOVE,source-frozen
git@github.com:tumlinso/CellShard.git,main,b9749ad3e5146a04f847533d8c6f1a54146aed20,include/CellShard/compiler/basis/refinement.hpp,ce53507b7079c0a3fa362bc86ad1626a246a87fa5f8dc0c23a3460e0ec6f3db6,1517,move,include/Cellerator/compiler/composition/basis/refinement.hpp,CE-CCP1-E03-006,CE-CCP1-E03-018-GATE,JBC-PROV-MOVE,source-frozen
git@github.com:tumlinso/CellShard.git,main,b9749ad3e5146a04f847533d8c6f1a54146aed20,include/CellShard/compiler/basis/set_cover.hpp,7e286a387b828d0c012087643b1ca485b037670d9d8ff176a893d6ec8e4fd4af,1825,move,include/Cellerator/compiler/composition/basis/set_cover.hpp,CE-CCP1-E03-006,CE-CCP1-E03-018-GATE,JBC-PROV-MOVE,source-frozen
git@github.com:tumlinso/CellShard.git,main,b9749ad3e5146a04f847533d8c6f1a54146aed20,include/CellShard/compiler/basis/split_merge.hpp,226dac747e944a56a7054a4e6eb1aad6ba19feaef32f9f520b29258b69341cd9,1509,move,include/Cellerator/compiler/composition/basis/split_merge.hpp,CE-CCP1-E03-006,CE-CCP1-E03-018-GATE,JBC-PROV-MOVE,source-frozen
git@github.com:tumlinso/CellShard.git,main,b9749ad3e5146a04f847533d8c6f1a54146aed20,include/CellShard/compiler/basis/swap.hpp,b8c9fa1de9e50d145e5ebf236be90a7f9aae15cb92a3dd24af87c91e6b91a343,1301,move,include/Cellerator/compiler/composition/basis/swap.hpp,CE-CCP1-E03-006,CE-CCP1-E03-018-GATE,JBC-PROV-MOVE,source-frozen
git@github.com:tumlinso/CellShard.git,main,b9749ad3e5146a04f847533d8c6f1a54146aed20,include/CellShard/compiler/basis/utility.hpp,3aea0fd8ea3fbfe212616141a82eabce93d454f1c7565c655c5f369786f56b3c,1511,move,include/Cellerator/compiler/composition/basis/utility.hpp,CE-CCP1-E03-006,CE-CCP1-E03-018-GATE,JBC-PROV-MOVE,source-frozen
git@github.com:tumlinso/CellShard.git,main,b9749ad3e5146a04f847533d8c6f1a54146aed20,include/CellShard/compiler/certification/atom_certification_v1.hh,19ff9b3236d05a976ae3351a6cfb92b14b3eea85bf77d2be54c0ae79dcab6122,8070,move,include/Cellerator/compiler/discovery/certification/atom_certification_v1.hh,CE-CCP1-E02-009,CE-CCP1-E02-018-GATE,JBC-PROV-MOVE,source-frozen
git@github.com:tumlinso/CellShard.git,main,b9749ad3e5146a04f847533d8c6f1a54146aed20,include/CellShard/compiler/certification/canonical_domain_v1.hh,d7a2a2c42693a7041b54246660032cbca8526f279fd28ae75b53a7a1df1aad10,7993,move,include/Cellerator/compiler/discovery/certification/canonical_domain_v1.hh,CE-CCP1-E02-009,CE-CCP1-E02-018-GATE,JBC-PROV-MOVE,source-frozen
git@github.com:tumlinso/CellShard.git,main,b9749ad3e5146a04f847533d8c6f1a54146aed20,include/CellShard/compiler/certification/contribution_owner_v1.hh,2fe858196751422000fbfd7feaad982a9fd06913d9670eb20935a9c2c5f92d49,4504,move,include/Cellerator/compiler/discovery/certification/contribution_owner_v1.hh,CE-CCP1-E02-009,CE-CCP1-E02-018-GATE,JBC-PROV-MOVE,source-frozen
git@github.com:tumlinso/CellShard.git,main,b9749ad3e5146a04f847533d8c6f1a54146aed20,include/CellShard/compiler/certification/dependency_closure_v1.hh,7d7e35f01828bd03837af19cd9fea0da8e2689cf3100344aceb2da3087714da1,7491,move,include/Cellerator/compiler/discovery/certification/dependency_closure_v1.hh,CE-CCP1-E02-009,CE-CCP1-E02-018-GATE,JBC-PROV-MOVE,source-frozen
git@github.com:tumlinso/CellShard.git,main,b9749ad3e5146a04f847533d8c6f1a54146aed20,include/CellShard/compiler/certification/duplicate_detection_v1.hh,f8daa469bc9579f0e815bd45c5241734bcde2f163675da37ee31e30516f6d6a9,7053,move,include/Cellerator/compiler/discovery/certification/duplicate_detection_v1.hh,CE-CCP1-E02-009,CE-CCP1-E02-018-GATE,JBC-PROV-MOVE,source-frozen
git@github.com:tumlinso/CellShard.git,main,b9749ad3e5146a04f847533d8c6f1a54146aed20,include/CellShard/compiler/certification/entity_coverage_v1.hh,c918fbd27b7e55dc39807b61732952441b494ac31780bfc144d75ef354d2fab0,4972,move,include/Cellerator/compiler/discovery/certification/entity_coverage_v1.hh,CE-CCP1-E02-009,CE-CCP1-E02-018-GATE,JBC-PROV-MOVE,source-frozen
git@github.com:tumlinso/CellShard.git,main,b9749ad3e5146a04f847533d8c6f1a54146aed20,include/CellShard/compiler/certification/exact_atom_certificate_v1.hh,5764ed1b07585b8e54c60ed17c0ebf61a6bd5ce67a891cc716b09215d04d7af3,8605,move,include/Cellerator/compiler/discovery/certification/exact_atom_certificate_v1.hh,CE-CCP1-E02-009,CE-CCP1-E02-018-GATE,JBC-PROV-MOVE,source-frozen
git@github.com:tumlinso/CellShard.git,main,b9749ad3e5146a04f847533d8c6f1a54146aed20,include/CellShard/compiler/certification/independent_verifier_v1.hh,819934e2a30a3a11cfb2304a4fa64238d84ae793013684ac1df728a32d0b90ff,13583,move,include/Cellerator/compiler/discovery/certification/independent_verifier_v1.hh,CE-CCP1-E02-009,CE-CCP1-E02-018-GATE,JBC-PROV-MOVE,source-frozen
git@github.com:tumlinso/CellShard.git,main,b9749ad3e5146a04f847533d8c6f1a54146aed20,include/CellShard/compiler/certification/local_identity_map_v1.hh,8e1a587c3d74aaee97e8ce1d2450be443c5f33d99be14284c4332230ea8fa3cb,9054,move,include/Cellerator/compiler/discovery/certification/local_identity_map_v1.hh,CE-CCP1-E02-009,CE-CCP1-E02-018-GATE,JBC-PROV-MOVE,source-frozen
git@github.com:tumlinso/CellShard.git,main,b9749ad3e5146a04f847533d8c6f1a54146aed20,include/CellShard/compiler/certification/multimodal_mapping_v1.hh,b286d5657383d16753ff4da7e960737b924dc87269614b5d8b3c87baf1951a69,6182,move,include/Cellerator/compiler/discovery/certification/multimodal_mapping_v1.hh,CE-CCP1-E02-009,CE-CCP1-E02-018-GATE,JBC-PROV-MOVE,source-frozen
git@github.com:tumlinso/CellShard.git,main,b9749ad3e5146a04f847533d8c6f1a54146aed20,include/CellShard/compiler/certification/partial_result_compatibility_v1.hh,d7dca671ee20f7c89a8edba5df48984b9cc8d3fd6cfbb1350802cfdf0566bfcd,6033,move,include/Cellerator/compiler/discovery/certification/partial_result_compatibility_v1.hh,CE-CCP1-E02-009,CE-CCP1-E02-018-GATE,JBC-PROV-MOVE,source-frozen
git@github.com:tumlinso/CellShard.git,main,b9749ad3e5146a04f847533d8c6f1a54146aed20,include/CellShard/compiler/certification/physical_replica_v1.hh,e024015a477c7908ec3b5152ca5eb0d4567800e88c645796c1cbd437fbc90633,4440,move,include/Cellerator/compiler/discovery/certification/physical_replica_v1.hh,CE-CCP1-E02-009,CE-CCP1-E02-018-GATE,JBC-PROV-MOVE,source-frozen
git@github.com:tumlinso/CellShard.git,main,b9749ad3e5146a04f847533d8c6f1a54146aed20,include/CellShard/compiler/certification/read_only_halo_v1.hh,b49a08061ba7c11d3ea325be873197ab9999b429828d579b4dbdbf966f7ffe2f,2610,move,include/Cellerator/compiler/discovery/certification/read_only_halo_v1.hh,CE-CCP1-E02-009,CE-CCP1-E02-018-GATE,JBC-PROV-MOVE,source-frozen
git@github.com:tumlinso/CellShard.git,main,b9749ad3e5146a04f847533d8c6f1a54146aed20,include/CellShard/compiler/certification/relation_edge_coverage_v1.hh,b308a4a1d484896b785b0e8071309b72dac33ccbe775cc0f5123887d28f66603,4156,move,include/Cellerator/compiler/discovery/certification/relation_edge_coverage_v1.hh,CE-CCP1-E02-009,CE-CCP1-E02-018-GATE,JBC-PROV-MOVE,source-frozen
git@github.com:tumlinso/CellShard.git,main,b9749ad3e5146a04f847533d8c6f1a54146aed20,include/CellShard/compiler/certification/residual_coverage_v1.hh,17edec8dcb2c86174f45abfc649311f68e6f4f29ad9a0a6a75381a25236b4dc1,4904,move,include/Cellerator/compiler/discovery/certification/residual_coverage_v1.hh,CE-CCP1-E02-009,CE-CCP1-E02-018-GATE,JBC-PROV-MOVE,source-frozen
git@github.com:tumlinso/CellShard.git,main,b9749ad3e5146a04f847533d8c6f1a54146aed20,include/CellShard/compiler/certification/trajectory_lineage_v1.hh,b82cc39a8fb50e5604039b03710ebd0597c6b1e539513f2bf864f2b871ad3389,8131,move,include/Cellerator/compiler/discovery/certification/trajectory_lineage_v1.hh,CE-CCP1-E02-009,CE-CCP1-E02-018-GATE,JBC-PROV-MOVE,source-frozen
git@github.com:tumlinso/CellShard.git,main,b9749ad3e5146a04f847533d8c6f1a54146aed20,include/CellShard/compiler/composition/coverage_difference_v1.hh,d33b57548b3f22f811b18a047d6bdeac0629132bd0fb112a767544b0512a9b0b,2410,move,include/Cellerator/compiler/composition/coverage_difference_v1.hh,CE-CCP1-E03-001,CE-CCP1-E03-018-GATE,JBC-PROV-MOVE,source-frozen
git@github.com:tumlinso/CellShard.git,main,b9749ad3e5146a04f847533d8c6f1a54146aed20,include/CellShard/compiler/composition/coverage_intersection_v1.hh,4ba7807b4873319e5c73fe8cac400bd31062cfb19d19fcc01359c6aa1174836d,2367,move,include/Cellerator/compiler/composition/coverage_intersection_v1.hh,CE-CCP1-E03-001,CE-CCP1-E03-018-GATE,JBC-PROV-MOVE,source-frozen
git@github.com:tumlinso/CellShard.git,main,b9749ad3e5146a04f847533d8c6f1a54146aed20,include/CellShard/compiler/composition/coverage_v1.hh,f444f26a2ea4e5a60f229a071081614c7733907fab3e0a8535c10a295ccf71f7,5298,split,Cellerator+CellShard:assigned-by-CE-CCP1-E03-001,CE-CCP1-E03-001,CE-CCP1-E03-018-GATE,JBC-PROV-SPLIT,source-frozen
git@github.com:tumlinso/CellShard.git,main,b9749ad3e5146a04f847533d8c6f1a54146aed20,include/CellShard/compiler/composition/derivation_dag_v1.hh,885ff775e80e8a18488bf3506a635940b7dbb2929c5696d062f36bbf90d1ef88,8558,retire after replacement proof,include/Cellerator/compiler/composition/derivation_dag_v1.hh,CE-CCP1-E03-002,CE-CCP1-E03-018-GATE,JBC-PROV-RETIRE-AFTER-REPLACEMENT-PROOF,source-frozen
git@github.com:tumlinso/CellShard.git,main,b9749ad3e5146a04f847533d8c6f1a54146aed20,include/CellShard/compiler/composition/destination_merge_v1.hh,fcd812d024eb3faf580ba7358b4b483451a126209f257bcea40f34461f9fb41b,4957,move,include/Cellerator/compiler/composition/destination_merge_v1.hh,CE-CCP1-E03-001,CE-CCP1-E03-018-GATE,JBC-PROV-MOVE,source-frozen
git@github.com:tumlinso/CellShard.git,main,b9749ad3e5146a04f847533d8c6f1a54146aed20,include/CellShard/compiler/composition/grammar_symbol_v1.hh,d3f2894863b1d2be06f11d4b0befb57d9dd15c787c4b9b653871fa454bb14f45,8306,split,Cellerator+CellShard:assigned-by-CE-CCP1-E03-001,CE-CCP1-E03-001,CE-CCP1-E03-018-GATE,JBC-PROV-SPLIT,source-frozen
git@github.com:tumlinso/CellShard.git,main,b9749ad3e5146a04f847533d8c6f1a54146aed20,include/CellShard/compiler/composition/halo_extension_v1.hh,702b0a0d022a141402ebc5c40e6d176fe2f17c54eb398b0333236c8c398fe5e4,4477,move,include/Cellerator/compiler/composition/halo_extension_v1.hh,CE-CCP1-E03-001,CE-CCP1-E03-018-GATE,JBC-PROV-MOVE,source-frozen
git@github.com:tumlinso/CellShard.git,main,b9749ad3e5146a04f847533d8c6f1a54146aed20,include/CellShard/compiler/composition/identity_spine_join_v1.hh,b181086c4f17978041386ce8336de0d297d8a7b2ad1a938c95174893ad77b601,5046,split,Cellerator+CellShard:assigned-by-CE-CCP1-E03-001,CE-CCP1-E03-001,CE-CCP1-E03-018-GATE,JBC-PROV-SPLIT,source-frozen
git@github.com:tumlinso/CellShard.git,main,b9749ad3e5146a04f847533d8c6f1a54146aed20,include/CellShard/compiler/composition/multimodal_join_v1.hh,d633b7b40d3cffc76c7e42174d0f11a9d9a6f3369b16930e1a19ef3806d95214,4207,move,include/Cellerator/compiler/composition/multimodal_join_v1.hh,CE-CCP1-E03-001,CE-CCP1-E03-018-GATE,JBC-PROV-MOVE,source-frozen
git@github.com:tumlinso/CellShard.git,main,b9749ad3e5146a04f847533d8c6f1a54146aed20,include/CellShard/compiler/composition/ordered_concatenation_v1.hh,55c65005da6739c67b565e3aeaf4bee31ebabc817fb4c2d62c40788c87b61c1d,4517,move,include/Cellerator/compiler/composition/ordered_concatenation_v1.hh,CE-CCP1-E03-001,CE-CCP1-E03-018-GATE,JBC-PROV-MOVE,source-frozen
git@github.com:tumlinso/CellShard.git,main,b9749ad3e5146a04f847533d8c6f1a54146aed20,include/CellShard/compiler/composition/overlay_application_v1.hh,bd0bcd727682b3079673ba7d74868f1cd36d1f69374193817bbee7accb67d96a,5066,move,include/Cellerator/compiler/composition/overlay_application_v1.hh,CE-CCP1-E03-001,CE-CCP1-E03-018-GATE,JBC-PROV-MOVE,source-frozen
git@github.com:tumlinso/CellShard.git,main,b9749ad3e5146a04f847533d8c6f1a54146aed20,include/CellShard/compiler/composition/parameter_binding_v1.hh,3035ffe43f15d752ad648df054ba6f994bc91c3970e1930412f2530185dce8e6,5326,move,include/Cellerator/compiler/composition/parameter_binding_v1.hh,CE-CCP1-E03-001,CE-CCP1-E03-018-GATE,JBC-PROV-MOVE,source-frozen
git@github.com:tumlinso/CellShard.git,main,b9749ad3e5146a04f847533d8c6f1a54146aed20,include/CellShard/compiler/composition/partial_result_combination_v1.hh,e0a08a8f120a0a96a434d4e45030a618ac7d0fd5027888a6a3676fd4aea448ed,4418,move,include/Cellerator/compiler/composition/partial_result_combination_v1.hh,CE-CCP1-E03-001,CE-CCP1-E03-018-GATE,JBC-PROV-MOVE,source-frozen
git@github.com:tumlinso/CellShard.git,main,b9749ad3e5146a04f847533d8c6f1a54146aed20,include/CellShard/compiler/composition/persistent_order_link_v1.hh,ba06d901790273837250140ad7ede60906da7287e4173ede56126b17cbb23966,5453,split,Cellerator+CellShard:assigned-by-CE-CCP1-E03-001,CE-CCP1-E03-001,CE-CCP1-E03-018-GATE,JBC-PROV-SPLIT,source-frozen
git@github.com:tumlinso/CellShard.git,main,b9749ad3e5146a04f847533d8c6f1a54146aed20,include/CellShard/compiler/composition/physical_view_addition_v1.hh,7545a797d38f83f3a3dd7b1e2affbe18ab78cdabbcd91549418b60c22be77ee6,4714,split,Cellerator+CellShard:assigned-by-CE-CCP1-E03-001,CE-CCP1-E03-001,CE-CCP1-E03-018-GATE,JBC-PROV-SPLIT,source-frozen
git@github.com:tumlinso/CellShard.git,main,b9749ad3e5146a04f847533d8c6f1a54146aed20,include/CellShard/compiler/composition/prefix_composition_v1.hh,82af37a6692152bd3c2f8b45d22f6fab1ace303a63e801b4255f54644c20c4ad,6552,move,include/Cellerator/compiler/composition/prefix_composition_v1.hh,CE-CCP1-E03-001,CE-CCP1-E03-018-GATE,JBC-PROV-MOVE,source-frozen
git@github.com:tumlinso/CellShard.git,main,b9749ad3e5146a04f847533d8c6f1a54146aed20,include/CellShard/compiler/composition/production_identity_v1.hh,8afb458288e9ed68748ca40cccba2b087392a431a52eb1f32ebe4ee49758867a,5266,split,Cellerator+CellShard:assigned-by-CE-CCP1-E03-001,CE-CCP1-E03-001,CE-CCP1-E03-018-GATE,JBC-PROV-SPLIT,source-frozen
git@github.com:tumlinso/CellShard.git,main,b9749ad3e5146a04f847533d8c6f1a54146aed20,include/CellShard/compiler/composition/projection_packing_v1.hh,e8b94bb0d44fd1896757e531974ce30335c4729d6afcf879639d741ec9bde7cd,3789,move,include/Cellerator/compiler/composition/projection_packing_v1.hh,CE-CCP1-E03-001,CE-CCP1-E03-018-GATE,JBC-PROV-MOVE,source-frozen
git@github.com:tumlinso/CellShard.git,main,b9749ad3e5146a04f847533d8c6f1a54146aed20,include/CellShard/compiler/composition/relation_bundle_v1.hh,c959707937b9743ce770da41cf58b2d3a3f0d9ebdbfb3fbf39907d291d602c54,3131,move,include/Cellerator/compiler/composition/relation_bundle_v1.hh,CE-CCP1-E03-001,CE-CCP1-E03-018-GATE,JBC-PROV-MOVE,source-frozen
git@github.com:tumlinso/CellShard.git,main,b9749ad3e5146a04f847533d8c6f1a54146aed20,include/CellShard/compiler/composition/relation_merge_v1.hh,9466e122d17876e0913a2a1c027cd89faa4e563398d051925254171936aae657,6401,split,Cellerator+CellShard:assigned-by-CE-CCP1-E03-001,CE-CCP1-E03-001,CE-CCP1-E03-018-GATE,JBC-PROV-SPLIT,source-frozen
git@github.com:tumlinso/CellShard.git,main,b9749ad3e5146a04f847533d8c6f1a54146aed20,include/CellShard/compiler/composition/segment_alignment_v1.hh,9e75ba4358f67d95dc7ca5dec2011acbfa48b1b35cd6a88574e261a2fc6431f0,5377,split,Cellerator+CellShard:assigned-by-CE-CCP1-E03-001,CE-CCP1-E03-001,CE-CCP1-E03-018-GATE,JBC-PROV-SPLIT,source-frozen
git@github.com:tumlinso/CellShard.git,main,b9749ad3e5146a04f847533d8c6f1a54146aed20,include/CellShard/compiler/composition/superatom/benchmark.hpp,24190e5f5f3b446d725fa4aec1a30318a4c48a8738294adf2ae85f85069f10ca,2445,move,include/Cellerator/compiler/composition/superatom/benchmark.hpp,CE-CCP1-E03-008,CE-CCP1-E03-018-GATE,JBC-PROV-MOVE,source-frozen
git@github.com:tumlinso/CellShard.git,main,b9749ad3e5146a04f847533d8c6f1a54146aed20,include/CellShard/compiler/composition/superatom/candidate.hpp,e70a712ef85f0341703c54fbce1b374cc4dcd0bb16f10b45f502f6e6f040111c,2021,move,include/Cellerator/compiler/composition/superatom/candidate.hpp,CE-CCP1-E03-008,CE-CCP1-E03-018-GATE,JBC-PROV-MOVE,source-frozen
git@github.com:tumlinso/CellShard.git,main,b9749ad3e5146a04f847533d8c6f1a54146aed20,include/CellShard/compiler/composition/superatom/cost.hpp,c92cf28b32a7a27ae2abd58e7d2d2c349a3055b725ace54241e193b470891aa6,1407,move,include/Cellerator/compiler/composition/superatom/cost.hpp,CE-CCP1-E03-008,CE-CCP1-E03-018-GATE,JBC-PROV-MOVE,source-frozen
git@github.com:tumlinso/CellShard.git,main,b9749ad3e5146a04f847533d8c6f1a54146aed20,include/CellShard/compiler/composition/superatom/evolution.hpp,d18d1e2145ea73668da53af4660ab5a3e5aaa584e5ea1aac6e960d0af870d592,2985,move,include/Cellerator/compiler/composition/superatom/evolution.hpp,CE-CCP1-E03-008,CE-CCP1-E03-018-GATE,JBC-PROV-MOVE,source-frozen
git@github.com:tumlinso/CellShard.git,main,b9749ad3e5146a04f847533d8c6f1a54146aed20,include/CellShard/compiler/composition/superatom/lifecycle.hpp,c97019ca917b8e2b8e6ef56920460bc8cae6c188e0021a86aee2291367367028,2507,move,include/Cellerator/compiler/composition/superatom/lifecycle.hpp,CE-CCP1-E03-008,CE-CCP1-E03-018-GATE,JBC-PROV-MOVE,source-frozen
git@github.com:tumlinso/CellShard.git,main,b9749ad3e5146a04f847533d8c6f1a54146aed20,include/CellShard/compiler/composition/superatom/membership.hpp,9f638ed444ee6c76cd50a8d40e6733bf8551ee81e9343af72c60771da46aefc4,2293,move,include/Cellerator/compiler/composition/superatom/membership.hpp,CE-CCP1-E03-008,CE-CCP1-E03-018-GATE,JBC-PROV-MOVE,source-frozen
git@github.com:tumlinso/CellShard.git,main,b9749ad3e5146a04f847533d8c6f1a54146aed20,include/CellShard/compiler/composition/superatom/statistics.hpp,206cd67664b1d035ccaac43909b68594cddfc65a4202e61ac879106ee13e3847,1595,move,include/Cellerator/compiler/composition/superatom/statistics.hpp,CE-CCP1-E03-008,CE-CCP1-E03-018-GATE,JBC-PROV-MOVE,source-frozen
git@github.com:tumlinso/CellShard.git,main,b9749ad3e5146a04f847533d8c6f1a54146aed20,include/CellShard/compiler/composition/support_union_v1.hh,106064e40a4b92c7ac1a9d511c77ea9b38d85ed5a94bfc0f2b19efe31b89c39f,2831,move,include/Cellerator/compiler/composition/support_union_v1.hh,CE-CCP1-E03-001,CE-CCP1-E03-018-GATE,JBC-PROV-MOVE,source-frozen
git@github.com:tumlinso/CellShard.git,main,b9749ad3e5146a04f847533d8c6f1a54146aed20,include/CellShard/compiler/composition/transpose_overlay_v1.hh,042923a7c3f4d6c97e00eef7bf60aae21feea19bd9cabd343a97e55e894df6c8,3430,move,include/Cellerator/compiler/composition/transpose_overlay_v1.hh,CE-CCP1-E03-001,CE-CCP1-E03-018-GATE,JBC-PROV-MOVE,source-frozen
git@github.com:tumlinso/CellShard.git,main,b9749ad3e5146a04f847533d8c6f1a54146aed20,include/CellShard/compiler/composition/value_plane_substitution_v1.hh,66822f5c996939cfc9efd5230a55823678b194b0226d9b8534505e5567f9c381,4116,move,include/Cellerator/compiler/composition/value_plane_substitution_v1.hh,CE-CCP1-E03-001,CE-CCP1-E03-018-GATE,JBC-PROV-MOVE,source-frozen
git@github.com:tumlinso/CellShard.git,main,b9749ad3e5146a04f847533d8c6f1a54146aed20,include/CellShard/compiler/discovery/bicluster/alternating_expansion_v1.hh,af88a534fbc35e047b92e0267ab45c2ed8b1884097b70eaa8b42e34586ad1ce3,8870,move,include/Cellerator/compiler/discovery/bicluster/alternating_expansion_v1.hh,CE-CCP1-E02-008,CE-CCP1-E02-018-GATE,JBC-PROV-MOVE,source-frozen
git@github.com:tumlinso/CellShard.git,main,b9749ad3e5146a04f847533d8c6f1a54146aed20,include/CellShard/compiler/discovery/bicluster/benchmark_cases_v1.hh,2a1017ca746133103d236b26fcef1faefcf71069f31842c9d0983627b3a989d8,6266,move,include/Cellerator/compiler/discovery/bicluster/benchmark_cases_v1.hh,CE-CCP1-E02-008,CE-CCP1-E02-018-GATE,JBC-PROV-MOVE,source-frozen
git@github.com:tumlinso/CellShard.git,main,b9749ad3e5146a04f847533d8c6f1a54146aed20,include/CellShard/compiler/discovery/bicluster/exact_census_v1.hh,7346cafa6b356f245bcb3ec89ab44d2c1a70ef4066173cb7389d6faa4d539cca,4967,move,include/Cellerator/compiler/discovery/bicluster/exact_census_v1.hh,CE-CCP1-E02-008,CE-CCP1-E02-018-GATE,JBC-PROV-MOVE,source-frozen
git@github.com:tumlinso/CellShard.git,main,b9749ad3e5146a04f847533d8c6f1a54146aed20,include/CellShard/compiler/discovery/bicluster/marginal_cost_v1.hh,2e8e7024bd949b60ad1a41512e04a1756d397d959503d9325ad50c265be4870e,5086,move,include/Cellerator/compiler/discovery/bicluster/marginal_cost_v1.hh,CE-CCP1-E02-008,CE-CCP1-E02-018-GATE,JBC-PROV-MOVE,source-frozen
git@github.com:tumlinso/CellShard.git,main,b9749ad3e5146a04f847533d8c6f1a54146aed20,include/CellShard/compiler/discovery/bicluster/overlapping_proposals_v1.hh,66efe97a1fcf3dce222378e59652fedfff3a3f59925d16998fa0e9c90f1697e6,5618,move,include/Cellerator/compiler/discovery/bicluster/overlapping_proposals_v1.hh,CE-CCP1-E02-008,CE-CCP1-E02-018-GATE,JBC-PROV-MOVE,source-frozen
git@github.com:tumlinso/CellShard.git,main,b9749ad3e5146a04f847533d8c6f1a54146aed20,include/CellShard/compiler/discovery/bicluster/provider_v1.hh,e136f57ce82eca5a6e6f749a3203817b95b806a2858d94a1cea1f8ecf0ffd5a4,5664,move,include/Cellerator/compiler/discovery/bicluster/provider_v1.hh,CE-CCP1-E02-008,CE-CCP1-E02-018-GATE,JBC-PROV-MOVE,source-frozen
git@github.com:tumlinso/CellShard.git,main,b9749ad3e5146a04f847533d8c6f1a54146aed20,include/CellShard/compiler/discovery/bicluster/seed_rectangles_v1.hh,38ef654263742e441efa91239e0c3f345b259aefba0f266b7eb59b2cc6defb2c,4713,move,include/Cellerator/compiler/discovery/bicluster/seed_rectangles_v1.hh,CE-CCP1-E02-008,CE-CCP1-E02-018-GATE,JBC-PROV-MOVE,source-frozen
git@github.com:tumlinso/CellShard.git,main,b9749ad3e5146a04f847533d8c6f1a54146aed20,include/CellShard/compiler/discovery/bicluster/spectral_coclustering_v1.hh,30d2c674f3a931da4ffd0648c15ebcc0533ad101ab907fbbfc4b80d7065820d8,9116,move,include/Cellerator/compiler/discovery/bicluster/spectral_coclustering_v1.hh,CE-CCP1-E02-008,CE-CCP1-E02-018-GATE,JBC-PROV-MOVE,source-frozen
git@github.com:tumlinso/CellShard.git,main,b9749ad3e5146a04f847533d8c6f1a54146aed20,include/CellShard/compiler/discovery/co_support/affinity_evidence_image_v1.hh,fcb1fcec8ecf017d9fcbe169425b97a80d219ed585fa49f55ad96242887bd80b,8480,move,include/Cellerator/compiler/discovery/co_support/affinity_evidence_image_v1.hh,CE-CCP1-E02-004,CE-CCP1-E02-018-GATE,JBC-PROV-MOVE,source-frozen
git@github.com:tumlinso/CellShard.git,main,b9749ad3e5146a04f847533d8c6f1a54146aed20,include/CellShard/compiler/discovery/co_support/affinity_stability_v1.hh,234781f89546d49f061ba9d587ba767568658c631dc46b55b40dbabf86719c7c,6089,move,include/Cellerator/compiler/discovery/co_support/affinity_stability_v1.hh,CE-CCP1-E02-004,CE-CCP1-E02-018-GATE,JBC-PROV-MOVE,source-frozen
git@github.com:tumlinso/CellShard.git,main,b9749ad3e5146a04f847533d8c6f1a54146aed20,include/CellShard/compiler/discovery/co_support/exact_group_rescan_v1.hh,714ea096775c311f4d0a5292682caa8aebceaa06cc133747cef46b8760eab346,7555,move,include/Cellerator/compiler/discovery/co_support/exact_group_rescan_v1.hh,CE-CCP1-E02-004,CE-CCP1-E02-018-GATE,JBC-PROV-MOVE,source-frozen
git@github.com:tumlinso/CellShard.git,main,b9749ad3e5146a04f847533d8c6f1a54146aed20,include/CellShard/compiler/discovery/co_support/normalized_association_v1.hh,263c00e09befab16a3ae2646e350d11c9a85e4d632f8e9049f1efefe6c988f61,3555,move,include/Cellerator/compiler/discovery/co_support/normalized_association_v1.hh,CE-CCP1-E02-004,CE-CCP1-E02-018-GATE,JBC-PROV-MOVE,source-frozen
git@github.com:tumlinso/CellShard.git,main,b9749ad3e5146a04f847533d8c6f1a54146aed20,include/CellShard/compiler/discovery/co_support/pair_sampling_v1.hh,2469ed2925ead6a73948b5a4fe33b434c208551892b5cde50173a3b2ae241434,4982,move,include/Cellerator/compiler/discovery/co_support/pair_sampling_v1.hh,CE-CCP1-E02-004,CE-CCP1-E02-018-GATE,JBC-PROV-MOVE,source-frozen
git@github.com:tumlinso/CellShard.git,main,b9749ad3e5146a04f847533d8c6f1a54146aed20,include/CellShard/compiler/discovery/co_support/raw_co_support_v1.hh,6e1f56f938ef3cd100e55989a3c3f96533b7254984e937c541c47f490b966377,3643,move,include/Cellerator/compiler/discovery/co_support/raw_co_support_v1.hh,CE-CCP1-E02-004,CE-CCP1-E02-018-GATE,JBC-PROV-MOVE,source-frozen
git@github.com:tumlinso/CellShard.git,main,b9749ad3e5146a04f847533d8c6f1a54146aed20,include/CellShard/compiler/discovery/co_support/relation_statistics_v1.hh,d6bc820758b4faa3b7936af4590f0b45aa64e6bf8eed5a72fa49d00f2f53f6e5,4194,move,include/Cellerator/compiler/discovery/co_support/relation_statistics_v1.hh,CE-CCP1-E02-004,CE-CCP1-E02-018-GATE,JBC-PROV-MOVE,source-frozen
git@github.com:tumlinso/CellShard.git,main,b9749ad3e5146a04f847533d8c6f1a54146aed20,include/CellShard/compiler/discovery/co_support/stratum_affinity_v1.hh,1079efbb4b6115f1b2af3b2636741305b8620269793a7095fc0c801d6c61f476,6248,move,include/Cellerator/compiler/discovery/co_support/stratum_affinity_v1.hh,CE-CCP1-E02-004,CE-CCP1-E02-018-GATE,JBC-PROV-MOVE,source-frozen
git@github.com:tumlinso/CellShard.git,main,b9749ad3e5146a04f847533d8c6f1a54146aed20,include/CellShard/compiler/discovery/co_support/top_l_affinity_v1.hh,b2fadfa2fa9dbc95343ffc06aa00ea1d96056ceba299b83af7ab5062a5283e37,6467,move,include/Cellerator/compiler/discovery/co_support/top_l_affinity_v1.hh,CE-CCP1-E02-004,CE-CCP1-E02-018-GATE,JBC-PROV-MOVE,source-frozen
git@github.com:tumlinso/CellShard.git,main,b9749ad3e5146a04f847533d8c6f1a54146aed20,include/CellShard/compiler/discovery/co_support/weighted_co_support_v1.hh,61e18c4a2c1fad5bc0371a91d8c4b153b4d0b24c20ac67b210745c8892ffc269,5656,move,include/Cellerator/compiler/discovery/co_support/weighted_co_support_v1.hh,CE-CCP1-E02-004,CE-CCP1-E02-018-GATE,JBC-PROV-MOVE,source-frozen
git@github.com:tumlinso/CellShard.git,main,b9749ad3e5146a04f847533d8c6f1a54146aed20,include/CellShard/compiler/discovery/factor_topic/candidate_generation_v1.hh,e416c8fa78e1d502122e7f3e071407c3aa7202cd8d293841e14448315a4476d2,7653,move,include/Cellerator/compiler/discovery/factor_topic/candidate_generation_v1.hh,CE-CCP1-E02-008,CE-CCP1-E02-018-GATE,JBC-PROV-MOVE,source-frozen
git@github.com:tumlinso/CellShard.git,main,b9749ad3e5146a04f847533d8c6f1a54146aed20,include/CellShard/compiler/discovery/factor_topic/exact_coverage_v1.hh,529e5aa0f5a6b8ef8cdd0ff548e4057ec64d4cfcfee038899acb0e10e477eecc,11426,move,include/Cellerator/compiler/discovery/factor_topic/exact_coverage_v1.hh,CE-CCP1-E02-008,CE-CCP1-E02-018-GATE,JBC-PROV-MOVE,source-frozen
git@github.com:tumlinso/CellShard.git,main,b9749ad3e5146a04f847533d8c6f1a54146aed20,include/CellShard/compiler/discovery/factor_topic/execution_utility_v1.hh,19aad7655945d90f12105dfe1dca66103a60de75f52a952a8cf6f48bd7a33cb6,5766,move,include/Cellerator/compiler/discovery/factor_topic/execution_utility_v1.hh,CE-CCP1-E02-008,CE-CCP1-E02-018-GATE,JBC-PROV-MOVE,source-frozen
git@github.com:tumlinso/CellShard.git,main,b9749ad3e5146a04f847533d8c6f1a54146aed20,include/CellShard/compiler/discovery/factor_topic/external_evidence_adapter_v1.hh,76637a9b7bc0f22ab077260f00bbdbb1a714f19c1af7bfc9a9598c7fae5f9dfa,4627,move,include/Cellerator/compiler/discovery/factor_topic/external_evidence_adapter_v1.hh,CE-CCP1-E02-008,CE-CCP1-E02-018-GATE,JBC-PROV-MOVE,source-frozen
git@github.com:tumlinso/CellShard.git,main,b9749ad3e5146a04f847533d8c6f1a54146aed20,include/CellShard/compiler/discovery/factor_topic/internal_experiment_v1.hh,bc5ee51121189f14fc85ee1b320b458714415bdb03d074db2a22d51317fee481,7279,move,include/Cellerator/compiler/discovery/factor_topic/internal_experiment_v1.hh,CE-CCP1-E02-008,CE-CCP1-E02-018-GATE,JBC-PROV-MOVE,source-frozen
git@github.com:tumlinso/CellShard.git,main,b9749ad3e5146a04f847533d8c6f1a54146aed20,include/CellShard/compiler/discovery/factor_topic/soft_membership_store_v1.hh,b16b216c9c7dd50f17c726a2b49418cb72201b87da98bcba9750f6e2a9cf83a7,3513,move,include/Cellerator/compiler/discovery/factor_topic/soft_membership_store_v1.hh,CE-CCP1-E02-008,CE-CCP1-E02-018-GATE,JBC-PROV-MOVE,source-frozen
git@github.com:tumlinso/CellShard.git,main,b9749ad3e5146a04f847533d8c6f1a54146aed20,include/CellShard/compiler/discovery/motif/canonical_encoding_v1.hh,dc3ab5f27a70aaede7a4e9c23d755d0c7e1611e3c54b04b5ca4b8b8a70250c58,7974,move,include/Cellerator/compiler/discovery/motif/canonical_encoding_v1.hh,CE-CCP1-E02-005,CE-CCP1-E02-018-GATE,JBC-PROV-MOVE,source-frozen
git@github.com:tumlinso/CellShard.git,main,b9749ad3e5146a04f847533d8c6f1a54146aed20,include/CellShard/compiler/discovery/motif/exact_atom_candidate_v1.hh,f4cf2e4ab63735dd3038d4036032db1f0437af89c61ebc22e155df9644fd5fa2,8956,move,include/Cellerator/compiler/discovery/motif/exact_atom_candidate_v1.hh,CE-CCP1-E02-005,CE-CCP1-E02-018-GATE,JBC-PROV-MOVE,source-frozen
git@github.com:tumlinso/CellShard.git,main,b9749ad3e5146a04f847533d8c6f1a54146aed20,include/CellShard/compiler/discovery/motif/frequent_fragment_miner_v1.hh,7d01442d389991d1061be46aa6596130bce9a4991fc877781e91ab8724ecef2d,9771,move,include/Cellerator/compiler/discovery/motif/frequent_fragment_miner_v1.hh,CE-CCP1-E02-005,CE-CCP1-E02-018-GATE,JBC-PROV-MOVE,source-frozen
git@github.com:tumlinso/CellShard.git,main,b9749ad3e5146a04f847533d8c6f1a54146aed20,include/CellShard/compiler/discovery/motif/occurrence_enumeration_v1.hh,9a1459f37e8c09cd5b003bec62a4aecabbadbf83f755e97c9d763a4c1e7c1267,9547,move,include/Cellerator/compiler/discovery/motif/occurrence_enumeration_v1.hh,CE-CCP1-E02-005,CE-CCP1-E02-018-GATE,JBC-PROV-MOVE,source-frozen
git@github.com:tumlinso/CellShard.git,main,b9749ad3e5146a04f847533d8c6f1a54146aed20,include/CellShard/compiler/discovery/motif/recurrence_measurement_v1.hh,0a9d74f357d07c7110081c5cf0ab3b5e06b4fcefd4d9d334c86594b26fca1593,6423,move,include/Cellerator/compiler/discovery/motif/recurrence_measurement_v1.hh,CE-CCP1-E02-005,CE-CCP1-E02-018-GATE,JBC-PROV-MOVE,source-frozen
git@github.com:tumlinso/CellShard.git,main,b9749ad3e5146a04f847533d8c6f1a54146aed20,include/CellShard/compiler/discovery/motif/regulatory_baseline_v1.hh,58352b0b51d46382e5f0f7b1a349e84b3d04902144c871c1d77122b7309556ba,6037,move,include/Cellerator/compiler/discovery/motif/regulatory_baseline_v1.hh,CE-CCP1-E02-005,CE-CCP1-E02-018-GATE,JBC-PROV-MOVE,source-frozen
git@github.com:tumlinso/CellShard.git,main,b9749ad3e5146a04f847533d8c6f1a54146aed20,include/CellShard/compiler/discovery/motif/typed_vocabulary_v1.hh,ae4aa89e5efd41e92de6a7a288bfa1f1712a2a0b0da21f97b2788f10d1438930,8029,move,include/Cellerator/compiler/discovery/motif/typed_vocabulary_v1.hh,CE-CCP1-E02-005,CE-CCP1-E02-018-GATE,JBC-PROV-MOVE,source-frozen
git@github.com:tumlinso/CellShard.git,main,b9749ad3e5146a04f847533d8c6f1a54146aed20,include/CellShard/compiler/discovery/multimodal/cross_modal_atom_v1.hh,497e8b3b271aae86baa88288c364e03d5fd83a611da144fcdb32d6f17e51d54e,4523,move,include/Cellerator/compiler/discovery/multimodal/cross_modal_atom_v1.hh,CE-CCP1-E02-007,CE-CCP1-E02-018-GATE,JBC-PROV-MOVE,source-frozen
git@github.com:tumlinso/CellShard.git,main,b9749ad3e5146a04f847533d8c6f1a54146aed20,include/CellShard/compiler/discovery/multimodal/domain_value_overlay_v1.hh,dc35541e30f103954ebd3d4d36b8a2c2588d7995d332f6e2ab94fb9a69a5f2ff,4181,move,include/Cellerator/compiler/discovery/multimodal/domain_value_overlay_v1.hh,CE-CCP1-E02-007,CE-CCP1-E02-018-GATE,JBC-PROV-MOVE,source-frozen
git@github.com:tumlinso/CellShard.git,main,b9749ad3e5146a04f847533d8c6f1a54146aed20,include/CellShard/compiler/discovery/multimodal/entity_alignment_v1.hh,f8afb22ac75d1a4dbc574b9c7d99c5e4e1b6e4d99a3d820d1b2f44d5b7998e98,4429,move,include/Cellerator/compiler/discovery/multimodal/entity_alignment_v1.hh,CE-CCP1-E02-007,CE-CCP1-E02-018-GATE,JBC-PROV-MOVE,source-frozen
git@github.com:tumlinso/CellShard.git,main,b9749ad3e5146a04f847533d8c6f1a54146aed20,include/CellShard/compiler/discovery/multimodal/exact_certification_v1.hh,b467e575a4f6b395721635663c04e24a9b5225efadf80650efca66a3285d9803,5165,move,include/Cellerator/compiler/discovery/multimodal/exact_certification_v1.hh,CE-CCP1-E02-007,CE-CCP1-E02-018-GATE,JBC-PROV-MOVE,source-frozen
git@github.com:tumlinso/CellShard.git,main,b9749ad3e5146a04f847533d8c6f1a54146aed20,include/CellShard/compiler/discovery/multimodal/identity_spine_v1.hh,35e5b691f612e15a1dd583ba465d1b99fe209c98566d32f65d6f57d1b840cb5b,4049,move,include/Cellerator/compiler/discovery/multimodal/identity_spine_v1.hh,CE-CCP1-E02-007,CE-CCP1-E02-018-GATE,JBC-PROV-MOVE,source-frozen
git@github.com:tumlinso/CellShard.git,main,b9749ad3e5146a04f847533d8c6f1a54146aed20,include/CellShard/compiler/discovery/multimodal/modality_missingness_v1.hh,f1227a1142cb931be85dc91049807c44f98427493b9af7a734a60f017bfbea16,5213,move,include/Cellerator/compiler/discovery/multimodal/modality_missingness_v1.hh,CE-CCP1-E02-007,CE-CCP1-E02-018-GATE,JBC-PROV-MOVE,source-frozen
git@github.com:tumlinso/CellShard.git,main,b9749ad3e5146a04f847533d8c6f1a54146aed20,include/CellShard/compiler/discovery/multimodal/multi_payload_atom_v1.hh,dff9f69f3c4d84e532edd6df067c3631332f86846d645cf9a0e9231e7712b1c8,4534,move,include/Cellerator/compiler/discovery/multimodal/multi_payload_atom_v1.hh,CE-CCP1-E02-007,CE-CCP1-E02-018-GATE,JBC-PROV-MOVE,source-frozen
git@github.com:tumlinso/CellShard.git,main,b9749ad3e5146a04f847533d8c6f1a54146aed20,include/CellShard/compiler/discovery/multimodal/persistent_order_proposal_v1.hh,a0cf0ee9bc4b252bc16f3351a967f1ac2310526731a4e588c54f8ac780d88cf8,5650,move,include/Cellerator/compiler/discovery/multimodal/persistent_order_proposal_v1.hh,CE-CCP1-E02-007,CE-CCP1-E02-018-GATE,JBC-PROV-MOVE,source-frozen
git@github.com:tumlinso/CellShard.git,main,b9749ad3e5146a04f847533d8c6f1a54146aed20,include/CellShard/compiler/discovery/multimodal/promotion_gate_v1.hh,351b1b57c996f8858039a9b8eb20eff02371cb994a975175b4444b04d864a53e,5516,move,include/Cellerator/compiler/discovery/multimodal/promotion_gate_v1.hh,CE-CCP1-E02-007,CE-CCP1-E02-018-GATE,JBC-PROV-MOVE,source-frozen
git@github.com:tumlinso/CellShard.git,main,b9749ad3e5146a04f847533d8c6f1a54146aed20,include/CellShard/compiler/discovery/multimodal/shared_destination_bundle_v1.hh,b82e9080d1ed0ac1fb24e3aaa7296179b794db3b42f7c23571c7c8ac0e9802c3,5992,move,include/Cellerator/compiler/discovery/multimodal/shared_destination_bundle_v1.hh,CE-CCP1-E02-007,CE-CCP1-E02-018-GATE,JBC-PROV-MOVE,source-frozen
git@github.com:tumlinso/CellShard.git,main,b9749ad3e5146a04f847533d8c6f1a54146aed20,include/CellShard/compiler/discovery/operation_trace/atom_access_event_v1.hh,1bc510827feaced7fd7fbe707d6bcf86701b258bb0f197c94a83bf6a63e593f7,7606,move,include/Cellerator/compiler/discovery/operation_trace/atom_access_event_v1.hh,CE-CCP1-E02-005,CE-CCP1-E02-018-GATE,JBC-PROV-MOVE,source-frozen
git@github.com:tumlinso/CellShard.git,main,b9749ad3e5146a04f847533d8c6f1a54146aed20,include/CellShard/compiler/discovery/operation_trace/cellerator_identity_adapter_v1.hh,4b71e1aa8bff5d7a09ee4df08285290f0ce4ea17722202d1732ebcfa504226d2,4987,retain as compatibility,include/Cellerator/compiler/discovery/operation_trace/cellerator_identity_adapter_v1.hh,CE-CCP1-E02-015,CE-CCP1-E02-018-GATE,JBC-PROV-RETAIN-AS-COMPATIBILITY,source-frozen
git@github.com:tumlinso/CellShard.git,main,b9749ad3e5146a04f847533d8c6f1a54146aed20,include/CellShard/compiler/discovery/operation_trace/coaccess_heavy_hitters_v1.hh,51cc12d5307a6579f2b78f372401bf309a5bb3c41cabc870954707b29bb85b14,7936,move,include/Cellerator/compiler/discovery/operation_trace/coaccess_heavy_hitters_v1.hh,CE-CCP1-E02-005,CE-CCP1-E02-018-GATE,JBC-PROV-MOVE,source-frozen
git@github.com:tumlinso/CellShard.git,main,b9749ad3e5146a04f847533d8c6f1a54146aed20,include/CellShard/compiler/discovery/operation_trace/graph_family_fragment_v1.hh,662a647f48691049b3653993d8bb4c7ec059aa7350523435b75b454fc53cde10,7726,move,include/Cellerator/compiler/discovery/operation_trace/graph_family_fragment_v1.hh,CE-CCP1-E02-005,CE-CCP1-E02-018-GATE,JBC-PROV-MOVE,source-frozen
git@github.com:tumlinso/CellShard.git,main,b9749ad3e5146a04f847533d8c6f1a54146aed20,include/CellShard/compiler/discovery/operation_trace/negative_trace_summary_v1.hh,951602884e85a220e750b655aa0ee0e3ef1e341c878536d405b348d859525c55,8462,move,include/Cellerator/compiler/discovery/operation_trace/negative_trace_summary_v1.hh,CE-CCP1-E02-005,CE-CCP1-E02-018-GATE,JBC-PROV-MOVE,source-frozen
git@github.com:tumlinso/CellShard.git,main,b9749ad3e5146a04f847533d8c6f1a54146aed20,include/CellShard/compiler/discovery/operation_trace/partial_result_recurrence_v1.hh,c6af0d9c95ebecae3eee0df7ce98b80306fa0ace9e7810e53fba5f665f905b2f,10622,move,include/Cellerator/compiler/discovery/operation_trace/partial_result_recurrence_v1.hh,CE-CCP1-E02-005,CE-CCP1-E02-018-GATE,JBC-PROV-MOVE,source-frozen
git@github.com:tumlinso/CellShard.git,main,b9749ad3e5146a04f847533d8c6f1a54146aed20,include/CellShard/compiler/discovery/operation_trace/persistent_order_v1.hh,f7fa7130796b27f56ce97f1cd2bf92bb2fb48a32ad673ba953a8c8deddc49bcc,7496,move,include/Cellerator/compiler/discovery/operation_trace/persistent_order_v1.hh,CE-CCP1-E02-005,CE-CCP1-E02-018-GATE,JBC-PROV-MOVE,source-frozen
git@github.com:tumlinso/CellShard.git,main,b9749ad3e5146a04f847533d8c6f1a54146aed20,include/CellShard/compiler/discovery/operation_trace/provenance_comparison_v1.hh,2bd5627c9287a90d957c63c4bb8e2f82358cf7d4886791bf981e75e86b927be0,8356,move,include/Cellerator/compiler/discovery/operation_trace/provenance_comparison_v1.hh,CE-CCP1-E02-005,CE-CCP1-E02-018-GATE,JBC-PROV-MOVE,source-frozen
git@github.com:tumlinso/CellShard.git,main,b9749ad3e5146a04f847533d8c6f1a54146aed20,include/CellShard/compiler/discovery/overlap/certification_candidate_v1.hh,5c942423e552c61ed3ea264c87f5959d7581e795c3556a43096e3fbb315cd969,11642,move,include/Cellerator/compiler/discovery/overlap/certification_candidate_v1.hh,CE-CCP1-E02-004,CE-CCP1-E02-018-GATE,JBC-PROV-MOVE,source-frozen
git@github.com:tumlinso/CellShard.git,main,b9749ad3e5146a04f847533d8c6f1a54146aed20,include/CellShard/compiler/discovery/overlap/disjoint_baseline_v1.hh,6d937882560ea6946ef65a5f6938e029213e43466a07ac66d732c496abf1ba83,6874,move,include/Cellerator/compiler/discovery/overlap/disjoint_baseline_v1.hh,CE-CCP1-E02-004,CE-CCP1-E02-018-GATE,JBC-PROV-MOVE,source-frozen
git@github.com:tumlinso/CellShard.git,main,b9749ad3e5146a04f847533d8c6f1a54146aed20,include/CellShard/compiler/discovery/overlap/expansion_v1.hh,a7896a3e332cdf41d913d8ed409fdb4c93c7dce5b20576924ec02f120ce8629c,12380,move,include/Cellerator/compiler/discovery/overlap/expansion_v1.hh,CE-CCP1-E02-004,CE-CCP1-E02-018-GATE,JBC-PROV-MOVE,source-frozen
git@github.com:tumlinso/CellShard.git,main,b9749ad3e5146a04f847533d8c6f1a54146aed20,include/CellShard/compiler/discovery/overlap/membership_v1.hh,60d9f1cf431ee8c4b0bda08b7e882c874b6d3a98ee0e2fbcb9c27acb74cdff93,9075,move,include/Cellerator/compiler/discovery/overlap/membership_v1.hh,CE-CCP1-E02-004,CE-CCP1-E02-018-GATE,JBC-PROV-MOVE,source-frozen
git@github.com:tumlinso/CellShard.git,main,b9749ad3e5146a04f847533d8c6f1a54146aed20,include/CellShard/compiler/discovery/overlap/promotion_gate_v1.hh,38cbd598b588770bcc29ede18923d35afe6c1621bfa841f7e6d9b77e00dce31f,11520,move,include/Cellerator/compiler/discovery/overlap/promotion_gate_v1.hh,CE-CCP1-E02-004,CE-CCP1-E02-018-GATE,JBC-PROV-MOVE,source-frozen
git@github.com:tumlinso/CellShard.git,main,b9749ad3e5146a04f847533d8c6f1a54146aed20,include/CellShard/compiler/discovery/overlap/stability_cost_v1.hh,c3b6b273311191744be49b8a2a5b904de3b489dc8783d9c2c12e5fe82c96d909,9403,move,include/Cellerator/compiler/discovery/overlap/stability_cost_v1.hh,CE-CCP1-E02-004,CE-CCP1-E02-018-GATE,JBC-PROV-MOVE,source-frozen
git@github.com:tumlinso/CellShard.git,main,b9749ad3e5146a04f847533d8c6f1a54146aed20,include/CellShard/compiler/discovery/sequence_compat/hierarchical_intervals_v1.hh,4a6c6aaa44efd8baf828f0e1798d1173e2c60814463e1157c24ca636eee460eb,7950,move,include/Cellerator/compiler/discovery/sequence_compat/hierarchical_intervals_v1.hh,CE-CCP1-E02-007,CE-CCP1-E02-018-GATE,JBC-PROV-MOVE,source-frozen
git@github.com:tumlinso/CellShard.git,main,b9749ad3e5146a04f847533d8c6f1a54146aed20,include/CellShard/compiler/discovery/sequence_compat/long_range_relation_bridge_v1.hh,37c8ed0778deeaee947414147e44e7edb573fa72f155b369e53a2d7022aba777,10818,move,include/Cellerator/compiler/discovery/sequence_compat/long_range_relation_bridge_v1.hh,CE-CCP1-E02-007,CE-CCP1-E02-018-GATE,JBC-PROV-MOVE,source-frozen
git@github.com:tumlinso/CellShard.git,main,b9749ad3e5146a04f847533d8c6f1a54146aed20,include/CellShard/compiler/discovery/sequence_compat/mock_sequence_provider_v1.hh,bae9cf42ddb2681fe39d1eaab7bd272a543ded27ac41164d0c0c73db3f41a610,8009,move,include/Cellerator/compiler/discovery/sequence_compat/mock_sequence_provider_v1.hh,CE-CCP1-E02-007,CE-CCP1-E02-018-GATE,JBC-PROV-MOVE,source-frozen
git@github.com:tumlinso/CellShard.git,main,b9749ad3e5146a04f847533d8c6f1a54146aed20,include/CellShard/compiler/discovery/sequence_compat/owned_halo_intervals_v1.hh,8de4d6d02459cf030322fecd155b1cb01fa489d8e4408375a1e83fef0665027d,8079,move,include/Cellerator/compiler/discovery/sequence_compat/owned_halo_intervals_v1.hh,CE-CCP1-E02-007,CE-CCP1-E02-018-GATE,JBC-PROV-MOVE,source-frozen
git@github.com:tumlinso/CellShard.git,main,b9749ad3e5146a04f847533d8c6f1a54146aed20,include/CellShard/compiler/discovery/sequence_compat/provider_coordinate_coverage_v1.hh,792fea8554a972f54dfe5ecd9cd7897006a60ec30decdeaa37a906424ab286bb,5531,move,include/Cellerator/compiler/discovery/sequence_compat/provider_coordinate_coverage_v1.hh,CE-CCP1-E02-007,CE-CCP1-E02-018-GATE,JBC-PROV-MOVE,source-frozen
git@github.com:tumlinso/CellShard.git,main,b9749ad3e5146a04f847533d8c6f1a54146aed20,include/CellShard/compiler/discovery/sequence_compat/reference_strand_identity_v1.hh,f8159c93469271f39b2a6ea51d79d7e3a8278c490f05f18bca4c778e081667c1,3704,move,include/Cellerator/compiler/discovery/sequence_compat/reference_strand_identity_v1.hh,CE-CCP1-E02-007,CE-CCP1-E02-018-GATE,JBC-PROV-MOVE,source-frozen
git@github.com:tumlinso/CellShard.git,main,b9749ad3e5146a04f847533d8c6f1a54146aed20,include/CellShard/compiler/discovery/support_signature/candidate_pairs_v1.hh,ca6ef847d6287aa42932480ca1d2605925372635b2d25e93f7c95ac085d41833,7553,move,include/Cellerator/compiler/discovery/support_signature/candidate_pairs_v1.hh,CE-CCP1-E02-003,CE-CCP1-E02-018-GATE,JBC-PROV-MOVE,source-frozen
git@github.com:tumlinso/CellShard.git,main,b9749ad3e5146a04f847533d8c6f1a54146aed20,include/CellShard/compiler/discovery/support_signature/evidence_image_v1.hh,e817531a452d8ec0bbbc0f2d4a48cc0a3407f1a7c134e1df7a49ce058729fc77,14081,move,include/Cellerator/compiler/discovery/support_signature/evidence_image_v1.hh,CE-CCP1-E02-003,CE-CCP1-E02-018-GATE,JBC-PROV-MOVE,source-frozen
git@github.com:tumlinso/CellShard.git,main,b9749ad3e5146a04f847533d8c6f1a54146aed20,include/CellShard/compiler/discovery/support_signature/exact_rescan_v1.hh,c8b9feed8158aae19c1a4f7ffa85018591f41dad111e2d319d6b3e45afe13043,5420,move,include/Cellerator/compiler/discovery/support_signature/exact_rescan_v1.hh,CE-CCP1-E02-003,CE-CCP1-E02-018-GATE,JBC-PROV-MOVE,source-frozen
git@github.com:tumlinso/CellShard.git,main,b9749ad3e5146a04f847533d8c6f1a54146aed20,include/CellShard/compiler/discovery/support_signature/exact_support_v1.hh,8d175b04bdc52aad71cfa19f92302b6d17d18d6b9dd6bb9e6737ddd991d4c116,7176,move,include/Cellerator/compiler/discovery/support_signature/exact_support_v1.hh,CE-CCP1-E02-003,CE-CCP1-E02-018-GATE,JBC-PROV-MOVE,source-frozen
git@github.com:tumlinso/CellShard.git,main,b9749ad3e5146a04f847533d8c6f1a54146aed20,include/CellShard/compiler/discovery/support_signature/full_relation_rescan_v1.hh,19df654747ea59ff71ccf5d2570874ee171e64e29b8d5625bf1314aaec2b2826,10705,move,include/Cellerator/compiler/discovery/support_signature/full_relation_rescan_v1.hh,CE-CCP1-E02-003,CE-CCP1-E02-018-GATE,JBC-PROV-MOVE,source-frozen
git@github.com:tumlinso/CellShard.git,main,b9749ad3e5146a04f847533d8c6f1a54146aed20,include/CellShard/compiler/discovery/support_signature/lsh_index_v1.hh,76cdac0f9ca92bd3f8804fc23bea3ebad5ca1e7887497be61498e00bfcdc922f,5603,move,include/Cellerator/compiler/discovery/support_signature/lsh_index_v1.hh,CE-CCP1-E02-003,CE-CCP1-E02-018-GATE,JBC-PROV-MOVE,source-frozen
git@github.com:tumlinso/CellShard.git,main,b9749ad3e5146a04f847533d8c6f1a54146aed20,include/CellShard/compiler/discovery/support_signature/minhash_v1.hh,48c922986d90c5302300474addb1fd945b720728239d47304a7a98bccac4a89a,3815,move,include/Cellerator/compiler/discovery/support_signature/minhash_v1.hh,CE-CCP1-E02-003,CE-CCP1-E02-018-GATE,JBC-PROV-MOVE,source-frozen
git@github.com:tumlinso/CellShard.git,main,b9749ad3e5146a04f847533d8c6f1a54146aed20,include/CellShard/compiler/discovery/support_signature/neighborhood_proposal_v1.hh,cb60800bf58e3132f2b37d3327fa25facba5824c1260445cb9233260d9196988,8095,move,include/Cellerator/compiler/discovery/support_signature/neighborhood_proposal_v1.hh,CE-CCP1-E02-003,CE-CCP1-E02-018-GATE,JBC-PROV-MOVE,source-frozen
git@github.com:tumlinso/CellShard.git,main,b9749ad3e5146a04f847533d8c6f1a54146aed20,include/CellShard/compiler/discovery/support_signature/stable_hash_v1.hh,35d2d2b3e290a78896dc93d93a0b6726bb2f9333ef816c801079a045be0e469b,5857,move,include/Cellerator/compiler/discovery/support_signature/stable_hash_v1.hh,CE-CCP1-E02-003,CE-CCP1-E02-018-GATE,JBC-PROV-MOVE,source-frozen
git@github.com:tumlinso/CellShard.git,main,b9749ad3e5146a04f847533d8c6f1a54146aed20,include/CellShard/compiler/discovery/trajectory/branch_delta_v1.hh,640b1a3daad0cc49de0485a26765590ecf15c1a94ec863a226b7aab91aa2b41c,2741,move,include/Cellerator/compiler/discovery/trajectory/branch_delta_v1.hh,CE-CCP1-E02-006,CE-CCP1-E02-018-GATE,JBC-PROV-MOVE,source-frozen
git@github.com:tumlinso/CellShard.git,main,b9749ad3e5146a04f847533d8c6f1a54146aed20,include/CellShard/compiler/discovery/trajectory/branch_local_atom_v1.hh,5e929fabb8f6f728bf0493750030e197472c178d71c07939e70a3a0708ab3a51,3161,move,include/Cellerator/compiler/discovery/trajectory/branch_local_atom_v1.hh,CE-CCP1-E02-006,CE-CCP1-E02-018-GATE,JBC-PROV-MOVE,source-frozen
git@github.com:tumlinso/CellShard.git,main,b9749ad3e5146a04f847533d8c6f1a54146aed20,include/CellShard/compiler/discovery/trajectory/common_prefix_v1.hh,ce04680b6309b65c09da30de44bb594d189c9aaa7115ca643c5f04729d586dae,2980,move,include/Cellerator/compiler/discovery/trajectory/common_prefix_v1.hh,CE-CCP1-E02-006,CE-CCP1-E02-018-GATE,JBC-PROV-MOVE,source-frozen
git@github.com:tumlinso/CellShard.git,main,b9749ad3e5146a04f847533d8c6f1a54146aed20,include/CellShard/compiler/discovery/trajectory/input_contract_v1.hh,52be6d292bfb08d51f1c6e8391e5c3b8611e3fb9bac36925cecd9474401b1943,6450,move,include/Cellerator/compiler/discovery/trajectory/input_contract_v1.hh,CE-CCP1-E02-006,CE-CCP1-E02-018-GATE,JBC-PROV-MOVE,source-frozen
git@github.com:tumlinso/CellShard.git,main,b9749ad3e5146a04f847533d8c6f1a54146aed20,include/CellShard/compiler/discovery/trajectory/lineage_working_set_v1.hh,de0a64cce1a18b921327b0251871712c1bca0ca118a4b6eb0a2068523f7bfc35,3692,move,include/Cellerator/compiler/discovery/trajectory/lineage_working_set_v1.hh,CE-CCP1-E02-006,CE-CCP1-E02-018-GATE,JBC-PROV-MOVE,source-frozen
git@github.com:tumlinso/CellShard.git,main,b9749ad3e5146a04f847533d8c6f1a54146aed20,include/CellShard/compiler/discovery/trajectory/normalized_lineage_v1.hh,224d04b5df48b21f39643445c86cc3413549d5ed90cac9c7c81c79469423005a,3280,move,include/Cellerator/compiler/discovery/trajectory/normalized_lineage_v1.hh,CE-CCP1-E02-006,CE-CCP1-E02-018-GATE,JBC-PROV-MOVE,source-frozen
git@github.com:tumlinso/CellShard.git,main,b9749ad3e5146a04f847533d8c6f1a54146aed20,include/CellShard/compiler/discovery/trajectory/predictive_prefetch_v1.hh,1e1a73cb56d0d4ec01af84bf540ddf0a6f802598e305701b8b33cc089bc0bcb3,3455,move,include/Cellerator/compiler/discovery/trajectory/predictive_prefetch_v1.hh,CE-CCP1-E02-006,CE-CCP1-E02-018-GATE,JBC-PROV-MOVE,source-frozen
git@github.com:tumlinso/CellShard.git,main,b9749ad3e5146a04f847533d8c6f1a54146aed20,include/CellShard/compiler/discovery/trajectory/state_neighborhood_v1.hh,533d0b6f0cc3e1ed4732225bfcda06adc9749c29a59f4946921101ecc4429a3e,4003,move,include/Cellerator/compiler/discovery/trajectory/state_neighborhood_v1.hh,CE-CCP1-E02-006,CE-CCP1-E02-018-GATE,JBC-PROV-MOVE,source-frozen
git@github.com:tumlinso/CellShard.git,main,b9749ad3e5146a04f847533d8c6f1a54146aed20,include/CellShard/compiler/discovery/trajectory/state_update_overlay_v1.hh,484dceab8378b9547eb93fc836e781c8d13f03e0808a49cfc1015f452414f6a2,2842,move,include/Cellerator/compiler/discovery/trajectory/state_update_overlay_v1.hh,CE-CCP1-E02-006,CE-CCP1-E02-018-GATE,JBC-PROV-MOVE,source-frozen
git@github.com:tumlinso/CellShard.git,main,b9749ad3e5146a04f847533d8c6f1a54146aed20,include/CellShard/compiler/discovery/trajectory/temporal_window_v1.hh,0acdd0d23bce448c02f895575d306e2a4c226471fbbe35f65c2c71d483bd311d,2949,move,include/Cellerator/compiler/discovery/trajectory/temporal_window_v1.hh,CE-CCP1-E02-006,CE-CCP1-E02-018-GATE,JBC-PROV-MOVE,source-frozen
git@github.com:tumlinso/CellShard.git,main,b9749ad3e5146a04f847533d8c6f1a54146aed20,include/CellShard/compiler/discovery/trajectory/trajectory_promotion_gate_v1.hh,cc932882cd8d8a9e08f56c4f1ba42351305fca8186fe20f54fa14c8c0ad00358,3091,move,include/Cellerator/compiler/discovery/trajectory/trajectory_promotion_gate_v1.hh,CE-CCP1-E02-006,CE-CCP1-E02-018-GATE,JBC-PROV-MOVE,source-frozen
git@github.com:tumlinso/CellShard.git,main,b9749ad3e5146a04f847533d8c6f1a54146aed20,include/CellShard/compiler/discovery/trajectory/transition_operator_v1.hh,6ce6be7e6e9f3cea985103eaa65fe21fde53b86a400bff1b4c488cc09ee2f862,2605,move,include/Cellerator/compiler/discovery/trajectory/transition_operator_v1.hh,CE-CCP1-E02-006,CE-CCP1-E02-018-GATE,JBC-PROV-MOVE,source-frozen
git@github.com:tumlinso/CellShard.git,main,b9749ad3e5146a04f847533d8c6f1a54146aed20,include/CellShard/compiler/evidence/algorithm_provenance_v1.hh,af9ccde912d23262eee4da1143fdf503f82fd47839987d7a76e15fb6d6f64cb5,3564,split,Cellerator+CellShard:assigned-by-CE-CCP1-E02-002,CE-CCP1-E02-002,CE-CCP1-E02-018-GATE,JBC-PROV-SPLIT,source-frozen
git@github.com:tumlinso/CellShard.git,main,b9749ad3e5146a04f847533d8c6f1a54146aed20,include/CellShard/compiler/evidence/approximate_membership_v1.hh,3740fb6fc749924a069b55bed45f90adb641532d429a3d3af274c87f101cedbf,3185,move,include/Cellerator/compiler/discovery/evidence/approximate_membership_v1.hh,CE-CCP1-E02-002,CE-CCP1-E02-018-GATE,JBC-PROV-MOVE,source-frozen
git@github.com:tumlinso/CellShard.git,main,b9749ad3e5146a04f847533d8c6f1a54146aed20,include/CellShard/compiler/evidence/atom_evidence_record_v1.hh,549df6020104b1b82dfb3e3ddf2e79ddb7aa9e31f37e05e802aa86ccc11e77e0,4934,retain as compatibility,include/Cellerator/compiler/discovery/evidence/atom_evidence_record_v1.hh,CE-CCP1-E02-015,CE-CCP1-E02-018-GATE,JBC-PROV-RETAIN-AS-COMPATIBILITY,source-frozen
git@github.com:tumlinso/CellShard.git,main,b9749ad3e5146a04f847533d8c6f1a54146aed20,include/CellShard/compiler/evidence/biological_stratum_v1.hh,f8f2f572d57b0cdb8d568e0e99cf7ea18caedad1aff1bb2c980d2f8c2f93f618,2946,move,include/Cellerator/compiler/discovery/evidence/biological_stratum_v1.hh,CE-CCP1-E02-002,CE-CCP1-E02-018-GATE,JBC-PROV-MOVE,source-frozen
git@github.com:tumlinso/CellShard.git,main,b9749ad3e5146a04f847533d8c6f1a54146aed20,include/CellShard/compiler/evidence/confidence_stability_v1.hh,2f21130c9c95157694df0789c3edd686650d247f882eb11c30f712088ec4c0d3,3178,move,include/Cellerator/compiler/discovery/evidence/confidence_stability_v1.hh,CE-CCP1-E02-002,CE-CCP1-E02-018-GATE,JBC-PROV-MOVE,source-frozen
git@github.com:tumlinso/CellShard.git,main,b9749ad3e5146a04f847533d8c6f1a54146aed20,include/CellShard/compiler/evidence/cross_dataset_template_v1.hh,049645b0dbf5bd889598f44c816dda7524dc46ab8a73bbb8ee76dcf17b6ce076,3871,move,include/Cellerator/compiler/discovery/evidence/cross_dataset_template_v1.hh,CE-CCP1-E02-002,CE-CCP1-E02-018-GATE,JBC-PROV-MOVE,source-frozen
git@github.com:tumlinso/CellShard.git,main,b9749ad3e5146a04f847533d8c6f1a54146aed20,include/CellShard/compiler/evidence/cross_operation_v1.hh,58501f09eb9f2cec87f6c455d62c8cd00047f7b52b95975491c8648540d6924e,3500,move,include/Cellerator/compiler/discovery/evidence/cross_operation_v1.hh,CE-CCP1-E02-002,CE-CCP1-E02-018-GATE,JBC-PROV-MOVE,source-frozen
git@github.com:tumlinso/CellShard.git,main,b9749ad3e5146a04f847533d8c6f1a54146aed20,include/CellShard/compiler/evidence/cross_workload_v1.hh,e445795b22c71177a58752085b7b8e85da8a2e3b99bb5720679ff49c9371328b,3441,move,include/Cellerator/compiler/discovery/evidence/cross_workload_v1.hh,CE-CCP1-E02-002,CE-CCP1-E02-018-GATE,JBC-PROV-MOVE,source-frozen
git@github.com:tumlinso/CellShard.git,main,b9749ad3e5146a04f847533d8c6f1a54146aed20,include/CellShard/compiler/evidence/evidence_atlas_image_v1.hh,0c4f8ffa8708b25eec60ac7e35d826c3f2b541a98b946e878371456b4718a577,1598,move,include/Cellerator/compiler/discovery/evidence/evidence_atlas_image_v1.hh,CE-CCP1-E02-002,CE-CCP1-E02-018-GATE,JBC-PROV-MOVE,source-frozen
git@github.com:tumlinso/CellShard.git,main,b9749ad3e5146a04f847533d8c6f1a54146aed20,include/CellShard/compiler/evidence/evidence_atlas_merge_v1.hh,c01c4f2ddf1830be4740161b49015edf134daed7b7ad1f9ee7212ad214ba6299,1656,move,include/Cellerator/compiler/discovery/evidence/evidence_atlas_merge_v1.hh,CE-CCP1-E02-002,CE-CCP1-E02-018-GATE,JBC-PROV-MOVE,source-frozen
git@github.com:tumlinso/CellShard.git,main,b9749ad3e5146a04f847533d8c6f1a54146aed20,include/CellShard/compiler/evidence/evidence_atlas_query_v1.hh,9bb9e4f6496977cd08857ede954bb027cee3969406657776bfc0a0db97cb6a32,4810,move,include/Cellerator/compiler/discovery/evidence/evidence_atlas_query_v1.hh,CE-CCP1-E02-002,CE-CCP1-E02-018-GATE,JBC-PROV-MOVE,source-frozen
git@github.com:tumlinso/CellShard.git,main,b9749ad3e5146a04f847533d8c6f1a54146aed20,include/CellShard/compiler/evidence/evidence_atlas_statistics_v1.hh,fb1bc56efe578aa968f6f9e3a5b113b0020ba124f46e3d5eae989190ef7f0fe3,3457,move,include/Cellerator/compiler/discovery/evidence/evidence_atlas_statistics_v1.hh,CE-CCP1-E02-002,CE-CCP1-E02-018-GATE,JBC-PROV-MOVE,source-frozen
git@github.com:tumlinso/CellShard.git,main,b9749ad3e5146a04f847533d8c6f1a54146aed20,include/CellShard/compiler/evidence/evidence_atlas_v1.hh,96771b07cd92b9c39520167a8c622db231b0c75e95009a49df62ef95460d1416,2346,move,include/Cellerator/compiler/discovery/evidence/evidence_atlas_v1.hh,CE-CCP1-E02-002,CE-CCP1-E02-018-GATE,JBC-PROV-MOVE,source-frozen
git@github.com:tumlinso/CellShard.git,main,b9749ad3e5146a04f847533d8c6f1a54146aed20,include/CellShard/compiler/evidence/evidence_kind.hh,4612734742d4fe196c2294d7678fae1638147730f5ae5e6e80184c7ebbd843ee,4067,move,include/Cellerator/compiler/discovery/evidence/evidence_kind.hh,CE-CCP1-E02-002,CE-CCP1-E02-018-GATE,JBC-PROV-MOVE,source-frozen
git@github.com:tumlinso/CellShard.git,main,b9749ad3e5146a04f847533d8c6f1a54146aed20,include/CellShard/compiler/evidence/negative_evidence_v1.hh,57a3c664e4d1ee6651a5c4fbf40b9416dd90585b486ac5a8fd384df245214b88,3461,move,include/Cellerator/compiler/discovery/evidence/negative_evidence_v1.hh,CE-CCP1-E02-002,CE-CCP1-E02-018-GATE,JBC-PROV-MOVE,source-frozen
git@github.com:tumlinso/CellShard.git,main,b9749ad3e5146a04f847533d8c6f1a54146aed20,include/CellShard/compiler/grammar/derivation_dag_v1.hh,fff2b6d0d7272ff2dec24aed354cfb2e57c442ea8410da7a630a51f5a816f578,3489,retire after replacement proof,include/Cellerator/compiler/composition/grammar/derivation_dag_v1.hh,CE-CCP1-E03-002,CE-CCP1-E03-018-GATE,JBC-PROV-RETIRE-AFTER-REPLACEMENT-PROOF,source-frozen
git@github.com:tumlinso/CellShard.git,main,b9749ad3e5146a04f847533d8c6f1a54146aed20,include/CellShard/compiler/grammar/derivation_validation_receipt_v1.hh,acef1c0f8ba343e8ddd2b95a786c1e396b5e915e98a1ae6fc193a602ee81ccac,3058,move,include/Cellerator/compiler/composition/grammar/derivation_validation_receipt_v1.hh,CE-CCP1-E03-003,CE-CCP1-E03-018-GATE,JBC-PROV-MOVE,source-frozen
git@github.com:tumlinso/CellShard.git,main,b9749ad3e5146a04f847533d8c6f1a54146aed20,include/CellShard/compiler/grammar/exact_coverage_equation_v1.hh,202a65768e3232671a17f1c879f13e90345d1c2ff929fd07a647b195497b7bce,2660,move,include/Cellerator/compiler/composition/grammar/exact_coverage_equation_v1.hh,CE-CCP1-E03-003,CE-CCP1-E03-018-GATE,JBC-PROV-MOVE,source-frozen
git@github.com:tumlinso/CellShard.git,main,b9749ad3e5146a04f847533d8c6f1a54146aed20,include/CellShard/compiler/grammar/explicit_grammar_builder_v1.hh,cf1b5dc337e8ecb0fed8b4979f1b2df78f92d36127ed71ecdeaa98e0a4813002,3373,move,include/Cellerator/compiler/composition/grammar/explicit_grammar_builder_v1.hh,CE-CCP1-E03-003,CE-CCP1-E03-018-GATE,JBC-PROV-MOVE,source-frozen
git@github.com:tumlinso/CellShard.git,main,b9749ad3e5146a04f847533d8c6f1a54146aed20,include/CellShard/compiler/grammar/explicit_production_registry_v1.hh,8110364f82973102d076bf7f05455b37f46b9df0f166b04f785799a2b0af78d7,3731,move,include/Cellerator/compiler/composition/grammar/explicit_production_registry_v1.hh,CE-CCP1-E03-003,CE-CCP1-E03-018-GATE,JBC-PROV-MOVE,source-frozen
git@github.com:tumlinso/CellShard.git,main,b9749ad3e5146a04f847533d8c6f1a54146aed20,include/CellShard/compiler/grammar/flat_basis_fallback_v1.hh,c342158421c900416bf4fde69191762db72c5f25df61e2a932eef7a73e356829,3283,move,include/Cellerator/compiler/composition/grammar/flat_basis_fallback_v1.hh,CE-CCP1-E03-003,CE-CCP1-E03-018-GATE,JBC-PROV-MOVE,source-frozen
git@github.com:tumlinso/CellShard.git,main,b9749ad3e5146a04f847533d8c6f1a54146aed20,include/CellShard/compiler/grammar/grammar_simplification_v1.hh,7d8d8c978b5a3e85c45ef69cf2251a8083b196e3c4351a6c75376d96677fb7c6,4304,move,include/Cellerator/compiler/composition/grammar/grammar_simplification_v1.hh,CE-CCP1-E03-003,CE-CCP1-E03-018-GATE,JBC-PROV-MOVE,source-frozen
git@github.com:tumlinso/CellShard.git,main,b9749ad3e5146a04f847533d8c6f1a54146aed20,include/CellShard/compiler/grammar/portable_grammar_serialization_v1.hh,ec5bd1a65799920763df95f6ded6887e7ba2abba5f69304b3d7b76c173d80e04,4098,move,include/Cellerator/compiler/composition/grammar/portable_grammar_serialization_v1.hh,CE-CCP1-E03-003,CE-CCP1-E03-018-GATE,JBC-PROV-MOVE,source-frozen
git@github.com:tumlinso/CellShard.git,main,b9749ad3e5146a04f847533d8c6f1a54146aed20,include/CellShard/compiler/grammar/production_parameter_schema_v1.hh,6085c151da5aa3a86f4ebfa7767df2ac0d8fd0a14493a1786c083b24bae4ae8b,3433,move,include/Cellerator/compiler/composition/grammar/production_parameter_schema_v1.hh,CE-CCP1-E03-003,CE-CCP1-E03-018-GATE,JBC-PROV-MOVE,source-frozen
git@github.com:tumlinso/CellShard.git,main,b9749ad3e5146a04f847533d8c6f1a54146aed20,include/CellShard/compiler/grammar/typed_symbol_table_v1.hh,441ab00d91d9dce9ba23f38333209edead73ccdfe74b9161a42924daec76817d,5969,move,include/Cellerator/compiler/composition/grammar/typed_symbol_table_v1.hh,CE-CCP1-E03-003,CE-CCP1-E03-018-GATE,JBC-PROV-MOVE,source-frozen
git@github.com:tumlinso/CellShard.git,main,b9749ad3e5146a04f847533d8c6f1a54146aed20,include/CellShard/compiler/graph/access_effect.hh,90abf63fabbcaa174d8d61862be07d08aec09d294a49e45dec1a1f849d807f99,1739,move,include/Cellerator/compiler/program/access_effect.hh,CE-CCP1-E03-010,CE-CCP1-E03-018-GATE,JBC-PROV-MOVE,source-frozen
git@github.com:tumlinso/CellShard.git,main,b9749ad3e5146a04f847533d8c6f1a54146aed20,include/CellShard/compiler/graph/atom_dependency.hh,ada24383df2370b66285ea4068aa238abc70b6d6fb9a527bef887d05013d56ea,1313,move,include/Cellerator/compiler/program/atom_dependency.hh,CE-CCP1-E03-010,CE-CCP1-E03-018-GATE,JBC-PROV-MOVE,source-frozen
git@github.com:tumlinso/CellShard.git,main,b9749ad3e5146a04f847533d8c6f1a54146aed20,include/CellShard/compiler/graph/global_ir_serialization.hh,1cf03ebcd0f21708e7670a147593bffe439bd2645bc1cd19231f36b63c1ab932,1758,move,include/Cellerator/compiler/program/global_ir_serialization.hh,CE-CCP1-E03-010,CE-CCP1-E03-018-GATE,JBC-PROV-MOVE,source-frozen
git@github.com:tumlinso/CellShard.git,main,b9749ad3e5146a04f847533d8c6f1a54146aed20,include/CellShard/compiler/graph/graph_family.hh,69879ea40d022feddc3133b5916372b34bed0b916d590935193e010bcef4b403,1467,move,include/Cellerator/compiler/program/graph_family.hh,CE-CCP1-E03-010,CE-CCP1-E03-018-GATE,JBC-PROV-MOVE,source-frozen
git@github.com:tumlinso/CellShard.git,main,b9749ad3e5146a04f847533d8c6f1a54146aed20,include/CellShard/compiler/graph/graph_recipe.hh,78fa9639c6141efd84b6d57f60b4d3f5bf050cfe26d4c2a2661f9e3d081e1e91,1109,retire after replacement proof,include/Cellerator/compiler/program/graph_recipe.hh,CE-CCP1-E03-010,CE-CCP1-E03-018-GATE,JBC-PROV-RETIRE-AFTER-REPLACEMENT-PROOF,source-frozen
git@github.com:tumlinso/CellShard.git,main,b9749ad3e5146a04f847533d8c6f1a54146aed20,include/CellShard/compiler/graph/mock_operation_provider.hh,1c22aec905fb8d2c123c907c2bdb9449b228e153632a483a337438ec8638482c,684,move,include/Cellerator/compiler/program/mock_operation_provider.hh,CE-CCP1-E03-010,CE-CCP1-E03-018-GATE,JBC-PROV-MOVE,source-frozen
git@github.com:tumlinso/CellShard.git,main,b9749ad3e5146a04f847533d8c6f1a54146aed20,include/CellShard/compiler/graph/operation_node.hh,999cb5c059415cef50de5377ccf4d86c90fa3f8f8ff6722f97732f44dca17741,1952,split,Cellerator+CellShard:assigned-by-CE-CCP1-E03-010,CE-CCP1-E03-010,CE-CCP1-E03-018-GATE,JBC-PROV-SPLIT,source-frozen
git@github.com:tumlinso/CellShard.git,main,b9749ad3e5146a04f847533d8c6f1a54146aed20,include/CellShard/compiler/graph/operation_provider.hh,071a281ec64428b1c3fd25911845e433a7937cc739956ccc6c33e230e696b027,1527,split,Cellerator+CellShard:assigned-by-CE-CCP1-E03-010,CE-CCP1-E03-010,CE-CCP1-E03-018-GATE,JBC-PROV-SPLIT,source-frozen
git@github.com:tumlinso/CellShard.git,main,b9749ad3e5146a04f847533d8c6f1a54146aed20,include/CellShard/compiler/graph/partial_result_tree.hh,2a785fc6182568238633d022be6b54002f64746c720b6f225509b270642f888c,808,move,include/Cellerator/compiler/program/partial_result_tree.hh,CE-CCP1-E03-010,CE-CCP1-E03-018-GATE,JBC-PROV-MOVE,source-frozen
git@github.com:tumlinso/CellShard.git,main,b9749ad3e5146a04f847533d8c6f1a54146aed20,include/CellShard/compiler/graph/physical_realization.hh,aa864b877f4fe8b62505d26d6bf260e6d54b04937d3053519cf34d51230bda91,1407,split,Cellerator+CellShard:assigned-by-CE-CCP1-E03-010,CE-CCP1-E03-010,CE-CCP1-E03-018-GATE,JBC-PROV-SPLIT,source-frozen
git@github.com:tumlinso/CellShard.git,main,b9749ad3e5146a04f847533d8c6f1a54146aed20,include/CellShard/compiler/graph/rewrite_descriptor.hh,25d5a88a86e9b17655369436e75b3da09acdc98f25c34d93eef3b0e8443078ac,1736,move,include/Cellerator/compiler/program/rewrite_descriptor.hh,CE-CCP1-E03-010,CE-CCP1-E03-018-GATE,JBC-PROV-MOVE,source-frozen
git@github.com:tumlinso/CellShard.git,main,b9749ad3e5146a04f847533d8c6f1a54146aed20,include/CellShard/compiler/partial/additive_state_v1.hh,22e51ed0ed922f00950387db19aabc10ec92d40468284c719f959b919f8c23f4,5731,move,include/Cellerator/compiler/planning/partial/additive_state_v1.hh,CE-CCP1-E03-009,CE-CCP1-E03-018-GATE,JBC-PROV-MOVE,source-frozen
git@github.com:tumlinso/CellShard.git,main,b9749ad3e5146a04f847533d8c6f1a54146aed20,include/CellShard/compiler/partial/dependency_freshness_v1.hh,adb01ec524bbb66238558bcb06818c033455c0c91cc41197b8a2f7452edfbda7,13161,move,include/Cellerator/compiler/planning/partial/dependency_freshness_v1.hh,CE-CCP1-E03-009,CE-CCP1-E03-018-GATE,JBC-PROV-MOVE,source-frozen
git@github.com:tumlinso/CellShard.git,main,b9749ad3e5146a04f847533d8c6f1a54146aed20,include/CellShard/compiler/partial/extrema_state_v1.hh,e155be609a5087572ebfd8267d29cb620a12b13ac8b53064b2064fb44d366cd8,5396,move,include/Cellerator/compiler/planning/partial/extrema_state_v1.hh,CE-CCP1-E03-009,CE-CCP1-E03-018-GATE,JBC-PROV-MOVE,source-frozen
git@github.com:tumlinso/CellShard.git,main,b9749ad3e5146a04f847533d8c6f1a54146aed20,include/CellShard/compiler/partial/gathered_panel_v1.hh,3649834a17202b0df9d5f54e3e177700131f0f02cdd9820c8117cdc19be363df,6526,move,include/Cellerator/compiler/planning/partial/gathered_panel_v1.hh,CE-CCP1-E03-009,CE-CCP1-E03-018-GATE,JBC-PROV-MOVE,source-frozen
git@github.com:tumlinso/CellShard.git,main,b9749ad3e5146a04f847533d8c6f1a54146aed20,include/CellShard/compiler/partial/gradient_partial_v1.hh,3e7d2e2192ce18ab9ab513673615353b511d569a904f1ba97d1d2ae121dc5900,4193,move,include/Cellerator/compiler/planning/partial/gradient_partial_v1.hh,CE-CCP1-E03-009,CE-CCP1-E03-018-GATE,JBC-PROV-MOVE,source-frozen
git@github.com:tumlinso/CellShard.git,main,b9749ad3e5146a04f847533d8c6f1a54146aed20,include/CellShard/compiler/partial/log_sum_exp_state_v1.hh,f90e264ffe4baf498dc01e7f884e4bf7aa7f3388c45ed4c045e967361b6b63d5,6312,move,include/Cellerator/compiler/planning/partial/log_sum_exp_state_v1.hh,CE-CCP1-E03-009,CE-CCP1-E03-018-GATE,JBC-PROV-MOVE,source-frozen
git@github.com:tumlinso/CellShard.git,main,b9749ad3e5146a04f847533d8c6f1a54146aed20,include/CellShard/compiler/partial/moments_state_v1.hh,6a62085bad7eed3844bc10e930a941701818e7f0ee606c7094effefb84785cb2,5856,move,include/Cellerator/compiler/planning/partial/moments_state_v1.hh,CE-CCP1-E03-009,CE-CCP1-E03-018-GATE,JBC-PROV-MOVE,source-frozen
git@github.com:tumlinso/CellShard.git,main,b9749ad3e5146a04f847533d8c6f1a54146aed20,include/CellShard/compiler/partial/parameterized_function_v1.hh,375255582782e991bed410d83b2348383241b81279b56eb6120c823626f98acd,5397,move,include/Cellerator/compiler/planning/partial/parameterized_function_v1.hh,CE-CCP1-E03-009,CE-CCP1-E03-018-GATE,JBC-PROV-MOVE,source-frozen
git@github.com:tumlinso/CellShard.git,main,b9749ad3e5146a04f847533d8c6f1a54146aed20,include/CellShard/compiler/partial/partial_atom_v1.hh,a366c81093053a8b364f9065e865e9f6b0d0e8cf4ca611737a6b270f262ae1df,8778,move,include/Cellerator/compiler/planning/partial/partial_atom_v1.hh,CE-CCP1-E03-009,CE-CCP1-E03-018-GATE,JBC-PROV-MOVE,source-frozen
git@github.com:tumlinso/CellShard.git,main,b9749ad3e5146a04f847533d8c6f1a54146aed20,include/CellShard/compiler/partial/partial_image_v1.hh,509db8f50380a8b5f22f93e7e2d7fa4ef936bae02f509f9ffe2abe1a413bfe04,15584,move,include/Cellerator/compiler/planning/partial/partial_image_v1.hh,CE-CCP1-E03-009,CE-CCP1-E03-018-GATE,JBC-PROV-MOVE,source-frozen
git@github.com:tumlinso/CellShard.git,main,b9749ad3e5146a04f847533d8c6f1a54146aed20,include/CellShard/compiler/partial/promotion_v1.hh,472e2d1ec54c096524f7f02d4b350fba66314e0551a248c3975d195ad44b90c6,7625,move,include/Cellerator/compiler/planning/partial/promotion_v1.hh,CE-CCP1-E03-009,CE-CCP1-E03-018-GATE,JBC-PROV-MOVE,source-frozen
git@github.com:tumlinso/CellShard.git,main,b9749ad3e5146a04f847533d8c6f1a54146aed20,include/CellShard/compiler/partial/relation_contribution_v1.hh,e7a70c37daed500f0db536a5bbcf29255c20aa82043ae2b2180b354825c4663e,6737,move,include/Cellerator/compiler/planning/partial/relation_contribution_v1.hh,CE-CCP1-E03-009,CE-CCP1-E03-018-GATE,JBC-PROV-MOVE,source-frozen
git@github.com:tumlinso/CellShard.git,main,b9749ad3e5146a04f847533d8c6f1a54146aed20,include/CellShard/compiler/partial/segment_summary_v1.hh,b66ac7cfcaa8ffc5faa441863fd9fc64d9373744c8f45303a4cc232eed18f09e,4841,move,include/Cellerator/compiler/planning/partial/segment_summary_v1.hh,CE-CCP1-E03-009,CE-CCP1-E03-018-GATE,JBC-PROV-MOVE,source-frozen
git@github.com:tumlinso/CellShard.git,main,b9749ad3e5146a04f847533d8c6f1a54146aed20,include/CellShard/compiler/partial/static_transform_output_v1.hh,cffc3baa823b380f8feb8637c22e4879ed62045a3ebaf8b5eaa7d6de8d3e7296,5683,move,include/Cellerator/compiler/planning/partial/static_transform_output_v1.hh,CE-CCP1-E03-009,CE-CCP1-E03-018-GATE,JBC-PROV-MOVE,source-frozen
git@github.com:tumlinso/CellShard.git,main,b9749ad3e5146a04f847533d8c6f1a54146aed20,include/CellShard/compiler/partial/structural_partial_v1.hh,d8284df3e28c009eeda880cf7026154862f358fcc4c8cb89f32b1ca127848e73,9724,move,include/Cellerator/compiler/planning/partial/structural_partial_v1.hh,CE-CCP1-E03-009,CE-CCP1-E03-018-GATE,JBC-PROV-MOVE,source-frozen
git@github.com:tumlinso/CellShard.git,main,b9749ad3e5146a04f847533d8c6f1a54146aed20,include/CellShard/compiler/partial/trajectory_prefix_v1.hh,193e2e1282b13f62b9755ac462e351dd50e721f0e4a7e9a23ee6fc8114bb504f,5063,move,include/Cellerator/compiler/planning/partial/trajectory_prefix_v1.hh,CE-CCP1-E03-009,CE-CCP1-E03-018-GATE,JBC-PROV-MOVE,source-frozen
git@github.com:tumlinso/CellShard.git,main,b9749ad3e5146a04f847533d8c6f1a54146aed20,include/CellShard/compiler/partial/transform_partial_v1.hh,bad7cd3c957bb701a4c5e73da7dfbd8dd52d84e64f4576532650af706c2af67d,6207,move,include/Cellerator/compiler/planning/partial/transform_partial_v1.hh,CE-CCP1-E03-009,CE-CCP1-E03-018-GATE,JBC-PROV-MOVE,source-frozen
git@github.com:tumlinso/CellShard.git,main,b9749ad3e5146a04f847533d8c6f1a54146aed20,include/CellShard/compiler/schedule/distributed_certificate.hh,f13e0e410394831d8c8840d4e2b8ab0844204e43404add57dcf47fe4ba6eb1bc,1015,move,include/Cellerator/compiler/program/schedule/distributed_certificate.hh,CE-CCP1-E03-012,CE-CCP1-E03-018-GATE,JBC-PROV-MOVE,source-frozen
git@github.com:tumlinso/CellShard.git,main,b9749ad3e5146a04f847533d8c6f1a54146aed20,include/CellShard/compiler/schedule/portable_artifact.hh,f8eade294c54d6a9f8509e1be8de5f51ede4275abdd70e8f10a44c34700ff90a,2557,move,include/Cellerator/compiler/program/schedule/portable_artifact.hh,CE-CCP1-E03-012,CE-CCP1-E03-018-GATE,JBC-PROV-MOVE,source-frozen
git@github.com:tumlinso/CellShard.git,main,b9749ad3e5146a04f847533d8c6f1a54146aed20,include/CellShard/compiler/schedule/replay_mode.hh,7e21afddecb257059c7c60847fbe4556d08cc7164b3a397de28ce510adadb58d,999,move,include/Cellerator/compiler/program/schedule/replay_mode.hh,CE-CCP1-E03-012,CE-CCP1-E03-018-GATE,JBC-PROV-MOVE,source-frozen
git@github.com:tumlinso/CellShard.git,main,b9749ad3e5146a04f847533d8c6f1a54146aed20,include/CellShard/interop/cellerator/evidence_adapter_v1.hh,b09612e9aabdaff07acf43a557cfee43966542b6adcf8bcdbbdfa1610dae0142,7911,wrap temporarily,Cellerator:assigned-by-CE-CCP1-E02-015;CellShard:include/CellShard/interop/cellerator/evidence_adapter_v1.hh,CE-CCP1-E02-015,CE-CCP1-E02-018-GATE,JBC-PROV-WRAP-TEMPORARILY,source-frozen
git@github.com:tumlinso/CellShard.git,main,b9749ad3e5146a04f847533d8c6f1a54146aed20,include/CellShard/runtime/v2/async_file_atom_source.hh,b184955bce418852cca6ea3a54b10124c0122e5a8423c02e70e40819a8a48867,1640,preserve in place,CellShard:include/CellShard/runtime/v2/async_file_atom_source.hh,CE-CCP1-E03-013,CE-CCP1-E03-018-GATE,JBC-PROV-PRESERVE-IN-PLACE,source-frozen
git@github.com:tumlinso/CellShard.git,main,b9749ad3e5146a04f847533d8c6f1a54146aed20,include/CellShard/runtime/v2/atom_residency.hh,e561d6465fcd230c878f2df9eeb20d675cb6625f9859ecd3418538c0457a382a,2549,preserve in place,CellShard:include/CellShard/runtime/v2/atom_residency.hh,CE-CCP1-E03-013,CE-CCP1-E03-018-GATE,JBC-PROV-PRESERVE-IN-PLACE,source-frozen
git@github.com:tumlinso/CellShard.git,main,b9749ad3e5146a04f847533d8c6f1a54146aed20,include/CellShard/runtime/v2/atom_source.hh,5de3dda547416f27f02a6a79c9b245272b4de5ea1c54633924842d36f43a8e36,2949,preserve in place,CellShard:include/CellShard/runtime/v2/atom_source.hh,CE-CCP1-E03-013,CE-CCP1-E03-018-GATE,JBC-PROV-PRESERVE-IN-PLACE,source-frozen
git@github.com:tumlinso/CellShard.git,main,b9749ad3e5146a04f847533d8c6f1a54146aed20,include/CellShard/runtime/v2/command_ir.hh,16c048c103fb6a4e8d3ced5f686a8a86c9b23b5453cafb033b5784aebc6a108e,1633,preserve in place,CellShard:include/CellShard/runtime/v2/command_ir.hh,CE-CCP1-E03-013,CE-CCP1-E03-018-GATE,JBC-PROV-PRESERVE-IN-PLACE,source-frozen
git@github.com:tumlinso/CellShard.git,main,b9749ad3e5146a04f847533d8c6f1a54146aed20,include/CellShard/runtime/v2/device_transport.cuh,7c347a79678891ad2d67237b24593edf07003b186f96f4f323b19b601e5e782b,1255,preserve in place,CellShard:include/CellShard/runtime/v2/device_transport.cuh,CE-CCP1-E03-013,CE-CCP1-E03-018-GATE,JBC-PROV-PRESERVE-IN-PLACE,source-frozen
git@github.com:tumlinso/CellShard.git,main,b9749ad3e5146a04f847533d8c6f1a54146aed20,include/CellShard/runtime/v2/exact_read_baseline.hh,765ca4d7376abaed2c106511051773aa48c6a0c490bb7ca1a8600f777d34b2be,333,preserve in place,CellShard:include/CellShard/runtime/v2/exact_read_baseline.hh,CE-CCP1-E03-013,CE-CCP1-E03-018-GATE,JBC-PROV-PRESERVE-IN-PLACE,source-frozen
git@github.com:tumlinso/CellShard.git,main,b9749ad3e5146a04f847533d8c6f1a54146aed20,include/CellShard/runtime/v2/host_staged_transport.cuh,5b347ac06a35ebe6acf78387eb686f9925cd8e2edf334b54c02ca2afd21c8328,998,preserve in place,CellShard:include/CellShard/runtime/v2/host_staged_transport.cuh,CE-CCP1-E03-013,CE-CCP1-E03-018-GATE,JBC-PROV-PRESERVE-IN-PLACE,source-frozen
git@github.com:tumlinso/CellShard.git,main,b9749ad3e5146a04f847533d8c6f1a54146aed20,include/CellShard/runtime/v2/logical_node.hh,806c0a91d3f47ee2efc0fa132e419e2500ada4931285e40028e62c9c015e8a60,1634,preserve in place,CellShard:include/CellShard/runtime/v2/logical_node.hh,CE-CCP1-E03-013,CE-CCP1-E03-018-GATE,JBC-PROV-PRESERVE-IN-PLACE,source-frozen
git@github.com:tumlinso/CellShard.git,main,b9749ad3e5146a04f847533d8c6f1a54146aed20,include/CellShard/runtime/v2/nccl_collective_provider.cuh,93bde098cfdd32c00613a1fd2207645048c966cf2409936f43ff7906b72ee624,1351,preserve in place,CellShard:include/CellShard/runtime/v2/nccl_collective_provider.cuh,CE-CCP1-E03-013,CE-CCP1-E03-018-GATE,JBC-PROV-PRESERVE-IN-PLACE,source-frozen
git@github.com:tumlinso/CellShard.git,main,b9749ad3e5146a04f847533d8c6f1a54146aed20,include/CellShard/runtime/v2/numabraid_capability.hh,c6ca08a9dc86f6e6de4a354fda3855c463f38cf9cd1fdf6276d1f22ab64b0e5a,1125,preserve in place,CellShard:include/CellShard/runtime/v2/numabraid_capability.hh,CE-CCP1-E03-013,CE-CCP1-E03-018-GATE,JBC-PROV-PRESERVE-IN-PLACE,source-frozen
git@github.com:tumlinso/CellShard.git,main,b9749ad3e5146a04f847533d8c6f1a54146aed20,include/CellShard/runtime/v2/numabraid_transport.hh,aacfef2cb7899f1e05b406abe98bf5e2cf984e74eeda5199c944d906866dbc76,2711,preserve in place,CellShard:include/CellShard/runtime/v2/numabraid_transport.hh,CE-CCP1-E03-013,CE-CCP1-E03-018-GATE,JBC-PROV-PRESERVE-IN-PLACE,source-frozen
git@github.com:tumlinso/CellShard.git,main,b9749ad3e5146a04f847533d8c6f1a54146aed20,include/CellShard/runtime/v2/pinned_staging_pool.hh,4a5834f3fc51fbaa47f20b0fbf76ef3dfc26445ca19b477b57915d7b33c428e1,1904,preserve in place,CellShard:include/CellShard/runtime/v2/pinned_staging_pool.hh,CE-CCP1-E03-013,CE-CCP1-E03-018-GATE,JBC-PROV-PRESERVE-IN-PLACE,source-frozen
git@github.com:tumlinso/CellShard.git,main,b9749ad3e5146a04f847533d8c6f1a54146aed20,include/CellShard/runtime/v2/read_plan.hh,90a1b38cc146ba69f7e09b9e7723afbcdeca28beb29ad38bf1f93e24393c3eb4,1152,preserve in place,CellShard:include/CellShard/runtime/v2/read_plan.hh,CE-CCP1-E03-013,CE-CCP1-E03-018-GATE,JBC-PROV-PRESERVE-IN-PLACE,source-frozen
git@github.com:tumlinso/CellShard.git,main,b9749ad3e5146a04f847533d8c6f1a54146aed20,include/CellShard/runtime/v2/residency_admission.hh,beb8fb8b5a39d72644e2da51d8237ceb9012520587b896152002aed6d92b2e11,1248,preserve in place,CellShard:include/CellShard/runtime/v2/residency_admission.hh,CE-CCP1-E03-013,CE-CCP1-E03-018-GATE,JBC-PROV-PRESERVE-IN-PLACE,source-frozen
git@github.com:tumlinso/CellShard.git,main,b9749ad3e5146a04f847533d8c6f1a54146aed20,include/CellShard/runtime/v2/residency_lease.hh,639d076e0c98e9f5b506bf0dbda03786bb70505dac6ea797418080282f98cfae,1513,preserve in place,CellShard:include/CellShard/runtime/v2/residency_lease.hh,CE-CCP1-E03-013,CE-CCP1-E03-018-GATE,JBC-PROV-PRESERVE-IN-PLACE,source-frozen
git@github.com:tumlinso/CellShard.git,main,b9749ad3e5146a04f847533d8c6f1a54146aed20,include/CellShard/runtime/v2/route_calibration.hh,e7cb05995494b000b5cb41d257328d7c204a2b8a6985a949a25d258003a71039,2127,preserve in place,CellShard:include/CellShard/runtime/v2/route_calibration.hh,CE-CCP1-E03-013,CE-CCP1-E03-018-GATE,JBC-PROV-PRESERVE-IN-PLACE,source-frozen
git@github.com:tumlinso/CellShard.git,main,b9749ad3e5146a04f847533d8c6f1a54146aed20,include/CellShard/runtime/v2/runtime_recovery.hh,901ac8d9fc3c2700e82695bd212c31dfa80292444f231194f92f60d610ea2a38,1217,preserve in place,CellShard:include/CellShard/runtime/v2/runtime_recovery.hh,CE-CCP1-E03-013,CE-CCP1-E03-018-GATE,JBC-PROV-PRESERVE-IN-PLACE,source-frozen
git@github.com:tumlinso/CellShard.git,main,b9749ad3e5146a04f847533d8c6f1a54146aed20,include/CellShard/runtime/v2/storage_endpoint.hh,760387e533ba9aae44b7467363cf639a75f3743e0414b2a7edd2960698982abf,2018,preserve in place,CellShard:include/CellShard/runtime/v2/storage_endpoint.hh,CE-CCP1-E03-013,CE-CCP1-E03-018-GATE,JBC-PROV-PRESERVE-IN-PLACE,source-frozen
git@github.com:tumlinso/CellShard.git,main,b9749ad3e5146a04f847533d8c6f1a54146aed20,include/CellShard/runtime/v2/topology_profile.hh,b379d2255e4b9e5b06dce119bfa86587dd1f7faf0a095a14d54c92666386bb8a,3663,preserve in place,CellShard:include/CellShard/runtime/v2/topology_profile.hh,CE-CCP1-E03-013,CE-CCP1-E03-018-GATE,JBC-PROV-PRESERVE-IN-PLACE,source-frozen
git@github.com:tumlinso/CellShard.git,main,b9749ad3e5146a04f847533d8c6f1a54146aed20,include/CellShard/runtime/v2/transport_registry.hh,32cc283c7838782b68943ba0e6cb7158feecc0ff04acc528edd3dbc42c9190e9,2603,preserve in place,CellShard:include/CellShard/runtime/v2/transport_registry.hh,CE-CCP1-E03-013,CE-CCP1-E03-018-GATE,JBC-PROV-PRESERVE-IN-PLACE,source-frozen
git@github.com:tumlinso/CellShard.git,main,b9749ad3e5146a04f847533d8c6f1a54146aed20,include/CellShard/runtime/v2/worker_cuda_graph.cuh,424474e7797d4a2aa547850938305eb0a298ba2e04142e2294ab665901c14b9b,1197,preserve in place,CellShard:include/CellShard/runtime/v2/worker_cuda_graph.cuh,CE-CCP1-E03-013,CE-CCP1-E03-018-GATE,JBC-PROV-PRESERVE-IN-PLACE,source-frozen
git@github.com:tumlinso/CellShard.git,main,b9749ad3e5146a04f847533d8c6f1a54146aed20,src/artifact/atom_store/atom_compression_experiment_v1.cc,be002ee58ae6448fab40ac4381259e089febcda038aa72f0b66e1eb791a9963b,1666,preserve in place,CellShard:src/artifact/atom_store/atom_compression_experiment_v1.cc,CE-CCP1-E03-013,CE-CCP1-E03-018-GATE,JBC-PROV-PRESERVE-IN-PLACE,source-frozen
git@github.com:tumlinso/CellShard.git,main,b9749ad3e5146a04f847533d8c6f1a54146aed20,src/artifact/atom_store/codec_registry_v1.cc,48994890d0b006e27b523e5615b9292ea1b32ad6723ad696cf5de0b727dc4a3f,2332,preserve in place,CellShard:src/artifact/atom_store/codec_registry_v1.cc,CE-CCP1-E03-013,CE-CCP1-E03-018-GATE,JBC-PROV-PRESERVE-IN-PLACE,source-frozen
git@github.com:tumlinso/CellShard.git,main,b9749ad3e5146a04f847533d8c6f1a54146aed20,src/artifact/atom_store/compatibility_import_v1.cc,943f8cf2ebfeb56f76c57ddd32a57d43b18dc2a2367f07c2b31447225e9f04af,1816,preserve in place,CellShard:src/artifact/atom_store/compatibility_import_v1.cc,CE-CCP1-E03-013,CE-CCP1-E03-018-GATE,JBC-PROV-PRESERVE-IN-PLACE,source-frozen
git@github.com:tumlinso/CellShard.git,main,b9749ad3e5146a04f847533d8c6f1a54146aed20,src/artifact/atom_store/consolidation_v1.cc,456ee1a33ddd0525c1f1a297a1c3cbacb44419ccc5f7341ea78508a9c7f70fde,1505,preserve in place,CellShard:src/artifact/atom_store/consolidation_v1.cc,CE-CCP1-E03-013,CE-CCP1-E03-018-GATE,JBC-PROV-PRESERVE-IN-PLACE,source-frozen
git@github.com:tumlinso/CellShard.git,main,b9749ad3e5146a04f847533d8c6f1a54146aed20,src/artifact/atom_store/cpu_block_codec_v1.cc,e38d63be79e8aac801ad17c0d8fa0265611e3f86dca838a74aca4ba5fbfff2a1,1666,preserve in place,CellShard:src/artifact/atom_store/cpu_block_codec_v1.cc,CE-CCP1-E03-013,CE-CCP1-E03-018-GATE,JBC-PROV-PRESERVE-IN-PLACE,source-frozen
git@github.com:tumlinso/CellShard.git,main,b9749ad3e5146a04f847533d8c6f1a54146aed20,src/artifact/atom_store/gpu_atom_link_v1.cc,0592cbf6753b4aa707824967b90112df8d9526c6319dc8b88a4358dde5462883,935,preserve in place,CellShard:src/artifact/atom_store/gpu_atom_link_v1.cc,CE-CCP1-E03-013,CE-CCP1-E03-018-GATE,JBC-PROV-PRESERVE-IN-PLACE,source-frozen
git@github.com:tumlinso/CellShard.git,main,b9749ad3e5146a04f847533d8c6f1a54146aed20,src/artifact/atom_store/gpu_atom_link_v1.cu,3ddabfb76b5db9a5d7db18e45c27e7c8df9abbdd9efa42e2e5134c09d4563c7e,1372,preserve in place,CellShard:src/artifact/atom_store/gpu_atom_link_v1.cu,CE-CCP1-E03-013,CE-CCP1-E03-018-GATE,JBC-PROV-PRESERVE-IN-PLACE,source-frozen
git@github.com:tumlinso/CellShard.git,main,b9749ad3e5146a04f847533d8c6f1a54146aed20,src/artifact/atom_store/multi_range_source_v1.cc,ae5b5910ab78671e682b7e7e53908bb9c4ea3641f02ab0dca422d60cee69a0f3,1191,preserve in place,CellShard:src/artifact/atom_store/multi_range_source_v1.cc,CE-CCP1-E03-013,CE-CCP1-E03-018-GATE,JBC-PROV-PRESERVE-IN-PLACE,source-frozen
git@github.com:tumlinso/CellShard.git,main,b9749ad3e5146a04f847533d8c6f1a54146aed20,src/artifact/atom_store/publication_v1.cc,e0994a9e8a4e0713d2d63cf4ca2d36c391ee9ef8b8780d4554230e70742c4fd8,1621,preserve in place,CellShard:src/artifact/atom_store/publication_v1.cc,CE-CCP1-E03-013,CE-CCP1-E03-018-GATE,JBC-PROV-PRESERVE-IN-PLACE,source-frozen
git@github.com:tumlinso/CellShard.git,main,b9749ad3e5146a04f847533d8c6f1a54146aed20,src/artifact/atom_store/reachability_gc_v1.cc,3e9840be9f8ab762d8b915d5e948a301550f0ed7de079f862317a3bec19cc3e6,1739,preserve in place,CellShard:src/artifact/atom_store/reachability_gc_v1.cc,CE-CCP1-E03-013,CE-CCP1-E03-018-GATE,JBC-PROV-PRESERVE-IN-PLACE,source-frozen
git@github.com:tumlinso/CellShard.git,main,b9749ad3e5146a04f847533d8c6f1a54146aed20,src/artifact/atom_store/reader_v1.cc,4eb52d68552a07ec94d35ec64b83f787518af0ee0aea88cd90a8f63e8a3591f8,2547,preserve in place,CellShard:src/artifact/atom_store/reader_v1.cc,CE-CCP1-E03-013,CE-CCP1-E03-018-GATE,JBC-PROV-PRESERVE-IN-PLACE,source-frozen
git@github.com:tumlinso/CellShard.git,main,b9749ad3e5146a04f847533d8c6f1a54146aed20,src/artifact/atom_store/recovery_v1.cc,bdb7950509dea8991b41bf5b9974b5ad62d13e17a96b10a269d46ce44fbf283d,1155,preserve in place,CellShard:src/artifact/atom_store/recovery_v1.cc,CE-CCP1-E03-013,CE-CCP1-E03-018-GATE,JBC-PROV-PRESERVE-IN-PLACE,source-frozen
git@github.com:tumlinso/CellShard.git,main,b9749ad3e5146a04f847533d8c6f1a54146aed20,src/artifact/atom_store/writer_v1.cc,034f2b4fe7fa098c22b5bba4f70f9437d3abe7d98b736a47afe5c2821bdfea1e,3532,preserve in place,CellShard:src/artifact/atom_store/writer_v1.cc,CE-CCP1-E03-013,CE-CCP1-E03-018-GATE,JBC-PROV-PRESERVE-IN-PLACE,source-frozen
git@github.com:tumlinso/CellShard.git,main,b9749ad3e5146a04f847533d8c6f1a54146aed20,src/compiler/atom/common_atom_v1.cc,2e87fe51b596374762511e5a224fcbbf7b0c7c6d7ffbc0cde13e4dafc1a8e58f,5228,move,src/compiler/discovery/atom/common_atom_v1.cc,CE-CCP1-E02-010,CE-CCP1-E02-018-GATE,JBC-PROV-MOVE,source-frozen
git@github.com:tumlinso/CellShard.git,main,b9749ad3e5146a04f847533d8c6f1a54146aed20,src/compiler/evidence/evidence_atlas_image_v1.cc,915a6aa386d684d0eb9c0cb36129c63e2fc31456dc3097a99d4b4e9e3817257b,7605,move,src/compiler/discovery/evidence/evidence_atlas_image_v1.cc,CE-CCP1-E02-002,CE-CCP1-E02-018-GATE,JBC-PROV-MOVE,source-frozen
git@github.com:tumlinso/CellShard.git,main,b9749ad3e5146a04f847533d8c6f1a54146aed20,src/compiler/evidence/evidence_atlas_merge_v1.cc,c4e77551aea22a907e1cf7c1ce63b32a292cda9bb163e3cbcbb6fd075cf0a141,3244,move,src/compiler/discovery/evidence/evidence_atlas_merge_v1.cc,CE-CCP1-E02-002,CE-CCP1-E02-018-GATE,JBC-PROV-MOVE,source-frozen
git@github.com:tumlinso/CellShard.git,main,b9749ad3e5146a04f847533d8c6f1a54146aed20,src/compiler/evidence/evidence_atlas_v1.cc,8d493e3f189ce5919c7212c6df93f6e871a59f8febbfc3b1c80dbdacaddff6f4,3080,move,src/compiler/discovery/evidence/evidence_atlas_v1.cc,CE-CCP1-E02-002,CE-CCP1-E02-018-GATE,JBC-PROV-MOVE,source-frozen
git@github.com:tumlinso/CellShard.git,main,b9749ad3e5146a04f847533d8c6f1a54146aed20,src/compiler/grammar/induced/canonical_production_v1.hh,c5f26ff92a62fdcf2c1070e93f59387a3c80cbe7428f9d927303261d5e4d95e8,2773,move,src/compiler/composition/grammar/induced/canonical_production_v1.hh,CE-CCP1-E03-004,CE-CCP1-E03-018-GATE,JBC-PROV-MOVE,source-frozen
git@github.com:tumlinso/CellShard.git,main,b9749ad3e5146a04f847533d8c6f1a54146aed20,src/compiler/grammar/induced/complete_cost_v1.hh,bdbbe83c47a82f9b01c7f598bd054de08f5e3b419564ca1a48fc73ca729235b0,2557,move,src/compiler/composition/grammar/induced/complete_cost_v1.hh,CE-CCP1-E03-004,CE-CCP1-E03-018-GATE,JBC-PROV-MOVE,source-frozen
git@github.com:tumlinso/CellShard.git,main,b9749ad3e5146a04f847533d8c6f1a54146aed20,src/compiler/grammar/induced/flat_dag_comparison_v1.hh,42702dc1066f4b4b8468345e5daa0b0f029d4ebf430d28ed4b40b9fa67e07606,2039,move,src/compiler/composition/grammar/induced/flat_dag_comparison_v1.hh,CE-CCP1-E03-004,CE-CCP1-E03-018-GATE,JBC-PROV-MOVE,source-frozen
git@github.com:tumlinso/CellShard.git,main,b9749ad3e5146a04f847533d8c6f1a54146aed20,src/compiler/grammar/induced/frequency_stability_v1.hh,427b299339830805d903301cfdb66a686ccee12ac71dc6801ec511bfeb8ea8b3,2708,move,src/compiler/composition/grammar/induced/frequency_stability_v1.hh,CE-CCP1-E03-004,CE-CCP1-E03-018-GATE,JBC-PROV-MOVE,source-frozen
git@github.com:tumlinso/CellShard.git,main,b9749ad3e5146a04f847533d8c6f1a54146aed20,src/compiler/grammar/induced/grammar_bounds_v1.hh,d6f017712bc77704e6b0e0474cf2c2b865f3a6bcd94ad1f7a4d60fb331c01de2,2199,move,src/compiler/composition/grammar/induced/grammar_bounds_v1.hh,CE-CCP1-E03-004,CE-CCP1-E03-018-GATE,JBC-PROV-MOVE,source-frozen
git@github.com:tumlinso/CellShard.git,main,b9749ad3e5146a04f847533d8c6f1a54146aed20,src/compiler/grammar/induced/induced_promotion_gate_v1.hh,86fb8ed42d92b68d52cc4546440b237a548d5923a4bbfd86ca7691ddc4b21443,2983,move,src/compiler/composition/grammar/induced/induced_promotion_gate_v1.hh,CE-CCP1-E03-004,CE-CCP1-E03-018-GATE,JBC-PROV-MOVE,source-frozen
git@github.com:tumlinso/CellShard.git,main,b9749ad3e5146a04f847533d8c6f1a54146aed20,src/compiler/grammar/induced/mdl_complexity_v1.hh,212d41c3a7f0b597c8d92dbbfb31ac6ad80da35cd206982d6c81069fdc2c61ad,2650,move,src/compiler/composition/grammar/induced/mdl_complexity_v1.hh,CE-CCP1-E03-004,CE-CCP1-E03-018-GATE,JBC-PROV-MOVE,source-frozen
git@github.com:tumlinso/CellShard.git,main,b9749ad3e5146a04f847533d8c6f1a54146aed20,src/compiler/grammar/induced/observation_input_v1.hh,cb65b3e26fe626f40db80c37ad49e5a3b91ef9b64ea65b7c211041fd85ef0bdb,2779,move,src/compiler/composition/grammar/induced/observation_input_v1.hh,CE-CCP1-E03-004,CE-CCP1-E03-018-GATE,JBC-PROV-MOVE,source-frozen
git@github.com:tumlinso/CellShard.git,main,b9749ad3e5146a04f847533d8c6f1a54146aed20,src/compiler/grammar/induced/promotion_evidence_v1.hh,76e3e8f269109417e6fb69f439714628ad7caeb74123a6b928153b5765e03147,3316,move,src/compiler/composition/grammar/induced/promotion_evidence_v1.hh,CE-CCP1-E03-004,CE-CCP1-E03-018-GATE,JBC-PROV-MOVE,source-frozen
git@github.com:tumlinso/CellShard.git,main,b9749ad3e5146a04f847533d8c6f1a54146aed20,src/compiler/grammar/induced/repeated_candidate_v1.hh,dfd85ce3ac958f9ea3c1aa637542a17d9020b18a13d4097e7da5662d42d5a8e5,2979,move,src/compiler/composition/grammar/induced/repeated_candidate_v1.hh,CE-CCP1-E03-004,CE-CCP1-E03-018-GATE,JBC-PROV-MOVE,source-frozen
git@github.com:tumlinso/CellShard.git,main,b9749ad3e5146a04f847533d8c6f1a54146aed20,src/compiler/graph/global_ir_serialization.cc,82f9c9c62cc6f82a1dec693b337614198a767e7850577fc83785bbf6a328622f,2977,move,src/compiler/program/global_ir_serialization.cc,CE-CCP1-E03-010,CE-CCP1-E03-018-GATE,JBC-PROV-MOVE,source-frozen
git@github.com:tumlinso/CellShard.git,main,b9749ad3e5146a04f847533d8c6f1a54146aed20,src/compiler/graph/graph_recipe.cc,274505b0d315ab8ce7209bfc6eb963b9c862db9e04a9444fede60fe5dafbd412,1043,move,src/compiler/program/graph_recipe.cc,CE-CCP1-E03-010,CE-CCP1-E03-018-GATE,JBC-PROV-MOVE,source-frozen
git@github.com:tumlinso/CellShard.git,main,b9749ad3e5146a04f847533d8c6f1a54146aed20,src/compiler/graph/mock_operation_provider.cc,2388187e959ffbf58949f3a3f0f49f2464b8ca099050af2c9d7b1a3fc950099e,1718,move,src/compiler/program/mock_operation_provider.cc,CE-CCP1-E03-010,CE-CCP1-E03-018-GATE,JBC-PROV-MOVE,source-frozen
git@github.com:tumlinso/CellShard.git,main,b9749ad3e5146a04f847533d8c6f1a54146aed20,src/compiler/graph/partial_result_tree.cc,9bfdb670216009774e8f209665e569571bce634133a69f6a206f1fb47d1feb2a,1462,move,src/compiler/program/partial_result_tree.cc,CE-CCP1-E03-010,CE-CCP1-E03-018-GATE,JBC-PROV-MOVE,source-frozen
git@github.com:tumlinso/CellShard.git,main,b9749ad3e5146a04f847533d8c6f1a54146aed20,src/compiler/schedule/distributed_certificate.cc,313f9f110f923817138758292cbab48617e55ac33784c6f1922b9343f84534c1,1090,move,src/compiler/program/schedule/distributed_certificate.cc,CE-CCP1-E03-012,CE-CCP1-E03-018-GATE,JBC-PROV-MOVE,source-frozen
git@github.com:tumlinso/CellShard.git,main,b9749ad3e5146a04f847533d8c6f1a54146aed20,src/runtime/v2/async_file_atom_source.cc,b7b71bf85f4e0aa94c3e2aef92a77550430593d2be573e65ab0add2a97965f36,6107,preserve in place,CellShard:src/runtime/v2/async_file_atom_source.cc,CE-CCP1-E03-013,CE-CCP1-E03-018-GATE,JBC-PROV-PRESERVE-IN-PLACE,source-frozen
git@github.com:tumlinso/CellShard.git,main,b9749ad3e5146a04f847533d8c6f1a54146aed20,src/runtime/v2/command_ir.cc,6f473cac02c8f86c923ce541bd8f47f9b9a74f5727d1aea502f629fef91e923b,3419,preserve in place,CellShard:src/runtime/v2/command_ir.cc,CE-CCP1-E03-013,CE-CCP1-E03-018-GATE,JBC-PROV-PRESERVE-IN-PLACE,source-frozen
git@github.com:tumlinso/CellShard.git,main,b9749ad3e5146a04f847533d8c6f1a54146aed20,src/runtime/v2/cuda_pinned_staging_allocator.cu,60a9166cfeff300fda9a452454d38d3eff3c966db7206dcef6c430cea37050a1,877,preserve in place,CellShard:src/runtime/v2/cuda_pinned_staging_allocator.cu,CE-CCP1-E03-013,CE-CCP1-E03-018-GATE,JBC-PROV-PRESERVE-IN-PLACE,source-frozen
git@github.com:tumlinso/CellShard.git,main,b9749ad3e5146a04f847533d8c6f1a54146aed20,src/runtime/v2/device_transport.cu,c79a75c9be358ed0546922c46a1834867b9c3b8bf8d9bc8b1f2b5332a88acbc6,2445,preserve in place,CellShard:src/runtime/v2/device_transport.cu,CE-CCP1-E03-013,CE-CCP1-E03-018-GATE,JBC-PROV-PRESERVE-IN-PLACE,source-frozen
git@github.com:tumlinso/CellShard.git,main,b9749ad3e5146a04f847533d8c6f1a54146aed20,src/runtime/v2/exact_read_baseline.cc,8804ff3d41abebb0e3b2a8a6a14ffc4f4f01fc7dc9dba00355a911fb3e6bc7bc,1550,preserve in place,CellShard:src/runtime/v2/exact_read_baseline.cc,CE-CCP1-E03-013,CE-CCP1-E03-018-GATE,JBC-PROV-PRESERVE-IN-PLACE,source-frozen
git@github.com:tumlinso/CellShard.git,main,b9749ad3e5146a04f847533d8c6f1a54146aed20,src/runtime/v2/host_staged_transport.cc,a166d2550bcadf2f72a61b16d6873798d7da1a4870c8ba562fb5c38c7caef3d4,884,preserve in place,CellShard:src/runtime/v2/host_staged_transport.cc,CE-CCP1-E03-013,CE-CCP1-E03-018-GATE,JBC-PROV-PRESERVE-IN-PLACE,source-frozen
git@github.com:tumlinso/CellShard.git,main,b9749ad3e5146a04f847533d8c6f1a54146aed20,src/runtime/v2/host_staged_transport.cu,1a6dba29a4fa092fbbb53683ddc5e4c162399a5b4daef9fd8fc6bfc45cfa9805,1939,preserve in place,CellShard:src/runtime/v2/host_staged_transport.cu,CE-CCP1-E03-013,CE-CCP1-E03-018-GATE,JBC-PROV-PRESERVE-IN-PLACE,source-frozen
git@github.com:tumlinso/CellShard.git,main,b9749ad3e5146a04f847533d8c6f1a54146aed20,src/runtime/v2/nccl_collective_provider.cu,e29b57f0c3cb0caab3ca85647566eef687c0840dd5d20c22a60253ee159abe23,5467,preserve in place,CellShard:src/runtime/v2/nccl_collective_provider.cu,CE-CCP1-E03-013,CE-CCP1-E03-018-GATE,JBC-PROV-PRESERVE-IN-PLACE,source-frozen
git@github.com:tumlinso/CellShard.git,main,b9749ad3e5146a04f847533d8c6f1a54146aed20,src/runtime/v2/numabraid_build.cmake,95020e537bea6c7e92e92d5913090737571a8aa4ff03603928a3d060a185612a,618,preserve in place,CellShard:src/runtime/v2/numabraid_build.cmake,CE-CCP1-E03-013,CE-CCP1-E03-018-GATE,JBC-PROV-PRESERVE-IN-PLACE,source-frozen
git@github.com:tumlinso/CellShard.git,main,b9749ad3e5146a04f847533d8c6f1a54146aed20,src/runtime/v2/numabraid_transport.cc,d19ee59fb1fc5a807f64589fd84fc1e076efea461d6ad548697d30857cbc7378,2279,preserve in place,CellShard:src/runtime/v2/numabraid_transport.cc,CE-CCP1-E03-013,CE-CCP1-E03-018-GATE,JBC-PROV-PRESERVE-IN-PLACE,source-frozen
git@github.com:tumlinso/CellShard.git,main,b9749ad3e5146a04f847533d8c6f1a54146aed20,src/runtime/v2/pinned_staging_pool.cc,b3c1270972d500ed2b2e5635c6f796e7396468368586cfaf03876e49d6c769da,3373,preserve in place,CellShard:src/runtime/v2/pinned_staging_pool.cc,CE-CCP1-E03-013,CE-CCP1-E03-018-GATE,JBC-PROV-PRESERVE-IN-PLACE,source-frozen
git@github.com:tumlinso/CellShard.git,main,b9749ad3e5146a04f847533d8c6f1a54146aed20,src/runtime/v2/read_plan.cc,083b24d21bd0bde6e79baa97dab7aeb1a79089736b0ab1513f2de90e8786168f,3128,preserve in place,CellShard:src/runtime/v2/read_plan.cc,CE-CCP1-E03-013,CE-CCP1-E03-018-GATE,JBC-PROV-PRESERVE-IN-PLACE,source-frozen
git@github.com:tumlinso/CellShard.git,main,b9749ad3e5146a04f847533d8c6f1a54146aed20,src/runtime/v2/residency_admission.cc,9a4650197454ec2e384fc1724ed8d6c7ce1e34f41d91cf1c77b4f714a9d81cae,3408,preserve in place,CellShard:src/runtime/v2/residency_admission.cc,CE-CCP1-E03-013,CE-CCP1-E03-018-GATE,JBC-PROV-PRESERVE-IN-PLACE,source-frozen
git@github.com:tumlinso/CellShard.git,main,b9749ad3e5146a04f847533d8c6f1a54146aed20,src/runtime/v2/residency_lease.cc,b904097025bfc5a725c95c391baaad624e13ca0ff64dcdfd1d609ba62157e551,4247,preserve in place,CellShard:src/runtime/v2/residency_lease.cc,CE-CCP1-E03-013,CE-CCP1-E03-018-GATE,JBC-PROV-PRESERVE-IN-PLACE,source-frozen
git@github.com:tumlinso/CellShard.git,main,b9749ad3e5146a04f847533d8c6f1a54146aed20,src/runtime/v2/runtime_recovery.cc,0605fa36c3590e2a7dce3323db717df5849c000872ecb06948d57b5bcc58506a,3391,preserve in place,CellShard:src/runtime/v2/runtime_recovery.cc,CE-CCP1-E03-013,CE-CCP1-E03-018-GATE,JBC-PROV-PRESERVE-IN-PLACE,source-frozen
git@github.com:tumlinso/CellShard.git,main,b9749ad3e5146a04f847533d8c6f1a54146aed20,src/runtime/v2/worker_cuda_graph.cu,b62f436ea792f4c0effb383d68d253e0925f382cc4c02507e8e8da49fb9406f2,5772,preserve in place,CellShard:src/runtime/v2/worker_cuda_graph.cu,CE-CCP1-E03-013,CE-CCP1-E03-018-GATE,JBC-PROV-PRESERVE-IN-PLACE,source-frozen
git@github.com:tumlinso/CellShard.git,main,b9749ad3e5146a04f847533d8c6f1a54146aed20,tests/jbc/atom/atom_atomicity_v1_test.cc,46c1f581d116d2679df52e2e9d4a0cf1e6e40b6a376fafaa228da3efeab4e946,5673,adapt,tests/compiler/discovery/atom/atom_atomicity_v1_test.cc,CE-CCP1-E02-016,CE-CCP1-E02-018-GATE,JBC-PROV-ADAPT,source-frozen
git@github.com:tumlinso/CellShard.git,main,b9749ad3e5146a04f847533d8c6f1a54146aed20,tests/jbc/atom/atom_dependency_invalidation_plane_v1_test.cc,7cd46bc6ea78048bfda3ee9c7575df74b5cfd7882413e03b18b987c46f2c5806,4610,adapt,tests/compiler/discovery/atom/atom_dependency_invalidation_plane_v1_test.cc,CE-CCP1-E02-016,CE-CCP1-E02-018-GATE,JBC-PROV-ADAPT,source-frozen
git@github.com:tumlinso/CellShard.git,main,b9749ad3e5146a04f847533d8c6f1a54146aed20,tests/jbc/atom/atom_evidence_plane_v1_test.cc,c476678425a3648d9402d886455b209d1735ddc61ea7547eb76bf16165cddf6f,3749,adapt,tests/compiler/discovery/atom/atom_evidence_plane_v1_test.cc,CE-CCP1-E02-016,CE-CCP1-E02-018-GATE,JBC-PROV-ADAPT,source-frozen
git@github.com:tumlinso/CellShard.git,main,b9749ad3e5146a04f847533d8c6f1a54146aed20,tests/jbc/atom/atom_executable_affordance_plane_v1_test.cc,a82804a6d28b78653f09466e0967f02caa0cfe9b55a4a208f1aac25298072ea6,4600,adapt,tests/compiler/discovery/atom/atom_executable_affordance_plane_v1_test.cc,CE-CCP1-E02-016,CE-CCP1-E02-018-GATE,JBC-PROV-ADAPT,source-frozen
git@github.com:tumlinso/CellShard.git,main,b9749ad3e5146a04f847533d8c6f1a54146aed20,tests/jbc/atom/atom_gradient_plane_v1_test.cc,fd9b660148885a42ab992cd3d3957d8b7ff90c9ade0a5f31c7fcf7cf20af3bfb,4967,adapt,tests/compiler/discovery/atom/atom_gradient_plane_v1_test.cc,CE-CCP1-E02-016,CE-CCP1-E02-018-GATE,JBC-PROV-ADAPT,source-frozen
git@github.com:tumlinso/CellShard.git,main,b9749ad3e5146a04f847533d8c6f1a54146aed20,tests/jbc/atom/atom_identity_classes_v1_test.cc,cb8289e887d8c466226e380665d8c52fbe6b7004dc6cb9c25a73dfd99e7c5a30,5429,adapt,tests/compiler/discovery/atom/atom_identity_classes_v1_test.cc,CE-CCP1-E02-016,CE-CCP1-E02-018-GATE,JBC-PROV-ADAPT,source-frozen
git@github.com:tumlinso/CellShard.git,main,b9749ad3e5146a04f847533d8c6f1a54146aed20,tests/jbc/atom/atom_level_v1_test.cc,9df069776eb0132a3465d48d3b84c6222a9f094271a9fd5158d15981122b831c,7904,adapt,tests/compiler/discovery/atom/atom_level_v1_test.cc,CE-CCP1-E02-016,CE-CCP1-E02-018-GATE,JBC-PROV-ADAPT,source-frozen
git@github.com:tumlinso/CellShard.git,main,b9749ad3e5146a04f847533d8c6f1a54146aed20,tests/jbc/atom/atom_logical_coverage_v1_test.cc,9d0cf9b31b74c739b7dfc1e40bcb16b25a4f79283539511b0e571cdc15b6428c,5492,adapt,tests/compiler/discovery/atom/atom_logical_coverage_v1_test.cc,CE-CCP1-E02-016,CE-CCP1-E02-018-GATE,JBC-PROV-ADAPT,source-frozen
git@github.com:tumlinso/CellShard.git,main,b9749ad3e5146a04f847533d8c6f1a54146aed20,tests/jbc/atom/atom_overlap_role_v1_test.cc,275adacaf5aa04e055ce051f1df12feed6711844e1ed24263d26277170ad44eb,3281,adapt,tests/compiler/discovery/atom/atom_overlap_role_v1_test.cc,CE-CCP1-E02-016,CE-CCP1-E02-018-GATE,JBC-PROV-ADAPT,source-frozen
git@github.com:tumlinso/CellShard.git,main,b9749ad3e5146a04f847533d8c6f1a54146aed20,tests/jbc/atom/atom_partial_result_plane_v1_test.cc,a38f8c9b947c4a36ceae7bf4962470d5706e7f4da47e643e5fe1ec536156d239,5251,adapt,tests/compiler/discovery/atom/atom_partial_result_plane_v1_test.cc,CE-CCP1-E02-016,CE-CCP1-E02-018-GATE,JBC-PROV-ADAPT,source-frozen
git@github.com:tumlinso/CellShard.git,main,b9749ad3e5146a04f847533d8c6f1a54146aed20,tests/jbc/atom/atom_persistent_identity_v1_test.cc,c7a4371ca8f6ffa6afdc63aa86157f81b6834850c23df4f00858a3f061ed0b34,4537,adapt,tests/compiler/discovery/atom/atom_persistent_identity_v1_test.cc,CE-CCP1-E02-016,CE-CCP1-E02-018-GATE,JBC-PROV-ADAPT,source-frozen
git@github.com:tumlinso/CellShard.git,main,b9749ad3e5146a04f847533d8c6f1a54146aed20,tests/jbc/atom/atom_physical_view_plane_v1_test.cc,5696eba942eed1c960808cb5eb451ffbdec6456007fc1e505a8a5b2e9ac1e691,3473,adapt,tests/compiler/discovery/atom/atom_physical_view_plane_v1_test.cc,CE-CCP1-E02-016,CE-CCP1-E02-018-GATE,JBC-PROV-ADAPT,source-frozen
git@github.com:tumlinso/CellShard.git,main,b9749ad3e5146a04f847533d8c6f1a54146aed20,tests/jbc/atom/atom_plane_directory_v1_test.cc,b9d67b7df619adb3660055a7a4b1d8e61edd50138c1aa8d23dbc4bd8276149de,5982,adapt,tests/compiler/discovery/atom/atom_plane_directory_v1_test.cc,CE-CCP1-E02-016,CE-CCP1-E02-018-GATE,JBC-PROV-ADAPT,source-frozen
git@github.com:tumlinso/CellShard.git,main,b9749ad3e5146a04f847533d8c6f1a54146aed20,tests/jbc/atom/atom_port_v1_test.cc,5b745dc39c27f1554a61c85196e8c56013229873e216ba92d65ecb09f427bced,5949,adapt,tests/compiler/discovery/atom/atom_port_v1_test.cc,CE-CCP1-E02-016,CE-CCP1-E02-018-GATE,JBC-PROV-ADAPT,source-frozen
git@github.com:tumlinso/CellShard.git,main,b9749ad3e5146a04f847533d8c6f1a54146aed20,tests/jbc/atom/atom_species_v1_test.cc,fd3fedf40478ee6131db290d0b0eb7687d31efe684e89350a0610f7c74f9d360,6071,adapt,tests/compiler/discovery/atom/atom_species_v1_test.cc,CE-CCP1-E02-016,CE-CCP1-E02-018-GATE,JBC-PROV-ADAPT,source-frozen
git@github.com:tumlinso/CellShard.git,main,b9749ad3e5146a04f847533d8c6f1a54146aed20,tests/jbc/atom/atom_state_plane_v1_test.cc,d21bfd36cd785c09941421e11e36b6c81ad971098cb389de206ce02191b485e5,4180,adapt,tests/compiler/discovery/atom/atom_state_plane_v1_test.cc,CE-CCP1-E02-016,CE-CCP1-E02-018-GATE,JBC-PROV-ADAPT,source-frozen
git@github.com:tumlinso/CellShard.git,main,b9749ad3e5146a04f847533d8c6f1a54146aed20,tests/jbc/atom/atom_structural_plane_v1_test.cc,f6cfbc7307fcb1f5a21255e606bf595c920ced688a11f551447747bc40ec15a6,5437,adapt,tests/compiler/discovery/atom/atom_structural_plane_v1_test.cc,CE-CCP1-E02-016,CE-CCP1-E02-018-GATE,JBC-PROV-ADAPT,source-frozen
git@github.com:tumlinso/CellShard.git,main,b9749ad3e5146a04f847533d8c6f1a54146aed20,tests/jbc/atom/atom_value_plane_v1_test.cc,6927e7cfac149228b16615b46dc128935fe29e250ac3a60648d0d65db31aa99b,6011,adapt,tests/compiler/discovery/atom/atom_value_plane_v1_test.cc,CE-CCP1-E02-016,CE-CCP1-E02-018-GATE,JBC-PROV-ADAPT,source-frozen
git@github.com:tumlinso/CellShard.git,main,b9749ad3e5146a04f847533d8c6f1a54146aed20,tests/jbc/atom/common_atom_v1_test.cc,f7d9b6bce8604fa9d0e9ff303e48713a7c10c19a8d0d978890f5f383f519de56,8136,adapt,tests/compiler/discovery/atom/common_atom_v1_test.cc,CE-CCP1-E02-016,CE-CCP1-E02-018-GATE,JBC-PROV-ADAPT,source-frozen
git@github.com:tumlinso/CellShard.git,main,b9749ad3e5146a04f847533d8c6f1a54146aed20,tests/jbc/atom/relation_edge_spine_v1_test.cc,e479ca74babe02b9b53283c253d59eeafb5327205e2cb6f9208cf3fe2c260426,7264,adapt,tests/compiler/discovery/atom/relation_edge_spine_v1_test.cc,CE-CCP1-E02-016,CE-CCP1-E02-018-GATE,JBC-PROV-ADAPT,source-frozen
git@github.com:tumlinso/CellShard.git,main,b9749ad3e5146a04f847533d8c6f1a54146aed20,tests/jbc/atom_store/arena_v1_test.cc,d2d3efad6d51c2f1e84d7615ac1efe9258e7b392767f84d9a92e0bac215e0418,1424,preserve in place,CellShard:tests/jbc/atom_store/arena_v1_test.cc,CE-CCP1-E03-013,CE-CCP1-E03-018-GATE,JBC-PROV-PRESERVE-IN-PLACE,source-frozen
git@github.com:tumlinso/CellShard.git,main,b9749ad3e5146a04f847533d8c6f1a54146aed20,tests/jbc/atom_store/atom_compression_experiment_v1_test.cc,ff1171057bb428dde26cd28498e1590cb6f514c9689d8b15f1b7957b7cfa8065,858,preserve in place,CellShard:tests/jbc/atom_store/atom_compression_experiment_v1_test.cc,CE-CCP1-E03-013,CE-CCP1-E03-018-GATE,JBC-PROV-PRESERVE-IN-PLACE,source-frozen
git@github.com:tumlinso/CellShard.git,main,b9749ad3e5146a04f847533d8c6f1a54146aed20,tests/jbc/atom_store/atom_dictionary_v1_test.cc,afc2dadc455fa98384938ef53e999ce8c214bbb0a6984a731c1bd2cf01837c9c,545,preserve in place,CellShard:tests/jbc/atom_store/atom_dictionary_v1_test.cc,CE-CCP1-E03-013,CE-CCP1-E03-018-GATE,JBC-PROV-PRESERVE-IN-PLACE,source-frozen
git@github.com:tumlinso/CellShard.git,main,b9749ad3e5146a04f847533d8c6f1a54146aed20,tests/jbc/atom_store/atom_frame_v1_test.cc,a985e6c237f71a870512b63035b5c9e40f9f631e5223c69d236015369b064d2d,858,preserve in place,CellShard:tests/jbc/atom_store/atom_frame_v1_test.cc,CE-CCP1-E03-013,CE-CCP1-E03-018-GATE,JBC-PROV-PRESERVE-IN-PLACE,source-frozen
git@github.com:tumlinso/CellShard.git,main,b9749ad3e5146a04f847533d8c6f1a54146aed20,tests/jbc/atom_store/basis_superatom_v1_test.cc,b26e50a31b33480c2c70c3f57866b7308371202ba245442af8cc301d82763fda,545,preserve in place,CellShard:tests/jbc/atom_store/basis_superatom_v1_test.cc,CE-CCP1-E03-013,CE-CCP1-E03-018-GATE,JBC-PROV-PRESERVE-IN-PLACE,source-frozen
git@github.com:tumlinso/CellShard.git,main,b9749ad3e5146a04f847533d8c6f1a54146aed20,tests/jbc/atom_store/codec_registry_v1_test.cc,547e1d6fb98c98fe5760bedad12949acfd801d202a6d0490f7822821f1700777,885,preserve in place,CellShard:tests/jbc/atom_store/codec_registry_v1_test.cc,CE-CCP1-E03-013,CE-CCP1-E03-018-GATE,JBC-PROV-PRESERVE-IN-PLACE,source-frozen
git@github.com:tumlinso/CellShard.git,main,b9749ad3e5146a04f847533d8c6f1a54146aed20,tests/jbc/atom_store/compatibility_import_v1_test.cc,dec53cc423483ed12f3c8309171111731d3a8d423f3fd01afe7a32adf0d28930,969,preserve in place,CellShard:tests/jbc/atom_store/compatibility_import_v1_test.cc,CE-CCP1-E03-013,CE-CCP1-E03-018-GATE,JBC-PROV-PRESERVE-IN-PLACE,source-frozen
git@github.com:tumlinso/CellShard.git,main,b9749ad3e5146a04f847533d8c6f1a54146aed20,tests/jbc/atom_store/composition_grammar_v1_test.cc,76065b1cfe205c61acfa7deb048b02d7e2afb6878d5f08dd8fd941703b51cfc1,627,preserve in place,CellShard:tests/jbc/atom_store/composition_grammar_v1_test.cc,CE-CCP1-E03-013,CE-CCP1-E03-018-GATE,JBC-PROV-PRESERVE-IN-PLACE,source-frozen
git@github.com:tumlinso/CellShard.git,main,b9749ad3e5146a04f847533d8c6f1a54146aed20,tests/jbc/atom_store/consolidation_v1_test.cc,e25145857fa0e3376241fc61bde1282869a375f15bd2b0ed7a46656539ddb744,712,preserve in place,CellShard:tests/jbc/atom_store/consolidation_v1_test.cc,CE-CCP1-E03-013,CE-CCP1-E03-018-GATE,JBC-PROV-PRESERVE-IN-PLACE,source-frozen
git@github.com:tumlinso/CellShard.git,main,b9749ad3e5146a04f847533d8c6f1a54146aed20,tests/jbc/atom_store/content_digest_v1_test.cc,f8d3ac35a22b3748ee7b281b207d3b9764bd25b978ddc6ac606e2daf5948df09,719,preserve in place,CellShard:tests/jbc/atom_store/content_digest_v1_test.cc,CE-CCP1-E03-013,CE-CCP1-E03-018-GATE,JBC-PROV-PRESERVE-IN-PLACE,source-frozen
git@github.com:tumlinso/CellShard.git,main,b9749ad3e5146a04f847533d8c6f1a54146aed20,tests/jbc/atom_store/coverage_index_v1_test.cc,a8b815802dfbb96b3741d0d00f00e90d64bfe097160a820de4a0fd987c370497,559,preserve in place,CellShard:tests/jbc/atom_store/coverage_index_v1_test.cc,CE-CCP1-E03-013,CE-CCP1-E03-018-GATE,JBC-PROV-PRESERVE-IN-PLACE,source-frozen
git@github.com:tumlinso/CellShard.git,main,b9749ad3e5146a04f847533d8c6f1a54146aed20,tests/jbc/atom_store/cpu_block_codec_v1_test.cc,eb94525e2337b19691806a6ab6fc0bae5d174ef175fbdef3b6f5b5477b50a5b2,941,preserve in place,CellShard:tests/jbc/atom_store/cpu_block_codec_v1_test.cc,CE-CCP1-E03-013,CE-CCP1-E03-018-GATE,JBC-PROV-PRESERVE-IN-PLACE,source-frozen
git@github.com:tumlinso/CellShard.git,main,b9749ad3e5146a04f847533d8c6f1a54146aed20,tests/jbc/atom_store/encoded_replica_v1_test.cc,52d66bd8baf42db7d14508f0378c5b9a37b63bf023c2106a8b1a270ed9f9fb4e,1102,preserve in place,CellShard:tests/jbc/atom_store/encoded_replica_v1_test.cc,CE-CCP1-E03-013,CE-CCP1-E03-018-GATE,JBC-PROV-PRESERVE-IN-PLACE,source-frozen
git@github.com:tumlinso/CellShard.git,main,b9749ad3e5146a04f847533d8c6f1a54146aed20,tests/jbc/atom_store/format_v1_test.cc,e38a551662f0d82a7f71f37861de397ff2c6bdf2d2eb037939f305e71cda8722,437,preserve in place,CellShard:tests/jbc/atom_store/format_v1_test.cc,CE-CCP1-E03-013,CE-CCP1-E03-018-GATE,JBC-PROV-PRESERVE-IN-PLACE,source-frozen
git@github.com:tumlinso/CellShard.git,main,b9749ad3e5146a04f847533d8c6f1a54146aed20,tests/jbc/atom_store/frame_extent_map_v1_test.cc,823aa900bf5a94e568f4d9929e5bd339b2f2c1cccacc93020dc636a47bb164b4,961,preserve in place,CellShard:tests/jbc/atom_store/frame_extent_map_v1_test.cc,CE-CCP1-E03-013,CE-CCP1-E03-018-GATE,JBC-PROV-PRESERVE-IN-PLACE,source-frozen
git@github.com:tumlinso/CellShard.git,main,b9749ad3e5146a04f847533d8c6f1a54146aed20,tests/jbc/atom_store/gpu_atom_link_v1_cuda_test.cu,dde92c93cc6184fb6fdcfd26ab1dc0d5f982a0c0a4462b23d775f26b362ab4cd,1078,preserve in place,CellShard:tests/jbc/atom_store/gpu_atom_link_v1_cuda_test.cu,CE-CCP1-E03-013,CE-CCP1-E03-018-GATE,JBC-PROV-PRESERVE-IN-PLACE,source-frozen
git@github.com:tumlinso/CellShard.git,main,b9749ad3e5146a04f847533d8c6f1a54146aed20,tests/jbc/atom_store/gpu_atom_link_v1_test.cc,43eaf09948cd0360a0bd95b9e04abb496ddb5b886c27f44a846a6c4eb0e291e3,662,preserve in place,CellShard:tests/jbc/atom_store/gpu_atom_link_v1_test.cc,CE-CCP1-E03-013,CE-CCP1-E03-018-GATE,JBC-PROV-PRESERVE-IN-PLACE,source-frozen
git@github.com:tumlinso/CellShard.git,main,b9749ad3e5146a04f847533d8c6f1a54146aed20,tests/jbc/atom_store/identity_v1_test.cc,e0f13c736109620758926f1fa516852baf4918676962eabf1bb244c692258044,672,preserve in place,CellShard:tests/jbc/atom_store/identity_v1_test.cc,CE-CCP1-E03-013,CE-CCP1-E03-018-GATE,JBC-PROV-PRESERVE-IN-PLACE,source-frozen
git@github.com:tumlinso/CellShard.git,main,b9749ad3e5146a04f847533d8c6f1a54146aed20,tests/jbc/atom_store/lineage_provenance_v1_test.cc,71f87a8b1a17b2163a4ace65fda69c41edc17707bda17761e9f7f0b47ee4b078,661,preserve in place,CellShard:tests/jbc/atom_store/lineage_provenance_v1_test.cc,CE-CCP1-E03-013,CE-CCP1-E03-018-GATE,JBC-PROV-PRESERVE-IN-PLACE,source-frozen
git@github.com:tumlinso/CellShard.git,main,b9749ad3e5146a04f847533d8c6f1a54146aed20,tests/jbc/atom_store/multi_range_source_v1_test.cc,22e730e3d8cdcce43cac1f39ce1cd8f328d46cc98e97f73cdcc57cc230e36f4e,1259,preserve in place,CellShard:tests/jbc/atom_store/multi_range_source_v1_test.cc,CE-CCP1-E03-013,CE-CCP1-E03-018-GATE,JBC-PROV-PRESERVE-IN-PLACE,source-frozen
git@github.com:tumlinso/CellShard.git,main,b9749ad3e5146a04f847533d8c6f1a54146aed20,tests/jbc/atom_store/negative_action_cache_v1_test.cc,3e22839e891030930038a46aae4b17400fa70412e5e11244a6943f61c59f00d8,885,preserve in place,CellShard:tests/jbc/atom_store/negative_action_cache_v1_test.cc,CE-CCP1-E03-013,CE-CCP1-E03-018-GATE,JBC-PROV-PRESERVE-IN-PLACE,source-frozen
git@github.com:tumlinso/CellShard.git,main,b9749ad3e5146a04f847533d8c6f1a54146aed20,tests/jbc/atom_store/partial_resumption_v1_test.cc,de0874e429620adaa7cc86e41220ab8a30608748d0151833093cbf83ed28c176,587,preserve in place,CellShard:tests/jbc/atom_store/partial_resumption_v1_test.cc,CE-CCP1-E03-013,CE-CCP1-E03-018-GATE,JBC-PROV-PRESERVE-IN-PLACE,source-frozen
git@github.com:tumlinso/CellShard.git,main,b9749ad3e5146a04f847533d8c6f1a54146aed20,tests/jbc/atom_store/plane_view_index_v1_test.cc,51c5eba820b9ff87b2353402e050f47d15614f8b6adfebc8ae1c8fb2f126d15e,636,preserve in place,CellShard:tests/jbc/atom_store/plane_view_index_v1_test.cc,CE-CCP1-E03-013,CE-CCP1-E03-018-GATE,JBC-PROV-PRESERVE-IN-PLACE,source-frozen
git@github.com:tumlinso/CellShard.git,main,b9749ad3e5146a04f847533d8c6f1a54146aed20,tests/jbc/atom_store/positive_action_cache_v1_test.cc,d5376e6d9a08e68e0a05ff249e81d3350e1b3cf04fab1a70909ffe82314ed27a,1771,preserve in place,CellShard:tests/jbc/atom_store/positive_action_cache_v1_test.cc,CE-CCP1-E03-013,CE-CCP1-E03-018-GATE,JBC-PROV-PRESERVE-IN-PLACE,source-frozen
git@github.com:tumlinso/CellShard.git,main,b9749ad3e5146a04f847533d8c6f1a54146aed20,tests/jbc/atom_store/publication_v1_test.cc,820eca6c584ae8f844c5b6e17f12549f80beff78d50abf9c6a4354e53fe3974c,1401,preserve in place,CellShard:tests/jbc/atom_store/publication_v1_test.cc,CE-CCP1-E03-013,CE-CCP1-E03-018-GATE,JBC-PROV-PRESERVE-IN-PLACE,source-frozen
git@github.com:tumlinso/CellShard.git,main,b9749ad3e5146a04f847533d8c6f1a54146aed20,tests/jbc/atom_store/reachability_gc_v1_test.cc,6a4e42fa1128e9ad5a77e5ba616fcd51556e655432fa19a1af17b3bdf842905e,800,preserve in place,CellShard:tests/jbc/atom_store/reachability_gc_v1_test.cc,CE-CCP1-E03-013,CE-CCP1-E03-018-GATE,JBC-PROV-PRESERVE-IN-PLACE,source-frozen
git@github.com:tumlinso/CellShard.git,main,b9749ad3e5146a04f847533d8c6f1a54146aed20,tests/jbc/atom_store/reader_v1_test.cc,9c7560ee73503e127039455996e3969a0cb633fd6e20bdeee04b7f93b6c5d2af,1391,preserve in place,CellShard:tests/jbc/atom_store/reader_v1_test.cc,CE-CCP1-E03-013,CE-CCP1-E03-018-GATE,JBC-PROV-PRESERVE-IN-PLACE,source-frozen
git@github.com:tumlinso/CellShard.git,main,b9749ad3e5146a04f847533d8c6f1a54146aed20,tests/jbc/atom_store/recovery_v1_test.cc,c7066155eb51b031e1d172a8530440bb0f30ebfddace0c29e38399a625ff345c,871,preserve in place,CellShard:tests/jbc/atom_store/recovery_v1_test.cc,CE-CCP1-E03-013,CE-CCP1-E03-018-GATE,JBC-PROV-PRESERVE-IN-PLACE,source-frozen
git@github.com:tumlinso/CellShard.git,main,b9749ad3e5146a04f847533d8c6f1a54146aed20,tests/jbc/atom_store/root_manifest_v1_test.cc,fec8bca11cc6161a0b81757730f6cc3ea41f71503d57ace59cac4fed0b789349,680,preserve in place,CellShard:tests/jbc/atom_store/root_manifest_v1_test.cc,CE-CCP1-E03-013,CE-CCP1-E03-018-GATE,JBC-PROV-PRESERVE-IN-PLACE,source-frozen
git@github.com:tumlinso/CellShard.git,main,b9749ad3e5146a04f847533d8c6f1a54146aed20,tests/jbc/atom_store/writer_v1_test.cc,e908c497e556d41b693ecccf842c3c182575b308787f67fb72cbeeed458f0576,1421,preserve in place,CellShard:tests/jbc/atom_store/writer_v1_test.cc,CE-CCP1-E03-013,CE-CCP1-E03-018-GATE,JBC-PROV-PRESERVE-IN-PLACE,source-frozen
git@github.com:tumlinso/CellShard.git,main,b9749ad3e5146a04f847533d8c6f1a54146aed20,tests/jbc/basis/baseline_test.cc,c786c5870eb4da906958c2aeca37b3807711c6c3f21244115888709d371470f6,453,adapt,tests/compiler/composition/basis/baseline_test.cc,CE-CCP1-E03-014,CE-CCP1-E03-018-GATE,JBC-PROV-ADAPT,source-frozen
git@github.com:tumlinso/CellShard.git,main,b9749ad3e5146a04f847533d8c6f1a54146aed20,tests/jbc/basis/budget_test.cc,df137ef60d4af0edcd00d1bfeaa178853d07a0202ff6bd25743dce186429fc4f,561,adapt,tests/compiler/composition/basis/budget_test.cc,CE-CCP1-E03-014,CE-CCP1-E03-018-GATE,JBC-PROV-ADAPT,source-frozen
git@github.com:tumlinso/CellShard.git,main,b9749ad3e5146a04f847533d8c6f1a54146aed20,tests/jbc/basis/exact_oracle_test.cc,e95c6a269379b4eaa151692d59d3b08fb29b4e9950610fa8bcf3d6d3734c323a,724,adapt,tests/compiler/composition/basis/exact_oracle_test.cc,CE-CCP1-E03-014,CE-CCP1-E03-018-GATE,JBC-PROV-ADAPT,source-frozen
git@github.com:tumlinso/CellShard.git,main,b9749ad3e5146a04f847533d8c6f1a54146aed20,tests/jbc/basis/facility_location_test.cc,cce13406df7f603c07d71c675b9f67d658b8b55e04bbe119a911b578d08e2961,566,adapt,tests/compiler/composition/basis/facility_location_test.cc,CE-CCP1-E03-014,CE-CCP1-E03-018-GATE,JBC-PROV-ADAPT,source-frozen
git@github.com:tumlinso/CellShard.git,main,b9749ad3e5146a04f847533d8c6f1a54146aed20,tests/jbc/basis/greedy_test.cc,c4a7cad0440747c15746d9cc431da08b98a9297d0e00c3c233fe17c4c5d57f09,577,adapt,tests/compiler/composition/basis/greedy_test.cc,CE-CCP1-E03-014,CE-CCP1-E03-018-GATE,JBC-PROV-ADAPT,source-frozen
git@github.com:tumlinso/CellShard.git,main,b9749ad3e5146a04f847533d8c6f1a54146aed20,tests/jbc/basis/input_test.cc,27c8c378e09ec1fed4b0804083c1cc4831088ced464a80fa2f98e5e825b00b5b,884,adapt,tests/compiler/composition/basis/input_test.cc,CE-CCP1-E03-014,CE-CCP1-E03-018-GATE,JBC-PROV-ADAPT,source-frozen
git@github.com:tumlinso/CellShard.git,main,b9749ad3e5146a04f847533d8c6f1a54146aed20,tests/jbc/basis/manifest_test.cc,ca89d1a0576f42ff91320ccf57a348162402062150dc0f1eeb43d3c5fbabe0f4,585,adapt,tests/compiler/composition/basis/manifest_test.cc,CE-CCP1-E03-014,CE-CCP1-E03-018-GATE,JBC-PROV-ADAPT,source-frozen
git@github.com:tumlinso/CellShard.git,main,b9749ad3e5146a04f847533d8c6f1a54146aed20,tests/jbc/basis/membership_test.cc,d8d9cdd6cfbca56808753cbf828e755b5f0df66a0045b3e5c6ebef2d482942d1,404,adapt,tests/compiler/composition/basis/membership_test.cc,CE-CCP1-E03-014,CE-CCP1-E03-018-GATE,JBC-PROV-ADAPT,source-frozen
git@github.com:tumlinso/CellShard.git,main,b9749ad3e5146a04f847533d8c6f1a54146aed20,tests/jbc/basis/multi_basis_test.cc,6d7fb04f812d3677b425e6432cde5d8070e1c9e323755f2b758e900dc9ac58df,563,adapt,tests/compiler/composition/basis/multi_basis_test.cc,CE-CCP1-E03-014,CE-CCP1-E03-018-GATE,JBC-PROV-ADAPT,source-frozen
git@github.com:tumlinso/CellShard.git,main,b9749ad3e5146a04f847533d8c6f1a54146aed20,tests/jbc/basis/overlap_test.cc,50b8d178641c087f0eba3f846ddec576d2f3f16fb6443d6bab8df6b6ce68efbd,573,adapt,tests/compiler/composition/basis/overlap_test.cc,CE-CCP1-E03-014,CE-CCP1-E03-018-GATE,JBC-PROV-ADAPT,source-frozen
git@github.com:tumlinso/CellShard.git,main,b9749ad3e5146a04f847533d8c6f1a54146aed20,tests/jbc/basis/pareto_test.cc,c5f48e98d6100dbaba1fcf82e4ab38047b4ed0fbdfcf2f32c6e2ed532c16b959,560,adapt,tests/compiler/composition/basis/pareto_test.cc,CE-CCP1-E03-014,CE-CCP1-E03-018-GATE,JBC-PROV-ADAPT,source-frozen
git@github.com:tumlinso/CellShard.git,main,b9749ad3e5146a04f847533d8c6f1a54146aed20,tests/jbc/basis/promotion_test.cc,05a842b5b1e5b8d3032fcc2b9b6e3d84808358d8afc664157003ebae5dc3a982,1053,adapt,tests/compiler/composition/basis/promotion_test.cc,CE-CCP1-E03-014,CE-CCP1-E03-018-GATE,JBC-PROV-ADAPT,source-frozen
git@github.com:tumlinso/CellShard.git,main,b9749ad3e5146a04f847533d8c6f1a54146aed20,tests/jbc/basis/refinement_test.cc,604cc715bc772fdeea5ae00044bebed6e3f79df4758b812a5c4cc5bed0d8408c,438,adapt,tests/compiler/composition/basis/refinement_test.cc,CE-CCP1-E03-014,CE-CCP1-E03-018-GATE,JBC-PROV-ADAPT,source-frozen
git@github.com:tumlinso/CellShard.git,main,b9749ad3e5146a04f847533d8c6f1a54146aed20,tests/jbc/basis/set_cover_test.cc,855e676affa6d7434666b497b18c6191412db1245968a694b69c93c7f094c2a8,555,adapt,tests/compiler/composition/basis/set_cover_test.cc,CE-CCP1-E03-014,CE-CCP1-E03-018-GATE,JBC-PROV-ADAPT,source-frozen
git@github.com:tumlinso/CellShard.git,main,b9749ad3e5146a04f847533d8c6f1a54146aed20,tests/jbc/basis/split_merge_test.cc,8dd5538488d59fda6ee420e7a36c5b30a58538fed669ede60cf557ec48f77b80,424,adapt,tests/compiler/composition/basis/split_merge_test.cc,CE-CCP1-E03-014,CE-CCP1-E03-018-GATE,JBC-PROV-ADAPT,source-frozen
git@github.com:tumlinso/CellShard.git,main,b9749ad3e5146a04f847533d8c6f1a54146aed20,tests/jbc/basis/swap_test.cc,ac5d4ea705d666dc771d88479be2aa7f4636054e6b65d3c6e420122f9feb3058,480,adapt,tests/compiler/composition/basis/swap_test.cc,CE-CCP1-E03-014,CE-CCP1-E03-018-GATE,JBC-PROV-ADAPT,source-frozen
git@github.com:tumlinso/CellShard.git,main,b9749ad3e5146a04f847533d8c6f1a54146aed20,tests/jbc/basis/utility_test.cc,25d1ea3aa985275339227dd64e2998812d351ea633d83cad779526a937a70324,493,adapt,tests/compiler/composition/basis/utility_test.cc,CE-CCP1-E03-014,CE-CCP1-E03-018-GATE,JBC-PROV-ADAPT,source-frozen
git@github.com:tumlinso/CellShard.git,main,b9749ad3e5146a04f847533d8c6f1a54146aed20,tests/jbc/certification/atom_certification_v1_test.cc,a86c54ed3dd921cdc0486504162e646939b4fc883b53e271e5f251baea2ee338,3411,adapt,tests/compiler/discovery/certification/atom_certification_v1_test.cc,CE-CCP1-E02-016,CE-CCP1-E02-018-GATE,JBC-PROV-ADAPT,source-frozen
git@github.com:tumlinso/CellShard.git,main,b9749ad3e5146a04f847533d8c6f1a54146aed20,tests/jbc/certification/canonical_domain_v1_test.cc,ca6ad01f9fc30e783a09a23dff3a0438ae46a9ea2b692442952f25997bc2de42,4254,adapt,tests/compiler/discovery/certification/canonical_domain_v1_test.cc,CE-CCP1-E02-016,CE-CCP1-E02-018-GATE,JBC-PROV-ADAPT,source-frozen
git@github.com:tumlinso/CellShard.git,main,b9749ad3e5146a04f847533d8c6f1a54146aed20,tests/jbc/certification/contribution_owner_v1_test.cc,9a018d997dcb1f765897b2998c8c1914787a10eb685806d9a6897f415ef31f19,1624,adapt,tests/compiler/discovery/certification/contribution_owner_v1_test.cc,CE-CCP1-E02-016,CE-CCP1-E02-018-GATE,JBC-PROV-ADAPT,source-frozen
git@github.com:tumlinso/CellShard.git,main,b9749ad3e5146a04f847533d8c6f1a54146aed20,tests/jbc/certification/dependency_closure_v1_test.cc,8660e5008984083467d6a07faa3864689e2cd21964a8c1c8e045847d6f620aff,1616,adapt,tests/compiler/discovery/certification/dependency_closure_v1_test.cc,CE-CCP1-E02-016,CE-CCP1-E02-018-GATE,JBC-PROV-ADAPT,source-frozen
git@github.com:tumlinso/CellShard.git,main,b9749ad3e5146a04f847533d8c6f1a54146aed20,tests/jbc/certification/duplicate_detection_v1_test.cc,704b823364d492926585c716ca49540387b9c760b02beb8e6928732a6edf37a8,1949,adapt,tests/compiler/discovery/certification/duplicate_detection_v1_test.cc,CE-CCP1-E02-016,CE-CCP1-E02-018-GATE,JBC-PROV-ADAPT,source-frozen
git@github.com:tumlinso/CellShard.git,main,b9749ad3e5146a04f847533d8c6f1a54146aed20,tests/jbc/certification/entity_coverage_v1_test.cc,e59b06d4f713d22166369ba52bcf78963ae822faa20ac63c338755cf6d4d2c1b,1825,adapt,tests/compiler/discovery/certification/entity_coverage_v1_test.cc,CE-CCP1-E02-016,CE-CCP1-E02-018-GATE,JBC-PROV-ADAPT,source-frozen
git@github.com:tumlinso/CellShard.git,main,b9749ad3e5146a04f847533d8c6f1a54146aed20,tests/jbc/certification/exact_atom_certificate_v1_test.cc,bbad7606b1eb2a4f360ccef39bceb92132eb67b33d666c172325c0cc925b8b0e,3092,adapt,tests/compiler/discovery/certification/exact_atom_certificate_v1_test.cc,CE-CCP1-E02-016,CE-CCP1-E02-018-GATE,JBC-PROV-ADAPT,source-frozen
git@github.com:tumlinso/CellShard.git,main,b9749ad3e5146a04f847533d8c6f1a54146aed20,tests/jbc/certification/independent_verifier_v1_test.cc,6e4492bf726b4a6a20cd4972b30167d2480311048f149d74819410881cc48ac8,7905,adapt,tests/compiler/discovery/certification/independent_verifier_v1_test.cc,CE-CCP1-E02-016,CE-CCP1-E02-018-GATE,JBC-PROV-ADAPT,source-frozen
git@github.com:tumlinso/CellShard.git,main,b9749ad3e5146a04f847533d8c6f1a54146aed20,tests/jbc/certification/local_identity_map_v1_test.cc,2f6138298d42117bc1518d5fa42d41694e31ee9994983c96729cde32c93a4ce2,2767,adapt,tests/compiler/discovery/certification/local_identity_map_v1_test.cc,CE-CCP1-E02-016,CE-CCP1-E02-018-GATE,JBC-PROV-ADAPT,source-frozen
git@github.com:tumlinso/CellShard.git,main,b9749ad3e5146a04f847533d8c6f1a54146aed20,tests/jbc/certification/multimodal_mapping_v1_test.cc,5001edc03f83d5aac44ec5e9082b4205d06c21650e8961e445161f9942975c72,1689,adapt,tests/compiler/discovery/certification/multimodal_mapping_v1_test.cc,CE-CCP1-E02-016,CE-CCP1-E02-018-GATE,JBC-PROV-ADAPT,source-frozen
git@github.com:tumlinso/CellShard.git,main,b9749ad3e5146a04f847533d8c6f1a54146aed20,tests/jbc/certification/partial_result_compatibility_v1_test.cc,7d281c702755718ab792883e45f7a33c9e498ec3d42c593b607938f7c8212431,3005,adapt,tests/compiler/discovery/certification/partial_result_compatibility_v1_test.cc,CE-CCP1-E02-016,CE-CCP1-E02-018-GATE,JBC-PROV-ADAPT,source-frozen
git@github.com:tumlinso/CellShard.git,main,b9749ad3e5146a04f847533d8c6f1a54146aed20,tests/jbc/certification/physical_replica_v1_test.cc,d75831f35f2ee747794b1caac143b26fb83d9da0af249b458d6527cff1a33ad7,2294,adapt,tests/compiler/discovery/certification/physical_replica_v1_test.cc,CE-CCP1-E02-016,CE-CCP1-E02-018-GATE,JBC-PROV-ADAPT,source-frozen
git@github.com:tumlinso/CellShard.git,main,b9749ad3e5146a04f847533d8c6f1a54146aed20,tests/jbc/certification/read_only_halo_v1_test.cc,02c120fa7d611cfa4056d32ccd5956f72dce9936936b0246dd9c4bb3cc3a9427,1407,adapt,tests/compiler/discovery/certification/read_only_halo_v1_test.cc,CE-CCP1-E02-016,CE-CCP1-E02-018-GATE,JBC-PROV-ADAPT,source-frozen
git@github.com:tumlinso/CellShard.git,main,b9749ad3e5146a04f847533d8c6f1a54146aed20,tests/jbc/certification/relation_edge_coverage_v1_test.cc,d1960b577c9b55271d4127aa53afcdcf1d113cf7408a70f0448b504ce497a66a,1832,adapt,tests/compiler/discovery/certification/relation_edge_coverage_v1_test.cc,CE-CCP1-E02-016,CE-CCP1-E02-018-GATE,JBC-PROV-ADAPT,source-frozen
git@github.com:tumlinso/CellShard.git,main,b9749ad3e5146a04f847533d8c6f1a54146aed20,tests/jbc/certification/residual_coverage_v1_test.cc,70ecc040a2ad092098aca094132eb178afc9641af8813ea2f26bcf75c0847077,1750,adapt,tests/compiler/discovery/certification/residual_coverage_v1_test.cc,CE-CCP1-E02-016,CE-CCP1-E02-018-GATE,JBC-PROV-ADAPT,source-frozen
git@github.com:tumlinso/CellShard.git,main,b9749ad3e5146a04f847533d8c6f1a54146aed20,tests/jbc/certification/trajectory_lineage_v1_test.cc,4c9bc249f502e36278af3cd5207dafbb275d4670f13c06bc34a14446f4e7b404,1653,adapt,tests/compiler/discovery/certification/trajectory_lineage_v1_test.cc,CE-CCP1-E02-016,CE-CCP1-E02-018-GATE,JBC-PROV-ADAPT,source-frozen
git@github.com:tumlinso/CellShard.git,main,b9749ad3e5146a04f847533d8c6f1a54146aed20,tests/jbc/composition/coverage_difference_v1_test.cc,e8cf43776283fc92cb3a3b667c6c603138eaf1facfea851fa0c1958396a4e62e,1744,adapt,tests/compiler/composition/composition/coverage_difference_v1_test.cc,CE-CCP1-E03-014,CE-CCP1-E03-018-GATE,JBC-PROV-ADAPT,source-frozen
git@github.com:tumlinso/CellShard.git,main,b9749ad3e5146a04f847533d8c6f1a54146aed20,tests/jbc/composition/coverage_intersection_v1_test.cc,102360e93efb35627e8c67519d1be5a72397d183a01dd8d2ef0045468890d5d1,1671,adapt,tests/compiler/composition/composition/coverage_intersection_v1_test.cc,CE-CCP1-E03-014,CE-CCP1-E03-018-GATE,JBC-PROV-ADAPT,source-frozen
git@github.com:tumlinso/CellShard.git,main,b9749ad3e5146a04f847533d8c6f1a54146aed20,tests/jbc/composition/derivation_dag_v1_test.cc,99b5edbf7f9536e551da2abbe7caf9db333cd28806d9e98a8d1a8d69fc191601,4050,adapt,tests/compiler/composition/composition/derivation_dag_v1_test.cc,CE-CCP1-E03-014,CE-CCP1-E03-018-GATE,JBC-PROV-ADAPT,source-frozen
git@github.com:tumlinso/CellShard.git,main,b9749ad3e5146a04f847533d8c6f1a54146aed20,tests/jbc/composition/destination_aligned_merge_v1_test.cc,77b8a216c43990e7cd01fd3d9d9f23c235a29ea0214475a38cc78f5a23758210,1790,adapt,tests/compiler/composition/composition/destination_aligned_merge_v1_test.cc,CE-CCP1-E03-014,CE-CCP1-E03-018-GATE,JBC-PROV-ADAPT,source-frozen
git@github.com:tumlinso/CellShard.git,main,b9749ad3e5146a04f847533d8c6f1a54146aed20,tests/jbc/composition/disjoint_union_v1_test.cc,a80fc4526ad2f07224d3e5a25ac2462329c249bdef5702f35ed7b6eeed35718d,1922,adapt,tests/compiler/composition/composition/disjoint_union_v1_test.cc,CE-CCP1-E03-014,CE-CCP1-E03-018-GATE,JBC-PROV-ADAPT,source-frozen
git@github.com:tumlinso/CellShard.git,main,b9749ad3e5146a04f847533d8c6f1a54146aed20,tests/jbc/composition/grammar_symbol_v1_test.cc,35ad1260ab84d2075464c0e8ff40a55cea8f8202fc6ded49a6ed0e61b4e3827d,2586,adapt,tests/compiler/composition/composition/grammar_symbol_v1_test.cc,CE-CCP1-E03-014,CE-CCP1-E03-018-GATE,JBC-PROV-ADAPT,source-frozen
git@github.com:tumlinso/CellShard.git,main,b9749ad3e5146a04f847533d8c6f1a54146aed20,tests/jbc/composition/halo_extension_v1_test.cc,46e201cc09fdcd9e7b04e6c1f435a9507c11ccf93e045f59c4a8fea189c65a8d,1751,adapt,tests/compiler/composition/composition/halo_extension_v1_test.cc,CE-CCP1-E03-014,CE-CCP1-E03-018-GATE,JBC-PROV-ADAPT,source-frozen
git@github.com:tumlinso/CellShard.git,main,b9749ad3e5146a04f847533d8c6f1a54146aed20,tests/jbc/composition/identity_spine_join_v1_test.cc,489779c1c275db28929ab6bbc22101f121ded6f49bee4618db2defaa2da0805e,1568,adapt,tests/compiler/composition/composition/identity_spine_join_v1_test.cc,CE-CCP1-E03-014,CE-CCP1-E03-018-GATE,JBC-PROV-ADAPT,source-frozen
git@github.com:tumlinso/CellShard.git,main,b9749ad3e5146a04f847533d8c6f1a54146aed20,tests/jbc/composition/multimodal_join_v1_test.cc,2821bd1647e3cecc3ead7d09da4fe544005468eb3155a0b6ecd3f20d880ba97e,1851,adapt,tests/compiler/composition/composition/multimodal_join_v1_test.cc,CE-CCP1-E03-014,CE-CCP1-E03-018-GATE,JBC-PROV-ADAPT,source-frozen
git@github.com:tumlinso/CellShard.git,main,b9749ad3e5146a04f847533d8c6f1a54146aed20,tests/jbc/composition/ordered_concatenation_v1_test.cc,537555239e1079faaa0188aae4005a64ab867126486b8438efb87bf349f675e1,1829,adapt,tests/compiler/composition/composition/ordered_concatenation_v1_test.cc,CE-CCP1-E03-014,CE-CCP1-E03-018-GATE,JBC-PROV-ADAPT,source-frozen
git@github.com:tumlinso/CellShard.git,main,b9749ad3e5146a04f847533d8c6f1a54146aed20,tests/jbc/composition/overlay_application_v1_test.cc,069a893d610d4f8c14f30241d39b0f4166db9fa277958308d6b7a8b4b421effa,1889,adapt,tests/compiler/composition/composition/overlay_application_v1_test.cc,CE-CCP1-E03-014,CE-CCP1-E03-018-GATE,JBC-PROV-ADAPT,source-frozen
git@github.com:tumlinso/CellShard.git,main,b9749ad3e5146a04f847533d8c6f1a54146aed20,tests/jbc/composition/parameter_binding_v1_test.cc,0554ced4ecf7629707bafbe8f9e64c3ff69d96ad747e952e4529c7412b523abb,1470,adapt,tests/compiler/composition/composition/parameter_binding_v1_test.cc,CE-CCP1-E03-014,CE-CCP1-E03-018-GATE,JBC-PROV-ADAPT,source-frozen
git@github.com:tumlinso/CellShard.git,main,b9749ad3e5146a04f847533d8c6f1a54146aed20,tests/jbc/composition/partial_result_combination_v1_test.cc,6937e25de807058bb560f5dc6bb815cb8e2830f9f37220e7da3b5098a3c1711a,2059,adapt,tests/compiler/composition/composition/partial_result_combination_v1_test.cc,CE-CCP1-E03-014,CE-CCP1-E03-018-GATE,JBC-PROV-ADAPT,source-frozen
git@github.com:tumlinso/CellShard.git,main,b9749ad3e5146a04f847533d8c6f1a54146aed20,tests/jbc/composition/persistent_order_link_v1_test.cc,77ecc52a357dd1b78953f4a38eca035f6b288ab991ec6fe373adce68cd3fc1d6,1797,adapt,tests/compiler/composition/composition/persistent_order_link_v1_test.cc,CE-CCP1-E03-014,CE-CCP1-E03-018-GATE,JBC-PROV-ADAPT,source-frozen
git@github.com:tumlinso/CellShard.git,main,b9749ad3e5146a04f847533d8c6f1a54146aed20,tests/jbc/composition/physical_view_addition_v1_test.cc,44373188a6e8c135f5c94fcddaf4e25d4bc9522b6f549bbe128e05839e7bd542,1461,adapt,tests/compiler/composition/composition/physical_view_addition_v1_test.cc,CE-CCP1-E03-014,CE-CCP1-E03-018-GATE,JBC-PROV-ADAPT,source-frozen
git@github.com:tumlinso/CellShard.git,main,b9749ad3e5146a04f847533d8c6f1a54146aed20,tests/jbc/composition/prefix_composition_v1_test.cc,31e7c7ea4aa7c2967c521e9224128d5b1b9fe2f0a03df96f578eacab0db2c377,1964,adapt,tests/compiler/composition/composition/prefix_composition_v1_test.cc,CE-CCP1-E03-014,CE-CCP1-E03-018-GATE,JBC-PROV-ADAPT,source-frozen
git@github.com:tumlinso/CellShard.git,main,b9749ad3e5146a04f847533d8c6f1a54146aed20,tests/jbc/composition/production_identity_v1_test.cc,51a133de280a469e0a86dec2a8fd9a0a9964e11490d96ffd7d61a0436f5aaa1f,2136,adapt,tests/compiler/composition/composition/production_identity_v1_test.cc,CE-CCP1-E03-014,CE-CCP1-E03-018-GATE,JBC-PROV-ADAPT,source-frozen
git@github.com:tumlinso/CellShard.git,main,b9749ad3e5146a04f847533d8c6f1a54146aed20,tests/jbc/composition/projection_packing_v1_test.cc,be17711acd4e3eda2a4924b99e1151f5d71959a1a942cecd6589706dd8e3b3af,1723,adapt,tests/compiler/composition/composition/projection_packing_v1_test.cc,CE-CCP1-E03-014,CE-CCP1-E03-018-GATE,JBC-PROV-ADAPT,source-frozen
git@github.com:tumlinso/CellShard.git,main,b9749ad3e5146a04f847533d8c6f1a54146aed20,tests/jbc/composition/relation_bundle_v1_test.cc,e0a13c51bed77f395d5b4d633bdd2e0e1d5a6408629b91b40024e62f80521efa,1646,adapt,tests/compiler/composition/composition/relation_bundle_v1_test.cc,CE-CCP1-E03-014,CE-CCP1-E03-018-GATE,JBC-PROV-ADAPT,source-frozen
git@github.com:tumlinso/CellShard.git,main,b9749ad3e5146a04f847533d8c6f1a54146aed20,tests/jbc/composition/segment_alignment_v1_test.cc,0a12b8c3c390cbcb4c4f7c4ee8d8cc58c9029557f2920a5b406a5711ff1e8458,1539,adapt,tests/compiler/composition/composition/segment_alignment_v1_test.cc,CE-CCP1-E03-014,CE-CCP1-E03-018-GATE,JBC-PROV-ADAPT,source-frozen
git@github.com:tumlinso/CellShard.git,main,b9749ad3e5146a04f847533d8c6f1a54146aed20,tests/jbc/composition/source_aligned_merge_v1_test.cc,65b3fc091d0a6b6975b043d95dee98c1b021e1f455952474056ad27a65e8dfde,1837,adapt,tests/compiler/composition/composition/source_aligned_merge_v1_test.cc,CE-CCP1-E03-014,CE-CCP1-E03-018-GATE,JBC-PROV-ADAPT,source-frozen
git@github.com:tumlinso/CellShard.git,main,b9749ad3e5146a04f847533d8c6f1a54146aed20,tests/jbc/composition/support_union_v1_test.cc,85a4cd30cb18faec439ccb93241954de5033e528e37821be44d8e5f06848f8eb,1642,adapt,tests/compiler/composition/composition/support_union_v1_test.cc,CE-CCP1-E03-014,CE-CCP1-E03-018-GATE,JBC-PROV-ADAPT,source-frozen
git@github.com:tumlinso/CellShard.git,main,b9749ad3e5146a04f847533d8c6f1a54146aed20,tests/jbc/composition/transpose_overlay_v1_test.cc,399ad9e71d1594afee93d6e84edc77a592991ee6fab8161af30437ea3c499bf0,1650,adapt,tests/compiler/composition/composition/transpose_overlay_v1_test.cc,CE-CCP1-E03-014,CE-CCP1-E03-018-GATE,JBC-PROV-ADAPT,source-frozen
git@github.com:tumlinso/CellShard.git,main,b9749ad3e5146a04f847533d8c6f1a54146aed20,tests/jbc/composition/value_plane_substitution_v1_test.cc,7693bcc8a5042611aa7a93de9314c6a54792b3a690685d68f9b2033a9d2df7f2,1690,adapt,tests/compiler/composition/composition/value_plane_substitution_v1_test.cc,CE-CCP1-E03-014,CE-CCP1-E03-018-GATE,JBC-PROV-ADAPT,source-frozen
git@github.com:tumlinso/CellShard.git,main,b9749ad3e5146a04f847533d8c6f1a54146aed20,tests/jbc/discovery/bicluster/alternating_expansion_v1_test.cc,4789679775415de98b6195b1689bec07ff8a72209a830bd83df1fa7eedddf5ae,1598,adapt,tests/compiler/discovery/discovery/bicluster/alternating_expansion_v1_test.cc,CE-CCP1-E02-016,CE-CCP1-E02-018-GATE,JBC-PROV-ADAPT,source-frozen
git@github.com:tumlinso/CellShard.git,main,b9749ad3e5146a04f847533d8c6f1a54146aed20,tests/jbc/discovery/bicluster/benchmark_cases_v1_test.cc,b6ff33fdd9f4072c00fb304b867d7ffa27e33890cab51c94a8a2619d9ebcf156,2320,adapt,tests/compiler/discovery/discovery/bicluster/benchmark_cases_v1_test.cc,CE-CCP1-E02-016,CE-CCP1-E02-018-GATE,JBC-PROV-ADAPT,source-frozen
git@github.com:tumlinso/CellShard.git,main,b9749ad3e5146a04f847533d8c6f1a54146aed20,tests/jbc/discovery/bicluster/exact_census_v1_test.cc,60afe73f832a105883fee161f36e988734ec1ae34e58b8067908d9525632bfa3,1666,adapt,tests/compiler/discovery/discovery/bicluster/exact_census_v1_test.cc,CE-CCP1-E02-016,CE-CCP1-E02-018-GATE,JBC-PROV-ADAPT,source-frozen
git@github.com:tumlinso/CellShard.git,main,b9749ad3e5146a04f847533d8c6f1a54146aed20,tests/jbc/discovery/bicluster/marginal_cost_v1_test.cc,3521b0cb0c23a94a16d51c93c147abeb1f9c3c77d89f83cfea240022548df6e3,1391,adapt,tests/compiler/discovery/discovery/bicluster/marginal_cost_v1_test.cc,CE-CCP1-E02-016,CE-CCP1-E02-018-GATE,JBC-PROV-ADAPT,source-frozen
git@github.com:tumlinso/CellShard.git,main,b9749ad3e5146a04f847533d8c6f1a54146aed20,tests/jbc/discovery/bicluster/overlapping_proposals_v1_test.cc,3a7074f8336a2da2e22c4e02ab86d15a6d3e8c457bb9e6411dc536b73fa68ad4,1739,adapt,tests/compiler/discovery/discovery/bicluster/overlapping_proposals_v1_test.cc,CE-CCP1-E02-016,CE-CCP1-E02-018-GATE,JBC-PROV-ADAPT,source-frozen
git@github.com:tumlinso/CellShard.git,main,b9749ad3e5146a04f847533d8c6f1a54146aed20,tests/jbc/discovery/bicluster/provider_v1_test.cc,cfc833b03750549609ada63373fb7861bb5abdbe5eb05e717cdec96e79e03cff,1209,adapt,tests/compiler/discovery/discovery/bicluster/provider_v1_test.cc,CE-CCP1-E02-016,CE-CCP1-E02-018-GATE,JBC-PROV-ADAPT,source-frozen
git@github.com:tumlinso/CellShard.git,main,b9749ad3e5146a04f847533d8c6f1a54146aed20,tests/jbc/discovery/bicluster/seed_rectangles_v1_test.cc,88d68dae830ab61979a1a1cee9480b93caa66e98f7e21cf2430c91ac9ff872d7,1274,adapt,tests/compiler/discovery/discovery/bicluster/seed_rectangles_v1_test.cc,CE-CCP1-E02-016,CE-CCP1-E02-018-GATE,JBC-PROV-ADAPT,source-frozen
git@github.com:tumlinso/CellShard.git,main,b9749ad3e5146a04f847533d8c6f1a54146aed20,tests/jbc/discovery/bicluster/spectral_coclustering_v1_test.cc,d00de21bdeb6340185ad56d0f1b36f4a2a4f476bc4ac97fb1b0eea416f1ee9ff,1732,adapt,tests/compiler/discovery/discovery/bicluster/spectral_coclustering_v1_test.cc,CE-CCP1-E02-016,CE-CCP1-E02-018-GATE,JBC-PROV-ADAPT,source-frozen
git@github.com:tumlinso/CellShard.git,main,b9749ad3e5146a04f847533d8c6f1a54146aed20,tests/jbc/discovery/co_support/affinity_evidence_image_v1_test.cc,69fe27ed3df941c70c7335d995a38c6d62d46579949634b8e86fd8e40c64e896,1432,adapt,tests/compiler/discovery/discovery/co_support/affinity_evidence_image_v1_test.cc,CE-CCP1-E02-016,CE-CCP1-E02-018-GATE,JBC-PROV-ADAPT,source-frozen
git@github.com:tumlinso/CellShard.git,main,b9749ad3e5146a04f847533d8c6f1a54146aed20,tests/jbc/discovery/co_support/affinity_stability_v1_test.cc,0e121cd7f039cf3a65c2ac0875fbc97361ca162605132184d004037ec9b8f75a,1264,adapt,tests/compiler/discovery/discovery/co_support/affinity_stability_v1_test.cc,CE-CCP1-E02-016,CE-CCP1-E02-018-GATE,JBC-PROV-ADAPT,source-frozen
git@github.com:tumlinso/CellShard.git,main,b9749ad3e5146a04f847533d8c6f1a54146aed20,tests/jbc/discovery/co_support/exact_group_rescan_v1_test.cc,746a3e3289d16a5df2e7c88af219c664803398731c304b057c113db62883255a,1585,adapt,tests/compiler/discovery/discovery/co_support/exact_group_rescan_v1_test.cc,CE-CCP1-E02-016,CE-CCP1-E02-018-GATE,JBC-PROV-ADAPT,source-frozen
git@github.com:tumlinso/CellShard.git,main,b9749ad3e5146a04f847533d8c6f1a54146aed20,tests/jbc/discovery/co_support/exact_oracle_null_benchmark_v1_test.cc,254bca2d957e323697108ab44e9c19b448a09c09e2fa3d39bd9b2cfb1b54a815,2506,adapt,tests/compiler/discovery/discovery/co_support/exact_oracle_null_benchmark_v1_test.cc,CE-CCP1-E02-016,CE-CCP1-E02-018-GATE,JBC-PROV-ADAPT,source-frozen
git@github.com:tumlinso/CellShard.git,main,b9749ad3e5146a04f847533d8c6f1a54146aed20,tests/jbc/discovery/co_support/normalized_association_v1_test.cc,80fa0fb7fa245bf9c447f2d5235c8b319c36c24ce930cadf4365e3df0a18c3ec,1242,adapt,tests/compiler/discovery/discovery/co_support/normalized_association_v1_test.cc,CE-CCP1-E02-016,CE-CCP1-E02-018-GATE,JBC-PROV-ADAPT,source-frozen
git@github.com:tumlinso/CellShard.git,main,b9749ad3e5146a04f847533d8c6f1a54146aed20,tests/jbc/discovery/co_support/pair_sampling_v1_test.cc,cb8d3922aad1914755a5477d954c2257078d3cc66c147d70dd41e25657a4abc0,1003,adapt,tests/compiler/discovery/discovery/co_support/pair_sampling_v1_test.cc,CE-CCP1-E02-016,CE-CCP1-E02-018-GATE,JBC-PROV-ADAPT,source-frozen
git@github.com:tumlinso/CellShard.git,main,b9749ad3e5146a04f847533d8c6f1a54146aed20,tests/jbc/discovery/co_support/raw_co_support_v1_test.cc,1f0324f52090ed759694d19a6d27fd3d9f248448c51b8306190348dbbd0ae090,1518,adapt,tests/compiler/discovery/discovery/co_support/raw_co_support_v1_test.cc,CE-CCP1-E02-016,CE-CCP1-E02-018-GATE,JBC-PROV-ADAPT,source-frozen
git@github.com:tumlinso/CellShard.git,main,b9749ad3e5146a04f847533d8c6f1a54146aed20,tests/jbc/discovery/co_support/relation_statistics_v1_test.cc,3faaaa69f7987a368596c3ba0bc1fd7a2e597a012a92da7920f6d0b57e06104b,1126,adapt,tests/compiler/discovery/discovery/co_support/relation_statistics_v1_test.cc,CE-CCP1-E02-016,CE-CCP1-E02-018-GATE,JBC-PROV-ADAPT,source-frozen
git@github.com:tumlinso/CellShard.git,main,b9749ad3e5146a04f847533d8c6f1a54146aed20,tests/jbc/discovery/co_support/stratum_affinity_v1_test.cc,6dea46b67b8f30bad33bf456002ed4c7019244648f261c74d8c98f778f42bec2,1327,adapt,tests/compiler/discovery/discovery/co_support/stratum_affinity_v1_test.cc,CE-CCP1-E02-016,CE-CCP1-E02-018-GATE,JBC-PROV-ADAPT,source-frozen
git@github.com:tumlinso/CellShard.git,main,b9749ad3e5146a04f847533d8c6f1a54146aed20,tests/jbc/discovery/co_support/top_l_affinity_v1_test.cc,e60c9e4c69cc13f581b55d42144d46303bfd96ad0f1d666f6a4eb430b2b24a9b,1242,adapt,tests/compiler/discovery/discovery/co_support/top_l_affinity_v1_test.cc,CE-CCP1-E02-016,CE-CCP1-E02-018-GATE,JBC-PROV-ADAPT,source-frozen
git@github.com:tumlinso/CellShard.git,main,b9749ad3e5146a04f847533d8c6f1a54146aed20,tests/jbc/discovery/co_support/weighted_co_support_v1_test.cc,348718a0c4710a01ebdd323c21d991c6924d74cf5785f8f77d72d77945a2e7ba,1563,adapt,tests/compiler/discovery/discovery/co_support/weighted_co_support_v1_test.cc,CE-CCP1-E02-016,CE-CCP1-E02-018-GATE,JBC-PROV-ADAPT,source-frozen
git@github.com:tumlinso/CellShard.git,main,b9749ad3e5146a04f847533d8c6f1a54146aed20,tests/jbc/discovery/factor_topic/candidate_generation_v1_test.cc,db05c5fc6365cb8593490a205855b1fa1c27293bfcbfa44bfefbaf66de084646,2866,adapt,tests/compiler/discovery/discovery/factor_topic/candidate_generation_v1_test.cc,CE-CCP1-E02-016,CE-CCP1-E02-018-GATE,JBC-PROV-ADAPT,source-frozen
git@github.com:tumlinso/CellShard.git,main,b9749ad3e5146a04f847533d8c6f1a54146aed20,tests/jbc/discovery/factor_topic/exact_coverage_v1_test.cc,c834b90bf527eb90e9e5672c2cce79242bb977d93ff7a0fa2f39f20b74b49b57,2853,adapt,tests/compiler/discovery/discovery/factor_topic/exact_coverage_v1_test.cc,CE-CCP1-E02-016,CE-CCP1-E02-018-GATE,JBC-PROV-ADAPT,source-frozen
git@github.com:tumlinso/CellShard.git,main,b9749ad3e5146a04f847533d8c6f1a54146aed20,tests/jbc/discovery/factor_topic/execution_utility_v1_test.cc,a5241dcc4c434d8ccd1f370d15e5028106936ce2d45243abff65e0e934b1104d,2110,adapt,tests/compiler/discovery/discovery/factor_topic/execution_utility_v1_test.cc,CE-CCP1-E02-016,CE-CCP1-E02-018-GATE,JBC-PROV-ADAPT,source-frozen
git@github.com:tumlinso/CellShard.git,main,b9749ad3e5146a04f847533d8c6f1a54146aed20,tests/jbc/discovery/factor_topic/external_evidence_adapter_v1_test.cc,79e5829ce08e7d6393eb3f6cef23f4c22bb36af0516fbc16d0dda87058f4a511,2108,adapt,tests/compiler/discovery/discovery/factor_topic/external_evidence_adapter_v1_test.cc,CE-CCP1-E02-016,CE-CCP1-E02-018-GATE,JBC-PROV-ADAPT,source-frozen
git@github.com:tumlinso/CellShard.git,main,b9749ad3e5146a04f847533d8c6f1a54146aed20,tests/jbc/discovery/factor_topic/internal_experiment_v1_test.cc,3b4c4f30d0729c5c130600e504fc6e797a1250cb19f8ed9e1cd21b13e7ae9a60,2956,adapt,tests/compiler/discovery/discovery/factor_topic/internal_experiment_v1_test.cc,CE-CCP1-E02-016,CE-CCP1-E02-018-GATE,JBC-PROV-ADAPT,source-frozen
git@github.com:tumlinso/CellShard.git,main,b9749ad3e5146a04f847533d8c6f1a54146aed20,tests/jbc/discovery/factor_topic/soft_membership_store_v1_test.cc,a8786be00868496d70c559b1ba76dbd20266d6c127f7155a657cee343dc4a2bf,2371,adapt,tests/compiler/discovery/discovery/factor_topic/soft_membership_store_v1_test.cc,CE-CCP1-E02-016,CE-CCP1-E02-018-GATE,JBC-PROV-ADAPT,source-frozen
git@github.com:tumlinso/CellShard.git,main,b9749ad3e5146a04f847533d8c6f1a54146aed20,tests/jbc/discovery/motif/benchmark_motif_discovery_v1.cc,857256a3fc20e1efa789382eea544224181a6884e003500b608160e11c019329,6195,adapt,tests/compiler/discovery/discovery/motif/benchmark_motif_discovery_v1.cc,CE-CCP1-E02-016,CE-CCP1-E02-018-GATE,JBC-PROV-ADAPT,source-frozen
git@github.com:tumlinso/CellShard.git,main,b9749ad3e5146a04f847533d8c6f1a54146aed20,tests/jbc/discovery/motif/test_canonical_encoding_v1.cc,8f78dd9ec84b9605d606707d508b66659b4ab205259d030c0f576812f91efe25,2331,adapt,tests/compiler/discovery/discovery/motif/test_canonical_encoding_v1.cc,CE-CCP1-E02-016,CE-CCP1-E02-018-GATE,JBC-PROV-ADAPT,source-frozen
git@github.com:tumlinso/CellShard.git,main,b9749ad3e5146a04f847533d8c6f1a54146aed20,tests/jbc/discovery/motif/test_exact_atom_candidate_v1.cc,e2d9d50d2a75e35d63ebac29c015ebe7b56762199024604648fed1ec375c0af1,2021,adapt,tests/compiler/discovery/discovery/motif/test_exact_atom_candidate_v1.cc,CE-CCP1-E02-016,CE-CCP1-E02-018-GATE,JBC-PROV-ADAPT,source-frozen
git@github.com:tumlinso/CellShard.git,main,b9749ad3e5146a04f847533d8c6f1a54146aed20,tests/jbc/discovery/motif/test_frequent_fragment_miner_v1.cc,743fee01e93ec0b0709c27644181927b8ad6d5d18a07939e82ef4a0c29346b92,1576,adapt,tests/compiler/discovery/discovery/motif/test_frequent_fragment_miner_v1.cc,CE-CCP1-E02-016,CE-CCP1-E02-018-GATE,JBC-PROV-ADAPT,source-frozen
git@github.com:tumlinso/CellShard.git,main,b9749ad3e5146a04f847533d8c6f1a54146aed20,tests/jbc/discovery/motif/test_occurrence_enumeration_v1.cc,21c4e85835411b0ca365b11ecb096a7396c21da825dbd0a88ba75b803d2f2f44,2080,adapt,tests/compiler/discovery/discovery/motif/test_occurrence_enumeration_v1.cc,CE-CCP1-E02-016,CE-CCP1-E02-018-GATE,JBC-PROV-ADAPT,source-frozen
git@github.com:tumlinso/CellShard.git,main,b9749ad3e5146a04f847533d8c6f1a54146aed20,tests/jbc/discovery/motif/test_recurrence_measurement_v1.cc,8bfb52ee8d02ff6bd6e1e1a631cf6ed51d1608e31ad5e6caf4879d1c48756996,1203,adapt,tests/compiler/discovery/discovery/motif/test_recurrence_measurement_v1.cc,CE-CCP1-E02-016,CE-CCP1-E02-018-GATE,JBC-PROV-ADAPT,source-frozen
git@github.com:tumlinso/CellShard.git,main,b9749ad3e5146a04f847533d8c6f1a54146aed20,tests/jbc/discovery/motif/test_regulatory_baseline_v1.cc,e3f28a7c256b6263ac965464ba1a41e63b55fa41dd2f6e25b0aa2633b02e2d82,1580,adapt,tests/compiler/discovery/discovery/motif/test_regulatory_baseline_v1.cc,CE-CCP1-E02-016,CE-CCP1-E02-018-GATE,JBC-PROV-ADAPT,source-frozen
git@github.com:tumlinso/CellShard.git,main,b9749ad3e5146a04f847533d8c6f1a54146aed20,tests/jbc/discovery/motif/test_typed_vocabulary_v1.cc,74edbebba776f78825e107c67ccfdf4aa5f050b99c24a6ea4a435a706add238d,2397,adapt,tests/compiler/discovery/discovery/motif/test_typed_vocabulary_v1.cc,CE-CCP1-E02-016,CE-CCP1-E02-018-GATE,JBC-PROV-ADAPT,source-frozen
git@github.com:tumlinso/CellShard.git,main,b9749ad3e5146a04f847533d8c6f1a54146aed20,tests/jbc/discovery/multimodal/cross_modal_atom_v1_test.cc,61302cd4ddc88bf527925e40f2c9114a6ab0efbec8edff8d3a0fb0beb6bb7a29,1481,adapt,tests/compiler/discovery/discovery/multimodal/cross_modal_atom_v1_test.cc,CE-CCP1-E02-016,CE-CCP1-E02-018-GATE,JBC-PROV-ADAPT,source-frozen
git@github.com:tumlinso/CellShard.git,main,b9749ad3e5146a04f847533d8c6f1a54146aed20,tests/jbc/discovery/multimodal/domain_value_overlay_v1_test.cc,fb6b2ba6f35b6e462169f64944c1d8190a882e2b00910c009da447fbba5a7983,1433,adapt,tests/compiler/discovery/discovery/multimodal/domain_value_overlay_v1_test.cc,CE-CCP1-E02-016,CE-CCP1-E02-018-GATE,JBC-PROV-ADAPT,source-frozen
git@github.com:tumlinso/CellShard.git,main,b9749ad3e5146a04f847533d8c6f1a54146aed20,tests/jbc/discovery/multimodal/entity_alignment_v1_test.cc,e2dd43a23ae78aa9e1da8865cf95f9f32d1c42676aa23a2f209b2bf1cb87bd0c,1416,adapt,tests/compiler/discovery/discovery/multimodal/entity_alignment_v1_test.cc,CE-CCP1-E02-016,CE-CCP1-E02-018-GATE,JBC-PROV-ADAPT,source-frozen
git@github.com:tumlinso/CellShard.git,main,b9749ad3e5146a04f847533d8c6f1a54146aed20,tests/jbc/discovery/multimodal/exact_certification_v1_test.cc,caed77a3cf1ab48d471caaec5979e41daef621fdd9dc8414f0139e4a342a6cea,1653,adapt,tests/compiler/discovery/discovery/multimodal/exact_certification_v1_test.cc,CE-CCP1-E02-016,CE-CCP1-E02-018-GATE,JBC-PROV-ADAPT,source-frozen
git@github.com:tumlinso/CellShard.git,main,b9749ad3e5146a04f847533d8c6f1a54146aed20,tests/jbc/discovery/multimodal/identity_spine_v1_test.cc,3f73a03e751268de6523d66a42335e946d7d84b7c1583397f09621263f2b39ff,1145,adapt,tests/compiler/discovery/discovery/multimodal/identity_spine_v1_test.cc,CE-CCP1-E02-016,CE-CCP1-E02-018-GATE,JBC-PROV-ADAPT,source-frozen
git@github.com:tumlinso/CellShard.git,main,b9749ad3e5146a04f847533d8c6f1a54146aed20,tests/jbc/discovery/multimodal/modality_missingness_v1_test.cc,a4acfd3d656b7037c1c75e5d44f727fe8b806884a97b8778fa2a2cddfa3c16ad,1368,adapt,tests/compiler/discovery/discovery/multimodal/modality_missingness_v1_test.cc,CE-CCP1-E02-016,CE-CCP1-E02-018-GATE,JBC-PROV-ADAPT,source-frozen
git@github.com:tumlinso/CellShard.git,main,b9749ad3e5146a04f847533d8c6f1a54146aed20,tests/jbc/discovery/multimodal/multi_payload_atom_v1_test.cc,839d3b3cdbae904c600f29f80e42f2308892b03cea7d03dbe5155435c4880d06,1231,adapt,tests/compiler/discovery/discovery/multimodal/multi_payload_atom_v1_test.cc,CE-CCP1-E02-016,CE-CCP1-E02-018-GATE,JBC-PROV-ADAPT,source-frozen
git@github.com:tumlinso/CellShard.git,main,b9749ad3e5146a04f847533d8c6f1a54146aed20,tests/jbc/discovery/multimodal/persistent_order_proposal_v1_test.cc,2ba2ca214a9ea6ff29fc6d39351d118a23c5a555acff7bc42e95b760374bdcdb,1229,adapt,tests/compiler/discovery/discovery/multimodal/persistent_order_proposal_v1_test.cc,CE-CCP1-E02-016,CE-CCP1-E02-018-GATE,JBC-PROV-ADAPT,source-frozen
git@github.com:tumlinso/CellShard.git,main,b9749ad3e5146a04f847533d8c6f1a54146aed20,tests/jbc/discovery/multimodal/promotion_gate_v1_test.cc,505329c534fd5f761e7bcdfcc7d3281dec15ac1ca61fe0e6d5d36e1e82a6da84,1121,adapt,tests/compiler/discovery/discovery/multimodal/promotion_gate_v1_test.cc,CE-CCP1-E02-016,CE-CCP1-E02-018-GATE,JBC-PROV-ADAPT,source-frozen
git@github.com:tumlinso/CellShard.git,main,b9749ad3e5146a04f847533d8c6f1a54146aed20,tests/jbc/discovery/multimodal/shared_destination_bundle_v1_test.cc,6cbaa4619e7c397dcc354107374db28d338d89d8fbb5f7c809118ab35f3880ac,1068,adapt,tests/compiler/discovery/discovery/multimodal/shared_destination_bundle_v1_test.cc,CE-CCP1-E02-016,CE-CCP1-E02-018-GATE,JBC-PROV-ADAPT,source-frozen
git@github.com:tumlinso/CellShard.git,main,b9749ad3e5146a04f847533d8c6f1a54146aed20,tests/jbc/discovery/operation_trace/atom_access_event_v1_test.cc,213b5b032d39f02cebfee81760d5a5231ec8bfd21a114a7e9974e4f945726f86,3474,adapt,tests/compiler/discovery/discovery/operation_trace/atom_access_event_v1_test.cc,CE-CCP1-E02-016,CE-CCP1-E02-018-GATE,JBC-PROV-ADAPT,source-frozen
git@github.com:tumlinso/CellShard.git,main,b9749ad3e5146a04f847533d8c6f1a54146aed20,tests/jbc/discovery/operation_trace/cellerator_identity_adapter_v1_test.cc,97f4e8e988767230a8fc75532bda8c04119efdbbcdc73f7f3f508a46082cfe9f,3047,adapt,tests/compiler/discovery/discovery/operation_trace/cellerator_identity_adapter_v1_test.cc,CE-CCP1-E02-016,CE-CCP1-E02-018-GATE,JBC-PROV-ADAPT,source-frozen
git@github.com:tumlinso/CellShard.git,main,b9749ad3e5146a04f847533d8c6f1a54146aed20,tests/jbc/discovery/operation_trace/coaccess_heavy_hitters_v1_test.cc,9806a36cdc93a5df680cc1e48cede58642d802576ceee7e095159ac74fc30e80,5208,adapt,tests/compiler/discovery/discovery/operation_trace/coaccess_heavy_hitters_v1_test.cc,CE-CCP1-E02-016,CE-CCP1-E02-018-GATE,JBC-PROV-ADAPT,source-frozen
git@github.com:tumlinso/CellShard.git,main,b9749ad3e5146a04f847533d8c6f1a54146aed20,tests/jbc/discovery/operation_trace/graph_family_fragment_v1_test.cc,eec171cdccd12a6169d8166842a7834b33d85b2dc9d6b15b3bd89b45d7c1c951,3591,adapt,tests/compiler/discovery/discovery/operation_trace/graph_family_fragment_v1_test.cc,CE-CCP1-E02-016,CE-CCP1-E02-018-GATE,JBC-PROV-ADAPT,source-frozen
git@github.com:tumlinso/CellShard.git,main,b9749ad3e5146a04f847533d8c6f1a54146aed20,tests/jbc/discovery/operation_trace/negative_trace_summary_v1_test.cc,a9a3bc7ef8087ee598e9a68bf5a929560c9238a4eae75e1e5caad5dbfa3ac8bf,3296,adapt,tests/compiler/discovery/discovery/operation_trace/negative_trace_summary_v1_test.cc,CE-CCP1-E02-016,CE-CCP1-E02-018-GATE,JBC-PROV-ADAPT,source-frozen
git@github.com:tumlinso/CellShard.git,main,b9749ad3e5146a04f847533d8c6f1a54146aed20,tests/jbc/discovery/operation_trace/partial_result_recurrence_v1_test.cc,30d11abfd1e69fd0bd55a1378c34a2516556e6fcb415cc59b8664bec90b4a884,4171,adapt,tests/compiler/discovery/discovery/operation_trace/partial_result_recurrence_v1_test.cc,CE-CCP1-E02-016,CE-CCP1-E02-018-GATE,JBC-PROV-ADAPT,source-frozen
git@github.com:tumlinso/CellShard.git,main,b9749ad3e5146a04f847533d8c6f1a54146aed20,tests/jbc/discovery/operation_trace/persistent_order_v1_test.cc,860436a9215afccf1a258346dca95a40aac9962b7f2e1d8ad1393dc780e282a8,4574,adapt,tests/compiler/discovery/discovery/operation_trace/persistent_order_v1_test.cc,CE-CCP1-E02-016,CE-CCP1-E02-018-GATE,JBC-PROV-ADAPT,source-frozen
git@github.com:tumlinso/CellShard.git,main,b9749ad3e5146a04f847533d8c6f1a54146aed20,tests/jbc/discovery/operation_trace/provenance_comparison_v1_test.cc,46c90fcfc09f29ec4dc2a0e44a4a391e318b637cc931e626d1512c53bc23b813,3747,adapt,tests/compiler/discovery/discovery/operation_trace/provenance_comparison_v1_test.cc,CE-CCP1-E02-016,CE-CCP1-E02-018-GATE,JBC-PROV-ADAPT,source-frozen
git@github.com:tumlinso/CellShard.git,main,b9749ad3e5146a04f847533d8c6f1a54146aed20,tests/jbc/discovery/overlap/certification_candidate_v1_test.cc,74d813aa8e5282a3eb7288bbeeba4bf3c9e2ad93e0d29a7fcf5937b254b81258,2227,adapt,tests/compiler/discovery/discovery/overlap/certification_candidate_v1_test.cc,CE-CCP1-E02-016,CE-CCP1-E02-018-GATE,JBC-PROV-ADAPT,source-frozen
git@github.com:tumlinso/CellShard.git,main,b9749ad3e5146a04f847533d8c6f1a54146aed20,tests/jbc/discovery/overlap/disjoint_baseline_v1_test.cc,600b9cededf57da284fc92a0d49526fa8840cb6d298fa7ca0fefec33194fd98f,2029,adapt,tests/compiler/discovery/discovery/overlap/disjoint_baseline_v1_test.cc,CE-CCP1-E02-016,CE-CCP1-E02-018-GATE,JBC-PROV-ADAPT,source-frozen
git@github.com:tumlinso/CellShard.git,main,b9749ad3e5146a04f847533d8c6f1a54146aed20,tests/jbc/discovery/overlap/expansion_v1_test.cc,7ce1b1b586bd2eef7f92bb44bf23ccc199aefade498dab272280879a8104924b,2423,adapt,tests/compiler/discovery/discovery/overlap/expansion_v1_test.cc,CE-CCP1-E02-016,CE-CCP1-E02-018-GATE,JBC-PROV-ADAPT,source-frozen
git@github.com:tumlinso/CellShard.git,main,b9749ad3e5146a04f847533d8c6f1a54146aed20,tests/jbc/discovery/overlap/membership_v1_test.cc,9946fb056253cf4e4c08c4be1116f72028eb24ed03f5707b9565002af6916fc6,1795,adapt,tests/compiler/discovery/discovery/overlap/membership_v1_test.cc,CE-CCP1-E02-016,CE-CCP1-E02-018-GATE,JBC-PROV-ADAPT,source-frozen
git@github.com:tumlinso/CellShard.git,main,b9749ad3e5146a04f847533d8c6f1a54146aed20,tests/jbc/discovery/overlap/promotion_gate_v1_test.cc,162c77f4b34ef66130b82e5e7cca7299b11f12caef9f54a8499533b13e3064b8,3103,adapt,tests/compiler/discovery/discovery/overlap/promotion_gate_v1_test.cc,CE-CCP1-E02-016,CE-CCP1-E02-018-GATE,JBC-PROV-ADAPT,source-frozen
git@github.com:tumlinso/CellShard.git,main,b9749ad3e5146a04f847533d8c6f1a54146aed20,tests/jbc/discovery/overlap/stability_cost_v1_test.cc,765a40a0360b155fa4e6e5cee80bf6943297bafb2ce8ec4f43743a1290f248b2,1912,adapt,tests/compiler/discovery/discovery/overlap/stability_cost_v1_test.cc,CE-CCP1-E02-016,CE-CCP1-E02-018-GATE,JBC-PROV-ADAPT,source-frozen
git@github.com:tumlinso/CellShard.git,main,b9749ad3e5146a04f847533d8c6f1a54146aed20,tests/jbc/discovery/sequence_compat/hierarchical_intervals_v1_test.cc,8f7e6f59347fa74533c44c0504e96c8de7c81f3de743881d57ac41a8eb24c39f,3250,adapt,tests/compiler/discovery/discovery/sequence_compat/hierarchical_intervals_v1_test.cc,CE-CCP1-E02-016,CE-CCP1-E02-018-GATE,JBC-PROV-ADAPT,source-frozen
git@github.com:tumlinso/CellShard.git,main,b9749ad3e5146a04f847533d8c6f1a54146aed20,tests/jbc/discovery/sequence_compat/long_range_relation_bridge_v1_test.cc,463d6e03bdcc3425d975685a336df12dcc63a4313a6bbd694eafebe437f9929a,4067,adapt,tests/compiler/discovery/discovery/sequence_compat/long_range_relation_bridge_v1_test.cc,CE-CCP1-E02-016,CE-CCP1-E02-018-GATE,JBC-PROV-ADAPT,source-frozen
git@github.com:tumlinso/CellShard.git,main,b9749ad3e5146a04f847533d8c6f1a54146aed20,tests/jbc/discovery/sequence_compat/mock_sequence_provider_v1_test.cc,920d2913d04705db7c3dc06d3b1e59ea34a66250bad815a56702cdbf23ff97ec,954,adapt,tests/compiler/discovery/discovery/sequence_compat/mock_sequence_provider_v1_test.cc,CE-CCP1-E02-016,CE-CCP1-E02-018-GATE,JBC-PROV-ADAPT,source-frozen
git@github.com:tumlinso/CellShard.git,main,b9749ad3e5146a04f847533d8c6f1a54146aed20,tests/jbc/discovery/sequence_compat/owned_halo_intervals_v1_test.cc,551270fd1103b25b9bb9b7ea1231b7cfa7c9085203373cbc8a1a73e06bf6245b,2933,adapt,tests/compiler/discovery/discovery/sequence_compat/owned_halo_intervals_v1_test.cc,CE-CCP1-E02-016,CE-CCP1-E02-018-GATE,JBC-PROV-ADAPT,source-frozen
git@github.com:tumlinso/CellShard.git,main,b9749ad3e5146a04f847533d8c6f1a54146aed20,tests/jbc/discovery/sequence_compat/provider_coordinate_coverage_v1_test.cc,24c7be727ee8a16a2a0588f83028e2ef32e844ff50efa8184dd84adc75987ac4,3122,adapt,tests/compiler/discovery/discovery/sequence_compat/provider_coordinate_coverage_v1_test.cc,CE-CCP1-E02-016,CE-CCP1-E02-018-GATE,JBC-PROV-ADAPT,source-frozen
git@github.com:tumlinso/CellShard.git,main,b9749ad3e5146a04f847533d8c6f1a54146aed20,tests/jbc/discovery/sequence_compat/reference_strand_identity_v1_test.cc,34cecea98b631b2b835c939dd11fbd67bd0999bfb6eae9b6f11b9efffd8ea351,1786,adapt,tests/compiler/discovery/discovery/sequence_compat/reference_strand_identity_v1_test.cc,CE-CCP1-E02-016,CE-CCP1-E02-018-GATE,JBC-PROV-ADAPT,source-frozen
git@github.com:tumlinso/CellShard.git,main,b9749ad3e5146a04f847533d8c6f1a54146aed20,tests/jbc/discovery/support_signature/benchmark_support_signature_v1.cc,46a4cfc65b5721a058f1a275f037bec303eb001de3a24cfbc7171c1a89c5a5da,6501,adapt,tests/compiler/discovery/discovery/support_signature/benchmark_support_signature_v1.cc,CE-CCP1-E02-016,CE-CCP1-E02-018-GATE,JBC-PROV-ADAPT,source-frozen
git@github.com:tumlinso/CellShard.git,main,b9749ad3e5146a04f847533d8c6f1a54146aed20,tests/jbc/discovery/support_signature/test_candidate_pairs_v1.cc,8e83e94adcbbdcc6e9dcc18c0d3215c25a47ba53d3ce9d7b2a99d091781ec787,1540,adapt,tests/compiler/discovery/discovery/support_signature/test_candidate_pairs_v1.cc,CE-CCP1-E02-016,CE-CCP1-E02-018-GATE,JBC-PROV-ADAPT,source-frozen
git@github.com:tumlinso/CellShard.git,main,b9749ad3e5146a04f847533d8c6f1a54146aed20,tests/jbc/discovery/support_signature/test_evidence_image_v1.cc,d66391db76e483b91b323e87fc77290b8547dd1fd21313515f21973a60f32353,1953,adapt,tests/compiler/discovery/discovery/support_signature/test_evidence_image_v1.cc,CE-CCP1-E02-016,CE-CCP1-E02-018-GATE,JBC-PROV-ADAPT,source-frozen
git@github.com:tumlinso/CellShard.git,main,b9749ad3e5146a04f847533d8c6f1a54146aed20,tests/jbc/discovery/support_signature/test_exact_rescan_v1.cc,2252bcbdcf5316b8c7c02b63db5c76b6d44553fc3fa54ae93763f167683346b4,1469,adapt,tests/compiler/discovery/discovery/support_signature/test_exact_rescan_v1.cc,CE-CCP1-E02-016,CE-CCP1-E02-018-GATE,JBC-PROV-ADAPT,source-frozen
git@github.com:tumlinso/CellShard.git,main,b9749ad3e5146a04f847533d8c6f1a54146aed20,tests/jbc/discovery/support_signature/test_exact_support_v1.cc,5c5076589c8914a41b408c5f2a76beb536f5ea9353c0e57b3ccba1d4ebfa8d57,2004,adapt,tests/compiler/discovery/discovery/support_signature/test_exact_support_v1.cc,CE-CCP1-E02-016,CE-CCP1-E02-018-GATE,JBC-PROV-ADAPT,source-frozen
git@github.com:tumlinso/CellShard.git,main,b9749ad3e5146a04f847533d8c6f1a54146aed20,tests/jbc/discovery/support_signature/test_full_relation_rescan_v1.cc,fec06d8f426d0adc875bff6c85523a7716b1aaaa0b090def5f01acae4297fb57,1925,adapt,tests/compiler/discovery/discovery/support_signature/test_full_relation_rescan_v1.cc,CE-CCP1-E02-016,CE-CCP1-E02-018-GATE,JBC-PROV-ADAPT,source-frozen
git@github.com:tumlinso/CellShard.git,main,b9749ad3e5146a04f847533d8c6f1a54146aed20,tests/jbc/discovery/support_signature/test_lsh_index_v1.cc,b0f2069b691877f5f5417d5ba5cf9f10308be94ad578d801c13c2dd78e603086,1488,adapt,tests/compiler/discovery/discovery/support_signature/test_lsh_index_v1.cc,CE-CCP1-E02-016,CE-CCP1-E02-018-GATE,JBC-PROV-ADAPT,source-frozen
git@github.com:tumlinso/CellShard.git,main,b9749ad3e5146a04f847533d8c6f1a54146aed20,tests/jbc/discovery/support_signature/test_minhash_v1.cc,4fc2d91d489b9440fb95ccad860201cd6d48cb47cf2f3861967d9dbe04e071ab,1477,adapt,tests/compiler/discovery/discovery/support_signature/test_minhash_v1.cc,CE-CCP1-E02-016,CE-CCP1-E02-018-GATE,JBC-PROV-ADAPT,source-frozen
git@github.com:tumlinso/CellShard.git,main,b9749ad3e5146a04f847533d8c6f1a54146aed20,tests/jbc/discovery/support_signature/test_neighborhood_proposal_v1.cc,825dc3c3ef17670048b3a494b29f654061531483bfda321f29b7bec6b25039ce,1743,adapt,tests/compiler/discovery/discovery/support_signature/test_neighborhood_proposal_v1.cc,CE-CCP1-E02-016,CE-CCP1-E02-018-GATE,JBC-PROV-ADAPT,source-frozen
git@github.com:tumlinso/CellShard.git,main,b9749ad3e5146a04f847533d8c6f1a54146aed20,tests/jbc/discovery/support_signature/test_stable_hash_v1.cc,a732ee67b18160435a2cef364e0b965dd7179207f2b9c6ea0c8d74175fa000d9,1523,adapt,tests/compiler/discovery/discovery/support_signature/test_stable_hash_v1.cc,CE-CCP1-E02-016,CE-CCP1-E02-018-GATE,JBC-PROV-ADAPT,source-frozen
git@github.com:tumlinso/CellShard.git,main,b9749ad3e5146a04f847533d8c6f1a54146aed20,tests/jbc/discovery/trajectory/test_branch_delta_v1.cc,829af84ff72e52d6591290ef05918a029c70998da11409cccc29e5bdc698729d,584,adapt,tests/compiler/discovery/discovery/trajectory/test_branch_delta_v1.cc,CE-CCP1-E02-016,CE-CCP1-E02-018-GATE,JBC-PROV-ADAPT,source-frozen
git@github.com:tumlinso/CellShard.git,main,b9749ad3e5146a04f847533d8c6f1a54146aed20,tests/jbc/discovery/trajectory/test_branch_local_atom_v1.cc,aae684cba7591a22f2fa64bac0c6c999f4d97e63330f2909448183b81a6b67f6,692,adapt,tests/compiler/discovery/discovery/trajectory/test_branch_local_atom_v1.cc,CE-CCP1-E02-016,CE-CCP1-E02-018-GATE,JBC-PROV-ADAPT,source-frozen
git@github.com:tumlinso/CellShard.git,main,b9749ad3e5146a04f847533d8c6f1a54146aed20,tests/jbc/discovery/trajectory/test_common_prefix_v1.cc,102a703ab61ed17e20dc18fe825e0e34777c81db9101e317bf5d11ee0741486f,666,adapt,tests/compiler/discovery/discovery/trajectory/test_common_prefix_v1.cc,CE-CCP1-E02-016,CE-CCP1-E02-018-GATE,JBC-PROV-ADAPT,source-frozen
git@github.com:tumlinso/CellShard.git,main,b9749ad3e5146a04f847533d8c6f1a54146aed20,tests/jbc/discovery/trajectory/test_input_contract_v1.cc,2197261ad52581f32b2e440af5282e14d74fc50e3c74748100e3ebeca2de1d71,1026,adapt,tests/compiler/discovery/discovery/trajectory/test_input_contract_v1.cc,CE-CCP1-E02-016,CE-CCP1-E02-018-GATE,JBC-PROV-ADAPT,source-frozen
git@github.com:tumlinso/CellShard.git,main,b9749ad3e5146a04f847533d8c6f1a54146aed20,tests/jbc/discovery/trajectory/test_lineage_working_set_v1.cc,568e340941fc2d7962666381ea6198c4de21bcb173be24b7a5003a2ff33a163b,664,adapt,tests/compiler/discovery/discovery/trajectory/test_lineage_working_set_v1.cc,CE-CCP1-E02-016,CE-CCP1-E02-018-GATE,JBC-PROV-ADAPT,source-frozen
git@github.com:tumlinso/CellShard.git,main,b9749ad3e5146a04f847533d8c6f1a54146aed20,tests/jbc/discovery/trajectory/test_normalized_lineage_v1.cc,c4d669ca523e63f3110c63b4bc7ea28a8c9697fbd2c62261ebba3c9313785e1b,657,adapt,tests/compiler/discovery/discovery/trajectory/test_normalized_lineage_v1.cc,CE-CCP1-E02-016,CE-CCP1-E02-018-GATE,JBC-PROV-ADAPT,source-frozen
git@github.com:tumlinso/CellShard.git,main,b9749ad3e5146a04f847533d8c6f1a54146aed20,tests/jbc/discovery/trajectory/test_predictive_prefetch_v1.cc,b2e77c985902cdff0e34c939f24ba91448b9b847ca6efa0750f8a923f11196f0,541,adapt,tests/compiler/discovery/discovery/trajectory/test_predictive_prefetch_v1.cc,CE-CCP1-E02-016,CE-CCP1-E02-018-GATE,JBC-PROV-ADAPT,source-frozen
git@github.com:tumlinso/CellShard.git,main,b9749ad3e5146a04f847533d8c6f1a54146aed20,tests/jbc/discovery/trajectory/test_state_neighborhood_v1.cc,da68f214d648a9cf0b7452fe265330b994a44674afd146d9d5db3493fc943be1,861,adapt,tests/compiler/discovery/discovery/trajectory/test_state_neighborhood_v1.cc,CE-CCP1-E02-016,CE-CCP1-E02-018-GATE,JBC-PROV-ADAPT,source-frozen
git@github.com:tumlinso/CellShard.git,main,b9749ad3e5146a04f847533d8c6f1a54146aed20,tests/jbc/discovery/trajectory/test_state_update_overlay_v1.cc,3d4b484333749d562bf8d83c7a9a039fad60d19613d0ff30af8883ee60e74389,724,adapt,tests/compiler/discovery/discovery/trajectory/test_state_update_overlay_v1.cc,CE-CCP1-E02-016,CE-CCP1-E02-018-GATE,JBC-PROV-ADAPT,source-frozen
git@github.com:tumlinso/CellShard.git,main,b9749ad3e5146a04f847533d8c6f1a54146aed20,tests/jbc/discovery/trajectory/test_temporal_window_v1.cc,c2416f6435d76f0fe07ac87901ba6ed2d10ad3fa27ce46f0c08d29844982eeef,854,adapt,tests/compiler/discovery/discovery/trajectory/test_temporal_window_v1.cc,CE-CCP1-E02-016,CE-CCP1-E02-018-GATE,JBC-PROV-ADAPT,source-frozen
git@github.com:tumlinso/CellShard.git,main,b9749ad3e5146a04f847533d8c6f1a54146aed20,tests/jbc/discovery/trajectory/test_trajectory_promotion_gate_v1.cc,3b91e64a2d42ed0bfa45cd87e657027d165d1982b37f1460132d07bf466d5493,1080,adapt,tests/compiler/discovery/discovery/trajectory/test_trajectory_promotion_gate_v1.cc,CE-CCP1-E02-016,CE-CCP1-E02-018-GATE,JBC-PROV-ADAPT,source-frozen
git@github.com:tumlinso/CellShard.git,main,b9749ad3e5146a04f847533d8c6f1a54146aed20,tests/jbc/discovery/trajectory/test_transition_operator_v1.cc,3a7758f22181ad732e6ea11be30d8dbf7c27a5eddc0e3e579184805eff77a9be,813,adapt,tests/compiler/discovery/discovery/trajectory/test_transition_operator_v1.cc,CE-CCP1-E02-016,CE-CCP1-E02-018-GATE,JBC-PROV-ADAPT,source-frozen
git@github.com:tumlinso/CellShard.git,main,b9749ad3e5146a04f847533d8c6f1a54146aed20,tests/jbc/evidence/algorithm_provenance_v1_test.cc,34aa72dda8919c9003c19f1bde85b148ef438ceba73e90af3861082b800f96b1,1923,adapt,tests/compiler/discovery/evidence/algorithm_provenance_v1_test.cc,CE-CCP1-E02-016,CE-CCP1-E02-018-GATE,JBC-PROV-ADAPT,source-frozen
git@github.com:tumlinso/CellShard.git,main,b9749ad3e5146a04f847533d8c6f1a54146aed20,tests/jbc/evidence/approximate_membership_v1_test.cc,b62482b69637abef32ef1b912c4e175459e921d0d803543a407d2ada4d1fd4b9,1234,adapt,tests/compiler/discovery/evidence/approximate_membership_v1_test.cc,CE-CCP1-E02-016,CE-CCP1-E02-018-GATE,JBC-PROV-ADAPT,source-frozen
git@github.com:tumlinso/CellShard.git,main,b9749ad3e5146a04f847533d8c6f1a54146aed20,tests/jbc/evidence/atom_evidence_record_v1_test.cc,4613544ed299b69865069c70055006d1131cb04a0899362c9f51815e10dc713d,2028,adapt,tests/compiler/discovery/evidence/atom_evidence_record_v1_test.cc,CE-CCP1-E02-016,CE-CCP1-E02-018-GATE,JBC-PROV-ADAPT,source-frozen
git@github.com:tumlinso/CellShard.git,main,b9749ad3e5146a04f847533d8c6f1a54146aed20,tests/jbc/evidence/biological_stratum_v1_test.cc,ea3fde71560ffc815110eea04c12522c7a505f5c1bcb067100a830b75480371b,1228,adapt,tests/compiler/discovery/evidence/biological_stratum_v1_test.cc,CE-CCP1-E02-016,CE-CCP1-E02-018-GATE,JBC-PROV-ADAPT,source-frozen
git@github.com:tumlinso/CellShard.git,main,b9749ad3e5146a04f847533d8c6f1a54146aed20,tests/jbc/evidence/cellerator_evidence_adapter_v1_test.cc,6a4fd47bfd0faa3d6bd0b70a12903ccd19968dbc28c742e667c81a05af295c11,2009,adapt,tests/compiler/discovery/evidence/cellerator_evidence_adapter_v1_test.cc,CE-CCP1-E02-016,CE-CCP1-E02-018-GATE,JBC-PROV-ADAPT,source-frozen
git@github.com:tumlinso/CellShard.git,main,b9749ad3e5146a04f847533d8c6f1a54146aed20,tests/jbc/evidence/confidence_stability_v1_test.cc,06c1fe8d7fc096553b86dfaf01769369a7c96092b3e00d4bdb593f73c3a8b038,1963,adapt,tests/compiler/discovery/evidence/confidence_stability_v1_test.cc,CE-CCP1-E02-016,CE-CCP1-E02-018-GATE,JBC-PROV-ADAPT,source-frozen
git@github.com:tumlinso/CellShard.git,main,b9749ad3e5146a04f847533d8c6f1a54146aed20,tests/jbc/evidence/cross_dataset_template_v1_test.cc,1026d3c940d213e3dd8073b2a27b11bfe2b4870c1d266b92849cd95e1d82a0b7,1105,adapt,tests/compiler/discovery/evidence/cross_dataset_template_v1_test.cc,CE-CCP1-E02-016,CE-CCP1-E02-018-GATE,JBC-PROV-ADAPT,source-frozen
git@github.com:tumlinso/CellShard.git,main,b9749ad3e5146a04f847533d8c6f1a54146aed20,tests/jbc/evidence/cross_operation_v1_test.cc,09c560412917ff7158cb45d9f9dab1c6fe90cf72096305a24a44d5037db52b5a,1249,adapt,tests/compiler/discovery/evidence/cross_operation_v1_test.cc,CE-CCP1-E02-016,CE-CCP1-E02-018-GATE,JBC-PROV-ADAPT,source-frozen
git@github.com:tumlinso/CellShard.git,main,b9749ad3e5146a04f847533d8c6f1a54146aed20,tests/jbc/evidence/cross_workload_v1_test.cc,dbf78b4b008ccb46d9b41859f4641308090bea7c44639e14b1a82e98df2d4271,1183,adapt,tests/compiler/discovery/evidence/cross_workload_v1_test.cc,CE-CCP1-E02-016,CE-CCP1-E02-018-GATE,JBC-PROV-ADAPT,source-frozen
git@github.com:tumlinso/CellShard.git,main,b9749ad3e5146a04f847533d8c6f1a54146aed20,tests/jbc/evidence/evidence_atlas_builder_v1_test.cc,22af3516855588e4e670a83c3ac802cba7f5f1abf0ffa411cb38881b1ddaa471,1781,adapt,tests/compiler/discovery/evidence/evidence_atlas_builder_v1_test.cc,CE-CCP1-E02-016,CE-CCP1-E02-018-GATE,JBC-PROV-ADAPT,source-frozen
git@github.com:tumlinso/CellShard.git,main,b9749ad3e5146a04f847533d8c6f1a54146aed20,tests/jbc/evidence/evidence_atlas_image_v1_test.cc,1275ec3fea96ddca91caa3467b86ad4670c6c43dd358c0e69d2da20cacd7ed89,2237,adapt,tests/compiler/discovery/evidence/evidence_atlas_image_v1_test.cc,CE-CCP1-E02-016,CE-CCP1-E02-018-GATE,JBC-PROV-ADAPT,source-frozen
git@github.com:tumlinso/CellShard.git,main,b9749ad3e5146a04f847533d8c6f1a54146aed20,tests/jbc/evidence/evidence_atlas_merge_v1_test.cc,94b13332f6f45642a906d4c40bb66eb794a7eee58851019dfc86600ca66a050a,1563,adapt,tests/compiler/discovery/evidence/evidence_atlas_merge_v1_test.cc,CE-CCP1-E02-016,CE-CCP1-E02-018-GATE,JBC-PROV-ADAPT,source-frozen
git@github.com:tumlinso/CellShard.git,main,b9749ad3e5146a04f847533d8c6f1a54146aed20,tests/jbc/evidence/evidence_atlas_query_v1_test.cc,2a2007ff564331b2df1b792dbb0325ca35a514b4327e2726ed2b2364c354ba01,2015,adapt,tests/compiler/discovery/evidence/evidence_atlas_query_v1_test.cc,CE-CCP1-E02-016,CE-CCP1-E02-018-GATE,JBC-PROV-ADAPT,source-frozen
git@github.com:tumlinso/CellShard.git,main,b9749ad3e5146a04f847533d8c6f1a54146aed20,tests/jbc/evidence/evidence_atlas_statistics_v1_test.cc,06b3faecfa756c0621a0778ae808c849a339961874ceae60ebd66d781b51972a,2078,adapt,tests/compiler/discovery/evidence/evidence_atlas_statistics_v1_test.cc,CE-CCP1-E02-016,CE-CCP1-E02-018-GATE,JBC-PROV-ADAPT,source-frozen
git@github.com:tumlinso/CellShard.git,main,b9749ad3e5146a04f847533d8c6f1a54146aed20,tests/jbc/evidence/evidence_kind_test.cc,1ace0f2f5e18413e3e1b8e978bf734d0eed95eca7804a55810e0ff8412cc806b,2267,adapt,tests/compiler/discovery/evidence/evidence_kind_test.cc,CE-CCP1-E02-016,CE-CCP1-E02-018-GATE,JBC-PROV-ADAPT,source-frozen
git@github.com:tumlinso/CellShard.git,main,b9749ad3e5146a04f847533d8c6f1a54146aed20,tests/jbc/evidence/negative_evidence_v1_test.cc,eee362495948dd477b40423d4222a96aff2c4f758d90cd3f81650c0757d34f3a,1329,adapt,tests/compiler/discovery/evidence/negative_evidence_v1_test.cc,CE-CCP1-E02-016,CE-CCP1-E02-018-GATE,JBC-PROV-ADAPT,source-frozen
git@github.com:tumlinso/CellShard.git,main,b9749ad3e5146a04f847533d8c6f1a54146aed20,tests/jbc/global_ir/access_effect_test.cc,bcec6ba6f5dda632a6603664aa9a067a30a2645caa2df850f0f755afb3415f7e,537,adapt,tests/compiler/composition/global_ir/access_effect_test.cc,CE-CCP1-E03-014,CE-CCP1-E03-018-GATE,JBC-PROV-ADAPT,source-frozen
git@github.com:tumlinso/CellShard.git,main,b9749ad3e5146a04f847533d8c6f1a54146aed20,tests/jbc/global_ir/atom_dependency_test.cc,09ed0ae0fb938213e1ee90a5c111593cbfb7be1242baf7c52822809692898fde,547,adapt,tests/compiler/composition/global_ir/atom_dependency_test.cc,CE-CCP1-E03-014,CE-CCP1-E03-018-GATE,JBC-PROV-ADAPT,source-frozen
git@github.com:tumlinso/CellShard.git,main,b9749ad3e5146a04f847533d8c6f1a54146aed20,tests/jbc/global_ir/distributed_certificate_test.cc,59c3e36c428e7c8471be2d2c9f8bdeaac2618c753e88bbc8318b5ab58d3eb6ff,770,adapt,tests/compiler/composition/global_ir/distributed_certificate_test.cc,CE-CCP1-E03-014,CE-CCP1-E03-018-GATE,JBC-PROV-ADAPT,source-frozen
git@github.com:tumlinso/CellShard.git,main,b9749ad3e5146a04f847533d8c6f1a54146aed20,tests/jbc/global_ir/global_ir_serialization_test.cc,9b1c65a8b5eff86b35e097bcfcb6035a34c5e6abf4d82f70d5fc7c2952e79e6e,1359,adapt,tests/compiler/composition/global_ir/global_ir_serialization_test.cc,CE-CCP1-E03-014,CE-CCP1-E03-018-GATE,JBC-PROV-ADAPT,source-frozen
git@github.com:tumlinso/CellShard.git,main,b9749ad3e5146a04f847533d8c6f1a54146aed20,tests/jbc/global_ir/graph_family_test.cc,269333e582a59b39ea512edae10e1d3cb64163e1a4b617677fa4e1ce21a49672,586,adapt,tests/compiler/composition/global_ir/graph_family_test.cc,CE-CCP1-E03-014,CE-CCP1-E03-018-GATE,JBC-PROV-ADAPT,source-frozen
git@github.com:tumlinso/CellShard.git,main,b9749ad3e5146a04f847533d8c6f1a54146aed20,tests/jbc/global_ir/graph_recipe_test.cc,3a2ce66a388b49ae64de89bb80309248e45426c9fce5b15ddfde3d50f0134b5f,768,adapt,tests/compiler/composition/global_ir/graph_recipe_test.cc,CE-CCP1-E03-014,CE-CCP1-E03-018-GATE,JBC-PROV-ADAPT,source-frozen
git@github.com:tumlinso/CellShard.git,main,b9749ad3e5146a04f847533d8c6f1a54146aed20,tests/jbc/global_ir/mock_operation_provider_test.cc,630e706b8b359242d069ac9817c5d4c9d777e59469839d0c9de17cfd1fd25214,963,adapt,tests/compiler/composition/global_ir/mock_operation_provider_test.cc,CE-CCP1-E03-014,CE-CCP1-E03-018-GATE,JBC-PROV-ADAPT,source-frozen
git@github.com:tumlinso/CellShard.git,main,b9749ad3e5146a04f847533d8c6f1a54146aed20,tests/jbc/global_ir/operation_node_test.cc,947218ec184d010adf3022fd0dfe4252b385fa468131384b50fd22bfdae76176,704,adapt,tests/compiler/composition/global_ir/operation_node_test.cc,CE-CCP1-E03-014,CE-CCP1-E03-018-GATE,JBC-PROV-ADAPT,source-frozen
git@github.com:tumlinso/CellShard.git,main,b9749ad3e5146a04f847533d8c6f1a54146aed20,tests/jbc/global_ir/operation_provider_test.cc,f235c8fd35a6703f459cc47b6bd4253b37062076e80d02c046b5dc7170f97338,988,adapt,tests/compiler/composition/global_ir/operation_provider_test.cc,CE-CCP1-E03-014,CE-CCP1-E03-018-GATE,JBC-PROV-ADAPT,source-frozen
git@github.com:tumlinso/CellShard.git,main,b9749ad3e5146a04f847533d8c6f1a54146aed20,tests/jbc/global_ir/partial_result_tree_test.cc,6a8f8136d9b27192df288ea9cccfb1b64d07c5c057d1aab3a420af74e3499fd7,761,adapt,tests/compiler/composition/global_ir/partial_result_tree_test.cc,CE-CCP1-E03-014,CE-CCP1-E03-018-GATE,JBC-PROV-ADAPT,source-frozen
git@github.com:tumlinso/CellShard.git,main,b9749ad3e5146a04f847533d8c6f1a54146aed20,tests/jbc/global_ir/physical_realization_test.cc,4e92aa4212671af508d59d11928f5854801ea611e40dca39427c0c3c913f566a,605,adapt,tests/compiler/composition/global_ir/physical_realization_test.cc,CE-CCP1-E03-014,CE-CCP1-E03-018-GATE,JBC-PROV-ADAPT,source-frozen
git@github.com:tumlinso/CellShard.git,main,b9749ad3e5146a04f847533d8c6f1a54146aed20,tests/jbc/global_ir/portable_artifact_test.cc,992c3316a9703ebf6ca7cdfa201403df679530bda06b9991f7bea2501f1d8ce5,783,adapt,tests/compiler/composition/global_ir/portable_artifact_test.cc,CE-CCP1-E03-014,CE-CCP1-E03-018-GATE,JBC-PROV-ADAPT,source-frozen
git@github.com:tumlinso/CellShard.git,main,b9749ad3e5146a04f847533d8c6f1a54146aed20,tests/jbc/global_ir/replay_mode_test.cc,0cf61d2aac97a332a66d5652589ec712b259d035fec319aa88485095b412783d,588,adapt,tests/compiler/composition/global_ir/replay_mode_test.cc,CE-CCP1-E03-014,CE-CCP1-E03-018-GATE,JBC-PROV-ADAPT,source-frozen
git@github.com:tumlinso/CellShard.git,main,b9749ad3e5146a04f847533d8c6f1a54146aed20,tests/jbc/global_ir/rewrite_descriptor_test.cc,05f61ed101a8ac0ddc1ef1c30f2c70794271fc655b566688665d386b2df389c8,717,adapt,tests/compiler/composition/global_ir/rewrite_descriptor_test.cc,CE-CCP1-E03-014,CE-CCP1-E03-018-GATE,JBC-PROV-ADAPT,source-frozen
git@github.com:tumlinso/CellShard.git,main,b9749ad3e5146a04f847533d8c6f1a54146aed20,tests/jbc/grammar/explicit/test_derivation_dag_v1.cc,d44c17a222f366d3c84d00af5b7e9728e82bd99128506429fbe148d4f290c7bd,1268,adapt,tests/compiler/composition/grammar/explicit/test_derivation_dag_v1.cc,CE-CCP1-E03-014,CE-CCP1-E03-018-GATE,JBC-PROV-ADAPT,source-frozen
git@github.com:tumlinso/CellShard.git,main,b9749ad3e5146a04f847533d8c6f1a54146aed20,tests/jbc/grammar/explicit/test_derivation_validation_receipt_v1.cc,199eef17f674200d811e147a9640fd8c64d58a2113eaffee65157bf48aa2ad3a,1197,adapt,tests/compiler/composition/grammar/explicit/test_derivation_validation_receipt_v1.cc,CE-CCP1-E03-014,CE-CCP1-E03-018-GATE,JBC-PROV-ADAPT,source-frozen
git@github.com:tumlinso/CellShard.git,main,b9749ad3e5146a04f847533d8c6f1a54146aed20,tests/jbc/grammar/explicit/test_exact_coverage_equation_v1.cc,0f5f7c51d5d1849a97ba9f8eef511e795ef3a506a12801198d31591d9e2dd9cf,667,adapt,tests/compiler/composition/grammar/explicit/test_exact_coverage_equation_v1.cc,CE-CCP1-E03-014,CE-CCP1-E03-018-GATE,JBC-PROV-ADAPT,source-frozen
git@github.com:tumlinso/CellShard.git,main,b9749ad3e5146a04f847533d8c6f1a54146aed20,tests/jbc/grammar/explicit/test_explicit_grammar_builder_v1.cc,d8666bba43fa9908f90733680e0b438c9380678d5a11468cbcb502e581d0a8d0,1003,adapt,tests/compiler/composition/grammar/explicit/test_explicit_grammar_builder_v1.cc,CE-CCP1-E03-014,CE-CCP1-E03-018-GATE,JBC-PROV-ADAPT,source-frozen
git@github.com:tumlinso/CellShard.git,main,b9749ad3e5146a04f847533d8c6f1a54146aed20,tests/jbc/grammar/explicit/test_explicit_production_registry_v1.cc,c9fecbb8ee4d9b0cda8724025a32486ff366a08b1625ed67ba1360058b2f67f2,900,adapt,tests/compiler/composition/grammar/explicit/test_explicit_production_registry_v1.cc,CE-CCP1-E03-014,CE-CCP1-E03-018-GATE,JBC-PROV-ADAPT,source-frozen
git@github.com:tumlinso/CellShard.git,main,b9749ad3e5146a04f847533d8c6f1a54146aed20,tests/jbc/grammar/explicit/test_flat_basis_fallback_v1.cc,588049f72e43d590ce9b8a3ca0b765575b25c0063ad5144f29062259ab89de24,1103,adapt,tests/compiler/composition/grammar/explicit/test_flat_basis_fallback_v1.cc,CE-CCP1-E03-014,CE-CCP1-E03-018-GATE,JBC-PROV-ADAPT,source-frozen
git@github.com:tumlinso/CellShard.git,main,b9749ad3e5146a04f847533d8c6f1a54146aed20,tests/jbc/grammar/explicit/test_grammar_simplification_v1.cc,dacd5be3889464c803f10afbc59f1a45636b54595d2e746115a2b5d4662a02f0,1098,adapt,tests/compiler/composition/grammar/explicit/test_grammar_simplification_v1.cc,CE-CCP1-E03-014,CE-CCP1-E03-018-GATE,JBC-PROV-ADAPT,source-frozen
git@github.com:tumlinso/CellShard.git,main,b9749ad3e5146a04f847533d8c6f1a54146aed20,tests/jbc/grammar/explicit/test_portable_grammar_serialization_v1.cc,234c2c33459015cd2ff87696eae5b7298e9ef09f2cd158f38fa93315165b7260,1050,adapt,tests/compiler/composition/grammar/explicit/test_portable_grammar_serialization_v1.cc,CE-CCP1-E03-014,CE-CCP1-E03-018-GATE,JBC-PROV-ADAPT,source-frozen
git@github.com:tumlinso/CellShard.git,main,b9749ad3e5146a04f847533d8c6f1a54146aed20,tests/jbc/grammar/explicit/test_production_parameter_schema_v1.cc,d7f62e0e220ac35276baf1db056f4aa8d3ea7fbc6eb6ac24cc9290a34244a18c,700,adapt,tests/compiler/composition/grammar/explicit/test_production_parameter_schema_v1.cc,CE-CCP1-E03-014,CE-CCP1-E03-018-GATE,JBC-PROV-ADAPT,source-frozen
git@github.com:tumlinso/CellShard.git,main,b9749ad3e5146a04f847533d8c6f1a54146aed20,tests/jbc/grammar/explicit/test_typed_symbol_table_v1.cc,d02c6c0872818f631ef7c895362bff832bdcc0ece49e800ba228f095f6908626,1123,adapt,tests/compiler/composition/grammar/explicit/test_typed_symbol_table_v1.cc,CE-CCP1-E03-014,CE-CCP1-E03-018-GATE,JBC-PROV-ADAPT,source-frozen
git@github.com:tumlinso/CellShard.git,main,b9749ad3e5146a04f847533d8c6f1a54146aed20,tests/jbc/grammar/induced/test_canonical_production_v1.cc,86918528c2123f1c158cf7db790b8f39150c65df8407121422652f416f7bd6ec,705,adapt,tests/compiler/composition/grammar/induced/test_canonical_production_v1.cc,CE-CCP1-E03-014,CE-CCP1-E03-018-GATE,JBC-PROV-ADAPT,source-frozen
git@github.com:tumlinso/CellShard.git,main,b9749ad3e5146a04f847533d8c6f1a54146aed20,tests/jbc/grammar/induced/test_complete_cost_v1.cc,9f068395c788b7b7ad9467f51123a60294452d05fbe6cde0671cb1b2cf93e988,546,adapt,tests/compiler/composition/grammar/induced/test_complete_cost_v1.cc,CE-CCP1-E03-014,CE-CCP1-E03-018-GATE,JBC-PROV-ADAPT,source-frozen
git@github.com:tumlinso/CellShard.git,main,b9749ad3e5146a04f847533d8c6f1a54146aed20,tests/jbc/grammar/induced/test_flat_dag_comparison_v1.cc,53f84527b4955576d05d73d4c26ccc52d26207afcc46be852bcb4230937f6a49,549,adapt,tests/compiler/composition/grammar/induced/test_flat_dag_comparison_v1.cc,CE-CCP1-E03-014,CE-CCP1-E03-018-GATE,JBC-PROV-ADAPT,source-frozen
git@github.com:tumlinso/CellShard.git,main,b9749ad3e5146a04f847533d8c6f1a54146aed20,tests/jbc/grammar/induced/test_frequency_stability_v1.cc,4d74eb03e50189af9302ccfdfdb3787ba6836d7452d6f295eedf2e21fba883f2,473,adapt,tests/compiler/composition/grammar/induced/test_frequency_stability_v1.cc,CE-CCP1-E03-014,CE-CCP1-E03-018-GATE,JBC-PROV-ADAPT,source-frozen
git@github.com:tumlinso/CellShard.git,main,b9749ad3e5146a04f847533d8c6f1a54146aed20,tests/jbc/grammar/induced/test_grammar_bounds_v1.cc,dceb2078df73ae927963aa152a18e90a979dd23fe1013534d71ed27b1646b10c,613,adapt,tests/compiler/composition/grammar/induced/test_grammar_bounds_v1.cc,CE-CCP1-E03-014,CE-CCP1-E03-018-GATE,JBC-PROV-ADAPT,source-frozen
git@github.com:tumlinso/CellShard.git,main,b9749ad3e5146a04f847533d8c6f1a54146aed20,tests/jbc/grammar/induced/test_induced_promotion_gate_v1.cc,033a0aff05f2af9d7060455d76214e09cfea06c0998e33d713d91b86e0f23581,1102,adapt,tests/compiler/composition/grammar/induced/test_induced_promotion_gate_v1.cc,CE-CCP1-E03-014,CE-CCP1-E03-018-GATE,JBC-PROV-ADAPT,source-frozen
git@github.com:tumlinso/CellShard.git,main,b9749ad3e5146a04f847533d8c6f1a54146aed20,tests/jbc/grammar/induced/test_mdl_complexity_v1.cc,51a200abd3eb15efd7ed2bc4551640c39c354a9d9b32bbda922d5d1994e0490a,565,adapt,tests/compiler/composition/grammar/induced/test_mdl_complexity_v1.cc,CE-CCP1-E03-014,CE-CCP1-E03-018-GATE,JBC-PROV-ADAPT,source-frozen
git@github.com:tumlinso/CellShard.git,main,b9749ad3e5146a04f847533d8c6f1a54146aed20,tests/jbc/grammar/induced/test_observation_input_v1.cc,8412868def62dbf7942762767cf2ab7137e6d35ae5214f187566f5e31801af21,551,adapt,tests/compiler/composition/grammar/induced/test_observation_input_v1.cc,CE-CCP1-E03-014,CE-CCP1-E03-018-GATE,JBC-PROV-ADAPT,source-frozen
git@github.com:tumlinso/CellShard.git,main,b9749ad3e5146a04f847533d8c6f1a54146aed20,tests/jbc/grammar/induced/test_promotion_evidence_v1.cc,051978427aeb29fe5d28d5445c16943d37ca53b49dde06a85b4e273c46ac8e47,793,adapt,tests/compiler/composition/grammar/induced/test_promotion_evidence_v1.cc,CE-CCP1-E03-014,CE-CCP1-E03-018-GATE,JBC-PROV-ADAPT,source-frozen
git@github.com:tumlinso/CellShard.git,main,b9749ad3e5146a04f847533d8c6f1a54146aed20,tests/jbc/grammar/induced/test_repeated_candidate_v1.cc,d844e5a8553ac26a04fafddbf0abe4f3ffdd92b142a06193fa80d855f3b3998f,663,adapt,tests/compiler/composition/grammar/induced/test_repeated_candidate_v1.cc,CE-CCP1-E03-014,CE-CCP1-E03-018-GATE,JBC-PROV-ADAPT,source-frozen
git@github.com:tumlinso/CellShard.git,main,b9749ad3e5146a04f847533d8c6f1a54146aed20,tests/jbc/partial/additive_state_v1_test.cc,d7a47091138c96b8b0d795f205507693ffe042b31358e4f33ac15fe6684c9335,2691,adapt,tests/compiler/composition/partial/additive_state_v1_test.cc,CE-CCP1-E03-014,CE-CCP1-E03-018-GATE,JBC-PROV-ADAPT,source-frozen
git@github.com:tumlinso/CellShard.git,main,b9749ad3e5146a04f847533d8c6f1a54146aed20,tests/jbc/partial/dependency_freshness_v1_test.cc,0f5abc72b445ca94e7d636690d23f1299402884c389c0c98204fac6275480339,4908,adapt,tests/compiler/composition/partial/dependency_freshness_v1_test.cc,CE-CCP1-E03-014,CE-CCP1-E03-018-GATE,JBC-PROV-ADAPT,source-frozen
git@github.com:tumlinso/CellShard.git,main,b9749ad3e5146a04f847533d8c6f1a54146aed20,tests/jbc/partial/extrema_state_v1_test.cc,d4d6aae1dec89067509eacf3463893348872d8c605903c7dea795e9594a83677,2686,adapt,tests/compiler/composition/partial/extrema_state_v1_test.cc,CE-CCP1-E03-014,CE-CCP1-E03-018-GATE,JBC-PROV-ADAPT,source-frozen
git@github.com:tumlinso/CellShard.git,main,b9749ad3e5146a04f847533d8c6f1a54146aed20,tests/jbc/partial/gathered_panel_v1_test.cc,31cea3cb1b50e75c2970430551826805a1b3d12cc6c91c2bb06233a43bcb5b99,2323,adapt,tests/compiler/composition/partial/gathered_panel_v1_test.cc,CE-CCP1-E03-014,CE-CCP1-E03-018-GATE,JBC-PROV-ADAPT,source-frozen
git@github.com:tumlinso/CellShard.git,main,b9749ad3e5146a04f847533d8c6f1a54146aed20,tests/jbc/partial/gradient_partial_v1_test.cc,82c4fff74794b27ec2507cddd5c1d878b58e948b8a50614755c96023b8426aea,3742,adapt,tests/compiler/composition/partial/gradient_partial_v1_test.cc,CE-CCP1-E03-014,CE-CCP1-E03-018-GATE,JBC-PROV-ADAPT,source-frozen
git@github.com:tumlinso/CellShard.git,main,b9749ad3e5146a04f847533d8c6f1a54146aed20,tests/jbc/partial/independent_merge_tree_v1_test.cc,02ec910f0e1a19fe27375c20e0f1079549440088af54cccd72ce4adc2d396cc2,7988,adapt,tests/compiler/composition/partial/independent_merge_tree_v1_test.cc,CE-CCP1-E03-014,CE-CCP1-E03-018-GATE,JBC-PROV-ADAPT,source-frozen
git@github.com:tumlinso/CellShard.git,main,b9749ad3e5146a04f847533d8c6f1a54146aed20,tests/jbc/partial/log_sum_exp_state_v1_test.cc,b2dd701c6d7e63dabddc01b71e3552c701e6668c98f8dbb151aa30b304efe421,2175,adapt,tests/compiler/composition/partial/log_sum_exp_state_v1_test.cc,CE-CCP1-E03-014,CE-CCP1-E03-018-GATE,JBC-PROV-ADAPT,source-frozen
git@github.com:tumlinso/CellShard.git,main,b9749ad3e5146a04f847533d8c6f1a54146aed20,tests/jbc/partial/moments_state_v1_test.cc,bcfd3ec11dc78fecf592c0543f457f1ceee89d0827dab5e7b14e8de975d2ac53,2234,adapt,tests/compiler/composition/partial/moments_state_v1_test.cc,CE-CCP1-E03-014,CE-CCP1-E03-018-GATE,JBC-PROV-ADAPT,source-frozen
git@github.com:tumlinso/CellShard.git,main,b9749ad3e5146a04f847533d8c6f1a54146aed20,tests/jbc/partial/parameterized_function_v1_test.cc,b597960b6c5c25d4d0eba0ee50b302d5f806dfefca066bffe6d1304efe2b064f,1640,adapt,tests/compiler/composition/partial/parameterized_function_v1_test.cc,CE-CCP1-E03-014,CE-CCP1-E03-018-GATE,JBC-PROV-ADAPT,source-frozen
git@github.com:tumlinso/CellShard.git,main,b9749ad3e5146a04f847533d8c6f1a54146aed20,tests/jbc/partial/partial_atom_v1_test.cc,1d2ea6bc004275ec336e7bcd58108655ef2e04c06cb610e451becd5834bac974,5832,adapt,tests/compiler/composition/partial/partial_atom_v1_test.cc,CE-CCP1-E03-014,CE-CCP1-E03-018-GATE,JBC-PROV-ADAPT,source-frozen
git@github.com:tumlinso/CellShard.git,main,b9749ad3e5146a04f847533d8c6f1a54146aed20,tests/jbc/partial/partial_image_v1_test.cc,f891e5c164c698a6776cca81f1c17e1467a05c74a56e703040980c4e38cbafc6,4772,adapt,tests/compiler/composition/partial/partial_image_v1_test.cc,CE-CCP1-E03-014,CE-CCP1-E03-018-GATE,JBC-PROV-ADAPT,source-frozen
git@github.com:tumlinso/CellShard.git,main,b9749ad3e5146a04f847533d8c6f1a54146aed20,tests/jbc/partial/promotion_v1_test.cc,dd241b7147f28a499aa07838fbad0485b2daacbd6b9523b341ae4f8aa18f70ac,4262,adapt,tests/compiler/composition/partial/promotion_v1_test.cc,CE-CCP1-E03-014,CE-CCP1-E03-018-GATE,JBC-PROV-ADAPT,source-frozen
git@github.com:tumlinso/CellShard.git,main,b9749ad3e5146a04f847533d8c6f1a54146aed20,tests/jbc/partial/relation_contribution_v1_test.cc,8062f32548f6a7b03cf796233849f2331d84a0d5992ab43d753fe67e07a25b6e,2506,adapt,tests/compiler/composition/partial/relation_contribution_v1_test.cc,CE-CCP1-E03-014,CE-CCP1-E03-018-GATE,JBC-PROV-ADAPT,source-frozen
git@github.com:tumlinso/CellShard.git,main,b9749ad3e5146a04f847533d8c6f1a54146aed20,tests/jbc/partial/segment_summary_v1_test.cc,d5581a2802ada39985e03ac9deb7440c28a8480ced4e72c93aa17bd1f3d2c79e,2423,adapt,tests/compiler/composition/partial/segment_summary_v1_test.cc,CE-CCP1-E03-014,CE-CCP1-E03-018-GATE,JBC-PROV-ADAPT,source-frozen
git@github.com:tumlinso/CellShard.git,main,b9749ad3e5146a04f847533d8c6f1a54146aed20,tests/jbc/partial/static_transform_output_v1_test.cc,2c50d386c370547189d4fccbb1c9f46f5e98183ce8c0404826d30ac4a6ac1c5d,1931,adapt,tests/compiler/composition/partial/static_transform_output_v1_test.cc,CE-CCP1-E03-014,CE-CCP1-E03-018-GATE,JBC-PROV-ADAPT,source-frozen
git@github.com:tumlinso/CellShard.git,main,b9749ad3e5146a04f847533d8c6f1a54146aed20,tests/jbc/partial/structural_partial_v1_test.cc,bdedd1e255f0e03c683f499e3cb585a8b786e44d8b157eaa199ad51fcfbd69a5,4113,adapt,tests/compiler/composition/partial/structural_partial_v1_test.cc,CE-CCP1-E03-014,CE-CCP1-E03-018-GATE,JBC-PROV-ADAPT,source-frozen
git@github.com:tumlinso/CellShard.git,main,b9749ad3e5146a04f847533d8c6f1a54146aed20,tests/jbc/partial/trajectory_prefix_v1_test.cc,e898e41a9572acecbec61fc621df95051ae1910ddc33bdba6ecc42e602443d04,1867,adapt,tests/compiler/composition/partial/trajectory_prefix_v1_test.cc,CE-CCP1-E03-014,CE-CCP1-E03-018-GATE,JBC-PROV-ADAPT,source-frozen
git@github.com:tumlinso/CellShard.git,main,b9749ad3e5146a04f847533d8c6f1a54146aed20,tests/jbc/partial/transform_partial_v1_test.cc,55c025a812acfc8f791a0baf3b19bff30b4a49f77ee96981cc6272e56c07024b,2639,adapt,tests/compiler/composition/partial/transform_partial_v1_test.cc,CE-CCP1-E03-014,CE-CCP1-E03-018-GATE,JBC-PROV-ADAPT,source-frozen
git@github.com:tumlinso/CellShard.git,main,b9749ad3e5146a04f847533d8c6f1a54146aed20,tests/jbc/runtime/async_file_atom_source_test.cc,2b42dbe36e6640770083c75a5ac0676fda0ea90df16d3fcbd3338131f2b2a985,2026,preserve in place,CellShard:tests/jbc/runtime/async_file_atom_source_test.cc,CE-CCP1-E03-013,CE-CCP1-E03-018-GATE,JBC-PROV-PRESERVE-IN-PLACE,source-frozen
git@github.com:tumlinso/CellShard.git,main,b9749ad3e5146a04f847533d8c6f1a54146aed20,tests/jbc/runtime/atom_residency_test.cc,10b5f8a3e9ff79d4ad176a1fc283fea6b4dffe0dbeb3056b403ce38ff6f14bb8,1045,preserve in place,CellShard:tests/jbc/runtime/atom_residency_test.cc,CE-CCP1-E03-013,CE-CCP1-E03-018-GATE,JBC-PROV-PRESERVE-IN-PLACE,source-frozen
git@github.com:tumlinso/CellShard.git,main,b9749ad3e5146a04f847533d8c6f1a54146aed20,tests/jbc/runtime/atom_source_test.cc,4207d84c3bf0cd2aeebd73726c24d32640e74bb80263663d59a5de5e19e36255,821,preserve in place,CellShard:tests/jbc/runtime/atom_source_test.cc,CE-CCP1-E03-013,CE-CCP1-E03-018-GATE,JBC-PROV-PRESERVE-IN-PLACE,source-frozen
git@github.com:tumlinso/CellShard.git,main,b9749ad3e5146a04f847533d8c6f1a54146aed20,tests/jbc/runtime/command_ir_test.cc,fe56a4deee2aa3ebe45065266310d39940ffc7e8dad0b8466146a94e3631621b,1999,preserve in place,CellShard:tests/jbc/runtime/command_ir_test.cc,CE-CCP1-E03-013,CE-CCP1-E03-018-GATE,JBC-PROV-PRESERVE-IN-PLACE,source-frozen
git@github.com:tumlinso/CellShard.git,main,b9749ad3e5146a04f847533d8c6f1a54146aed20,tests/jbc/runtime/device_transport_test.cu,b92411b2076a781df1b89da6a7ee10cb5bb4e0cdfb81ce0917f4705dbe354f1b,1885,preserve in place,CellShard:tests/jbc/runtime/device_transport_test.cu,CE-CCP1-E03-013,CE-CCP1-E03-018-GATE,JBC-PROV-PRESERVE-IN-PLACE,source-frozen
git@github.com:tumlinso/CellShard.git,main,b9749ad3e5146a04f847533d8c6f1a54146aed20,tests/jbc/runtime/exact_read_baseline_test.cc,3106a98d4f2d7828d5600eea25e22d3e8668e93c253b3baa9b11de3c8a118acf,1653,preserve in place,CellShard:tests/jbc/runtime/exact_read_baseline_test.cc,CE-CCP1-E03-013,CE-CCP1-E03-018-GATE,JBC-PROV-PRESERVE-IN-PLACE,source-frozen
git@github.com:tumlinso/CellShard.git,main,b9749ad3e5146a04f847533d8c6f1a54146aed20,tests/jbc/runtime/host_staged_transport_cuda_test.cu,bc1af068a2cb5e143f615413add0d01d246dae086145b91687b4cc0b3a91cc40,2389,preserve in place,CellShard:tests/jbc/runtime/host_staged_transport_cuda_test.cu,CE-CCP1-E03-013,CE-CCP1-E03-018-GATE,JBC-PROV-PRESERVE-IN-PLACE,source-frozen
git@github.com:tumlinso/CellShard.git,main,b9749ad3e5146a04f847533d8c6f1a54146aed20,tests/jbc/runtime/host_staged_transport_test.cc,10d46891adb4ebd2cb396c1b045d8cfa65f108b3941af8366991592149624102,764,preserve in place,CellShard:tests/jbc/runtime/host_staged_transport_test.cc,CE-CCP1-E03-013,CE-CCP1-E03-018-GATE,JBC-PROV-PRESERVE-IN-PLACE,source-frozen
git@github.com:tumlinso/CellShard.git,main,b9749ad3e5146a04f847533d8c6f1a54146aed20,tests/jbc/runtime/logical_node_test.cc,a65267de0593774cd92c732a7275cc0b1c1ad3d3ba265382b7c45f3533f5ffb5,1021,preserve in place,CellShard:tests/jbc/runtime/logical_node_test.cc,CE-CCP1-E03-013,CE-CCP1-E03-018-GATE,JBC-PROV-PRESERVE-IN-PLACE,source-frozen
git@github.com:tumlinso/CellShard.git,main,b9749ad3e5146a04f847533d8c6f1a54146aed20,tests/jbc/runtime/nccl_collective_provider_test.cu,d6826034d8bfb52ba83f1f892c97ee1721f4d490ec3ab22d48002c91fd540ba9,2194,preserve in place,CellShard:tests/jbc/runtime/nccl_collective_provider_test.cu,CE-CCP1-E03-013,CE-CCP1-E03-018-GATE,JBC-PROV-PRESERVE-IN-PLACE,source-frozen
git@github.com:tumlinso/CellShard.git,main,b9749ad3e5146a04f847533d8c6f1a54146aed20,tests/jbc/runtime/numabraid_capability_test.cc,058980de3aefb8203a3d6de34f07d9f4260cf49d7f4092709111fb9cb63c31f0,580,preserve in place,CellShard:tests/jbc/runtime/numabraid_capability_test.cc,CE-CCP1-E03-013,CE-CCP1-E03-018-GATE,JBC-PROV-PRESERVE-IN-PLACE,source-frozen
git@github.com:tumlinso/CellShard.git,main,b9749ad3e5146a04f847533d8c6f1a54146aed20,tests/jbc/runtime/numabraid_consumer/CMakeLists.txt,eba3c71d15cea9f0f2a5685c8810cc98b2324144a554feb42159dccd24ee101c,522,preserve in place,CellShard:tests/jbc/runtime/numabraid_consumer/CMakeLists.txt,CE-CCP1-E03-013,CE-CCP1-E03-018-GATE,JBC-PROV-PRESERVE-IN-PLACE,source-frozen
git@github.com:tumlinso/CellShard.git,main,b9749ad3e5146a04f847533d8c6f1a54146aed20,tests/jbc/runtime/numabraid_transport_test.cc,43e9745398f2712b7d21642f43c9a09715022de275c11d8e55772f4dcb609448,1852,preserve in place,CellShard:tests/jbc/runtime/numabraid_transport_test.cc,CE-CCP1-E03-013,CE-CCP1-E03-018-GATE,JBC-PROV-PRESERVE-IN-PLACE,source-frozen
git@github.com:tumlinso/CellShard.git,main,b9749ad3e5146a04f847533d8c6f1a54146aed20,tests/jbc/runtime/pinned_staging_pool_cuda_test.cu,9b2ec6af6b83326177143cabb376e142daf3f1814b6d22ed5bdddafa2f49438b,734,preserve in place,CellShard:tests/jbc/runtime/pinned_staging_pool_cuda_test.cu,CE-CCP1-E03-013,CE-CCP1-E03-018-GATE,JBC-PROV-PRESERVE-IN-PLACE,source-frozen
git@github.com:tumlinso/CellShard.git,main,b9749ad3e5146a04f847533d8c6f1a54146aed20,tests/jbc/runtime/pinned_staging_pool_test.cc,b74a00e6a3956d5c2811cda4cc3c51588bac1c8e0037ba9609d98d91d6d8af88,1325,preserve in place,CellShard:tests/jbc/runtime/pinned_staging_pool_test.cc,CE-CCP1-E03-013,CE-CCP1-E03-018-GATE,JBC-PROV-PRESERVE-IN-PLACE,source-frozen
git@github.com:tumlinso/CellShard.git,main,b9749ad3e5146a04f847533d8c6f1a54146aed20,tests/jbc/runtime/read_plan_test.cc,d9fbe3189883a25327a243b061bc6489bf439d40115fe405fa1d39c789ac35fa,1337,preserve in place,CellShard:tests/jbc/runtime/read_plan_test.cc,CE-CCP1-E03-013,CE-CCP1-E03-018-GATE,JBC-PROV-PRESERVE-IN-PLACE,source-frozen
git@github.com:tumlinso/CellShard.git,main,b9749ad3e5146a04f847533d8c6f1a54146aed20,tests/jbc/runtime/residency_admission_test.cc,b38f15076f5be51928c169b0013b03c4659890b2ebda91ac1bed386af1b90ad9,1396,preserve in place,CellShard:tests/jbc/runtime/residency_admission_test.cc,CE-CCP1-E03-013,CE-CCP1-E03-018-GATE,JBC-PROV-PRESERVE-IN-PLACE,source-frozen
git@github.com:tumlinso/CellShard.git,main,b9749ad3e5146a04f847533d8c6f1a54146aed20,tests/jbc/runtime/residency_lease_test.cc,239e4c62a14563bd588a2bca361dcc3a31d49bf3a2070404bd146d4f796c3cdc,1399,preserve in place,CellShard:tests/jbc/runtime/residency_lease_test.cc,CE-CCP1-E03-013,CE-CCP1-E03-018-GATE,JBC-PROV-PRESERVE-IN-PLACE,source-frozen
git@github.com:tumlinso/CellShard.git,main,b9749ad3e5146a04f847533d8c6f1a54146aed20,tests/jbc/runtime/route_calibration_test.cc,3be3ba81a222eb316b7916319367408d9716ae88203c445b98fc736b09e4c19f,843,preserve in place,CellShard:tests/jbc/runtime/route_calibration_test.cc,CE-CCP1-E03-013,CE-CCP1-E03-018-GATE,JBC-PROV-PRESERVE-IN-PLACE,source-frozen
git@github.com:tumlinso/CellShard.git,main,b9749ad3e5146a04f847533d8c6f1a54146aed20,tests/jbc/runtime/runtime_recovery_test.cc,5fa28eea4f7f07c30a2b31927405592f1a34344be06c02c7ab3f8c0069f71b2e,1886,preserve in place,CellShard:tests/jbc/runtime/runtime_recovery_test.cc,CE-CCP1-E03-013,CE-CCP1-E03-018-GATE,JBC-PROV-PRESERVE-IN-PLACE,source-frozen
git@github.com:tumlinso/CellShard.git,main,b9749ad3e5146a04f847533d8c6f1a54146aed20,tests/jbc/runtime/storage_endpoint_test.cc,8c2998d3650389c6e3134954bea88f326b300af9274c7f5f27a97c8af019753f,792,preserve in place,CellShard:tests/jbc/runtime/storage_endpoint_test.cc,CE-CCP1-E03-013,CE-CCP1-E03-018-GATE,JBC-PROV-PRESERVE-IN-PLACE,source-frozen
git@github.com:tumlinso/CellShard.git,main,b9749ad3e5146a04f847533d8c6f1a54146aed20,tests/jbc/runtime/topology_profile_test.cc,cd757a980a0f4a456af3f2ec9e8cf95736afe503bfa4f05c94cd1e3068add9cf,1473,preserve in place,CellShard:tests/jbc/runtime/topology_profile_test.cc,CE-CCP1-E03-013,CE-CCP1-E03-018-GATE,JBC-PROV-PRESERVE-IN-PLACE,source-frozen
git@github.com:tumlinso/CellShard.git,main,b9749ad3e5146a04f847533d8c6f1a54146aed20,tests/jbc/runtime/transport_registry_test.cc,c61a4ce8780e76e4f46883818f68c7b05b58087163b05468d3c8a5a1bed91671,1481,preserve in place,CellShard:tests/jbc/runtime/transport_registry_test.cc,CE-CCP1-E03-013,CE-CCP1-E03-018-GATE,JBC-PROV-PRESERVE-IN-PLACE,source-frozen
git@github.com:tumlinso/CellShard.git,main,b9749ad3e5146a04f847533d8c6f1a54146aed20,tests/jbc/runtime/worker_cuda_graph_test.cu,3ae3e42c82eaa7d68367aa32b54bd5c67ee01ce112346cbf3c77eac6079d2388,2238,preserve in place,CellShard:tests/jbc/runtime/worker_cuda_graph_test.cu,CE-CCP1-E03-013,CE-CCP1-E03-018-GATE,JBC-PROV-PRESERVE-IN-PLACE,source-frozen
git@github.com:tumlinso/CellShard.git,main,b9749ad3e5146a04f847533d8c6f1a54146aed20,tests/jbc/superatom/benchmark_test.cc,4ac8e0be3b92f3042e351bd8ab1a79e13f072c49ec3ef20e10aff19b3dc9c883,1199,adapt,tests/compiler/composition/superatom/benchmark_test.cc,CE-CCP1-E03-014,CE-CCP1-E03-018-GATE,JBC-PROV-ADAPT,source-frozen
git@github.com:tumlinso/CellShard.git,main,b9749ad3e5146a04f847533d8c6f1a54146aed20,tests/jbc/superatom/candidate_test.cc,c45c46e6782b03dfcd6a591881269d8503a7bd5f49e5c2a51fd3ab9b9d50cfed,559,adapt,tests/compiler/composition/superatom/candidate_test.cc,CE-CCP1-E03-014,CE-CCP1-E03-018-GATE,JBC-PROV-ADAPT,source-frozen
git@github.com:tumlinso/CellShard.git,main,b9749ad3e5146a04f847533d8c6f1a54146aed20,tests/jbc/superatom/cost_test.cc,b58618c43b923a07c1071c277e3b06d75edf67beccf017cb6146bc34aa7af502,470,adapt,tests/compiler/composition/superatom/cost_test.cc,CE-CCP1-E03-014,CE-CCP1-E03-018-GATE,JBC-PROV-ADAPT,source-frozen
git@github.com:tumlinso/CellShard.git,main,b9749ad3e5146a04f847533d8c6f1a54146aed20,tests/jbc/superatom/demotion_test.cc,ae34ec4a4df4eef393c28041002fa763f0c0b73a65627d4b4271168d3b93080f,522,adapt,tests/compiler/composition/superatom/demotion_test.cc,CE-CCP1-E03-014,CE-CCP1-E03-018-GATE,JBC-PROV-ADAPT,source-frozen
git@github.com:tumlinso/CellShard.git,main,b9749ad3e5146a04f847533d8c6f1a54146aed20,tests/jbc/superatom/evolution_test.cc,0f6f2d8a95f9071083649ed4da0a4d16db058b15a4402c3f035591dbb9548a44,620,adapt,tests/compiler/composition/superatom/evolution_test.cc,CE-CCP1-E03-014,CE-CCP1-E03-018-GATE,JBC-PROV-ADAPT,source-frozen
git@github.com:tumlinso/CellShard.git,main,b9749ad3e5146a04f847533d8c6f1a54146aed20,tests/jbc/superatom/lifecycle_test.cc,534d9441730f4c74e4aa59f8ec66aa91beaff9fffbe15854294594787cbc84e7,611,adapt,tests/compiler/composition/superatom/lifecycle_test.cc,CE-CCP1-E03-014,CE-CCP1-E03-018-GATE,JBC-PROV-ADAPT,source-frozen
git@github.com:tumlinso/CellShard.git,main,b9749ad3e5146a04f847533d8c6f1a54146aed20,tests/jbc/superatom/membership_test.cc,83387faed20486f9aaa9a9b949ab5d10b40316b68bcb8d648cd941f9d1a72d07,491,adapt,tests/compiler/composition/superatom/membership_test.cc,CE-CCP1-E03-014,CE-CCP1-E03-018-GATE,JBC-PROV-ADAPT,source-frozen
git@github.com:tumlinso/CellShard.git,main,b9749ad3e5146a04f847533d8c6f1a54146aed20,tests/jbc/superatom/statistics_test.cc,52f845116567a46129e2bd7dc6b5f234cb4e08ed2011a94204cee4a930dafc7d,436,adapt,tests/compiler/composition/superatom/statistics_test.cc,CE-CCP1-E03-014,CE-CCP1-E03-018-GATE,JBC-PROV-ADAPT,source-frozen
git@github.com:tumlinso/CellShard.git,main,b9749ad3e5146a04f847533d8c6f1a54146aed20,tests/jbc/validation/atom_ablation.hpp,7dded534da1ef2fb076791cc882fe208153e0594554f571d754d4a6949ce527a,1051,split,Cellerator+CellShard:assigned-by-CE-CCP1-E03-015,CE-CCP1-E03-015,CE-CCP1-E03-018-GATE,JBC-PROV-SPLIT,source-frozen
git@github.com:tumlinso/CellShard.git,main,b9749ad3e5146a04f847533d8c6f1a54146aed20,tests/jbc/validation/atom_ablation_test.cc,99c4d5676ea24378074f393052fd2f22013214cf8ebee80d5e993a864692cdc4,477,split,Cellerator+CellShard:assigned-by-CE-CCP1-E03-015,CE-CCP1-E03-015,CE-CCP1-E03-018-GATE,JBC-PROV-SPLIT,source-frozen
git@github.com:tumlinso/CellShard.git,main,b9749ad3e5146a04f847533d8c6f1a54146aed20,tests/jbc/validation/atom_store_faults.hpp,5bdbe56f9ddbac5d51a39d68197f74fecca7c93fea31d4cfcfc5499501e8c3a8,1520,split,Cellerator+CellShard:assigned-by-CE-CCP1-E03-015,CE-CCP1-E03-015,CE-CCP1-E03-018-GATE,JBC-PROV-SPLIT,source-frozen
git@github.com:tumlinso/CellShard.git,main,b9749ad3e5146a04f847533d8c6f1a54146aed20,tests/jbc/validation/atom_store_faults_test.cc,7037806df085907be24712987b6b069ca9cec4360bb1acd28105b5d074874e22,255,split,Cellerator+CellShard:assigned-by-CE-CCP1-E03-015,CE-CCP1-E03-015,CE-CCP1-E03-018-GATE,JBC-PROV-SPLIT,source-frozen
git@github.com:tumlinso/CellShard.git,main,b9749ad3e5146a04f847533d8c6f1a54146aed20,tests/jbc/validation/baselines.hpp,63d312eac7e2627771f3c4572b1e4ed54947cc7b3854307fec4f2834f20c3239,861,split,Cellerator+CellShard:assigned-by-CE-CCP1-E03-015,CE-CCP1-E03-015,CE-CCP1-E03-018-GATE,JBC-PROV-SPLIT,source-frozen
git@github.com:tumlinso/CellShard.git,main,b9749ad3e5146a04f847533d8c6f1a54146aed20,tests/jbc/validation/baselines_test.cc,4ebf39d24bd6a1eb3543b5cdb7935081bd9b1c16bce2bec1b7a4acdaac403240,467,split,Cellerator+CellShard:assigned-by-CE-CCP1-E03-015,CE-CCP1-E03-015,CE-CCP1-E03-018-GATE,JBC-PROV-SPLIT,source-frozen
git@github.com:tumlinso/CellShard.git,main,b9749ad3e5146a04f847533d8c6f1a54146aed20,tests/jbc/validation/compiler_ablation.hpp,029ba1f30703a7d89b63a52fac6b86ab55147bdeb65db6563261a1bbcb924aa7,1042,split,Cellerator+CellShard:assigned-by-CE-CCP1-E03-015,CE-CCP1-E03-015,CE-CCP1-E03-018-GATE,JBC-PROV-SPLIT,source-frozen
git@github.com:tumlinso/CellShard.git,main,b9749ad3e5146a04f847533d8c6f1a54146aed20,tests/jbc/validation/compiler_ablation_test.cc,5baac9a5b4fa20d0a4a5dde9245e2031209dc3ff87944b225db14e51f790ab1c,558,split,Cellerator+CellShard:assigned-by-CE-CCP1-E03-015,CE-CCP1-E03-015,CE-CCP1-E03-018-GATE,JBC-PROV-SPLIT,source-frozen
git@github.com:tumlinso/CellShard.git,main,b9749ad3e5146a04f847533d8c6f1a54146aed20,tests/jbc/validation/cross_operation_slice_test.cc,2fc9fd41973bc5e645706a15c9e58d9569ac25b6ae9ba30b836252bbd436cd9b,578,split,Cellerator+CellShard:assigned-by-CE-CCP1-E03-015,CE-CCP1-E03-015,CE-CCP1-E03-018-GATE,JBC-PROV-SPLIT,source-frozen
git@github.com:tumlinso/CellShard.git,main,b9749ad3e5146a04f847533d8c6f1a54146aed20,tests/jbc/validation/embedded_consumer/CMakeLists.txt,b1d89681ad10f37574a70e2916f4b380bc76a718fb1d4dc0126f2f9e9adbb914,711,split,Cellerator+CellShard:assigned-by-CE-CCP1-E03-015,CE-CCP1-E03-015,CE-CCP1-E03-018-GATE,JBC-PROV-SPLIT,source-frozen
git@github.com:tumlinso/CellShard.git,main,b9749ad3e5146a04f847533d8c6f1a54146aed20,tests/jbc/validation/embedded_consumer/main.cc,38a55d7a1ee665250128f71bffe3a08e55738a31e4761ab003f950dd0ad26103,59,split,Cellerator+CellShard:assigned-by-CE-CCP1-E03-015,CE-CCP1-E03-015,CE-CCP1-E03-018-GATE,JBC-PROV-SPLIT,source-frozen
git@github.com:tumlinso/CellShard.git,main,b9749ad3e5146a04f847533d8c6f1a54146aed20,tests/jbc/validation/external_provider.hpp,3b850fcdae707e9bbb5650c33373934281f6a8d4be4a2feea7f2cbe8462205dd,1102,split,Cellerator+CellShard:assigned-by-CE-CCP1-E03-015,CE-CCP1-E03-015,CE-CCP1-E03-018-GATE,JBC-PROV-SPLIT,source-frozen
git@github.com:tumlinso/CellShard.git,main,b9749ad3e5146a04f847533d8c6f1a54146aed20,tests/jbc/validation/external_provider_test.cc,91fec91f70ce13f652716cb66c88efcec8d38ec46a3602018e793335132a7fc5,405,split,Cellerator+CellShard:assigned-by-CE-CCP1-E03-015,CE-CCP1-E03-015,CE-CCP1-E03-018-GATE,JBC-PROV-SPLIT,source-frozen
git@github.com:tumlinso/CellShard.git,main,b9749ad3e5146a04f847533d8c6f1a54146aed20,tests/jbc/validation/fixtures.hpp,214b67145a65f74e6bfaeee4c289071cc90cbc8a9bc42562ee51baba0b120f67,1960,split,Cellerator+CellShard:assigned-by-CE-CCP1-E03-015,CE-CCP1-E03-015,CE-CCP1-E03-018-GATE,JBC-PROV-SPLIT,source-frozen
git@github.com:tumlinso/CellShard.git,main,b9749ad3e5146a04f847533d8c6f1a54146aed20,tests/jbc/validation/fixtures_test.cc,64940cac85473bf9af00d95b3aabf1c63525c6620780e5bd0924195bf25c63dc,315,split,Cellerator+CellShard:assigned-by-CE-CCP1-E03-015,CE-CCP1-E03-015,CE-CCP1-E03-018-GATE,JBC-PROV-SPLIT,source-frozen
git@github.com:tumlinso/CellShard.git,main,b9749ad3e5146a04f847533d8c6f1a54146aed20,tests/jbc/validation/metrics.hpp,960fc9e6662a82c186a1dae8ed62502bdf1693715fbedc96d5e283008c1e103f,1090,split,Cellerator+CellShard:assigned-by-CE-CCP1-E03-015,CE-CCP1-E03-015,CE-CCP1-E03-018-GATE,JBC-PROV-SPLIT,source-frozen
git@github.com:tumlinso/CellShard.git,main,b9749ad3e5146a04f847533d8c6f1a54146aed20,tests/jbc/validation/metrics_test.cc,6e60aa3f8d4561f32f32e14544270cdcaf97ac98302fe2777dd9ffa1f7250c1a,382,split,Cellerator+CellShard:assigned-by-CE-CCP1-E03-015,CE-CCP1-E03-015,CE-CCP1-E03-018-GATE,JBC-PROV-SPLIT,source-frozen
git@github.com:tumlinso/CellShard.git,main,b9749ad3e5146a04f847533d8c6f1a54146aed20,tests/jbc/validation/multimodal.hpp,e633e053b82631a6c4607713a789a639f67b6e984df17fc2839a34d0369ed276,1141,split,Cellerator+CellShard:assigned-by-CE-CCP1-E03-015,CE-CCP1-E03-015,CE-CCP1-E03-018-GATE,JBC-PROV-SPLIT,source-frozen
git@github.com:tumlinso/CellShard.git,main,b9749ad3e5146a04f847533d8c6f1a54146aed20,tests/jbc/validation/multimodal_test.cc,1f259ceb65181014d7765caad3a830b7950a5b30d37bf0839f3d50c211b297b8,349,split,Cellerator+CellShard:assigned-by-CE-CCP1-E03-015,CE-CCP1-E03-015,CE-CCP1-E03-018-GATE,JBC-PROV-SPLIT,source-frozen
git@github.com:tumlinso/CellShard.git,main,b9749ad3e5146a04f847533d8c6f1a54146aed20,tests/jbc/validation/mutable_value_slice_test.cc,8a8d6f8e69e7d4fda485754a83386ff6c86761365926d06192f1372769b902c8,394,split,Cellerator+CellShard:assigned-by-CE-CCP1-E03-015,CE-CCP1-E03-015,CE-CCP1-E03-018-GATE,JBC-PROV-SPLIT,source-frozen
git@github.com:tumlinso/CellShard.git,main,b9749ad3e5146a04f847533d8c6f1a54146aed20,tests/jbc/validation/null_transform.hpp,d4984f0d2f7174307f57b6d7f92e8fa9e98b36dfca2b11e5b3aaee38fce29086,2182,split,Cellerator+CellShard:assigned-by-CE-CCP1-E03-015,CE-CCP1-E03-015,CE-CCP1-E03-018-GATE,JBC-PROV-SPLIT,source-frozen
git@github.com:tumlinso/CellShard.git,main,b9749ad3e5146a04f847533d8c6f1a54146aed20,tests/jbc/validation/null_transform_test.cc,3636683a3532ba74695ea0a84c461dd5789648094c05d82a96554f59de1c699a,526,split,Cellerator+CellShard:assigned-by-CE-CCP1-E03-015,CE-CCP1-E03-015,CE-CCP1-E03-018-GATE,JBC-PROV-SPLIT,source-frozen
git@github.com:tumlinso/CellShard.git,main,b9749ad3e5146a04f847533d8c6f1a54146aed20,tests/jbc/validation/partials.hpp,9a15563f7c7b0a3b8397fe2b69a7e6049dac090c960432342a8c5baad8e888d6,1290,split,Cellerator+CellShard:assigned-by-CE-CCP1-E03-015,CE-CCP1-E03-015,CE-CCP1-E03-018-GATE,JBC-PROV-SPLIT,source-frozen
git@github.com:tumlinso/CellShard.git,main,b9749ad3e5146a04f847533d8c6f1a54146aed20,tests/jbc/validation/partials_test.cc,39c172c1342c2da6588335a9e2899a0569087befaf63ee541aa9ad61a5bf4d2a,503,split,Cellerator+CellShard:assigned-by-CE-CCP1-E03-015,CE-CCP1-E03-015,CE-CCP1-E03-018-GATE,JBC-PROV-SPLIT,source-frozen
git@github.com:tumlinso/CellShard.git,main,b9749ad3e5146a04f847533d8c6f1a54146aed20,tests/jbc/validation/readiness.hpp,817789e4d7f37b2f05e5534925e75a699aedcd32a16c51d7ac5371c86aa1c628,1544,split,Cellerator+CellShard:assigned-by-CE-CCP1-E03-015,CE-CCP1-E03-015,CE-CCP1-E03-018-GATE,JBC-PROV-SPLIT,source-frozen
git@github.com:tumlinso/CellShard.git,main,b9749ad3e5146a04f847533d8c6f1a54146aed20,tests/jbc/validation/readiness_test.cc,427ed584d4a2463cf78bb298144da2e7d0dc0862b75a03a15e3185842a8bb83b,474,split,Cellerator+CellShard:assigned-by-CE-CCP1-E03-015,CE-CCP1-E03-015,CE-CCP1-E03-018-GATE,JBC-PROV-SPLIT,source-frozen
git@github.com:tumlinso/CellShard.git,main,b9749ad3e5146a04f847533d8c6f1a54146aed20,tests/jbc/validation/recovery.hpp,29c002e98da0d1d171527924c52a98db4479f1b31be9b3a8320c50d456ecb24f,1156,split,Cellerator+CellShard:assigned-by-CE-CCP1-E03-015,CE-CCP1-E03-015,CE-CCP1-E03-018-GATE,JBC-PROV-SPLIT,source-frozen
git@github.com:tumlinso/CellShard.git,main,b9749ad3e5146a04f847533d8c6f1a54146aed20,tests/jbc/validation/recovery_test.cc,6201846d4ab2d624b91e5328142c2dd5b355786735713297cfb04f4771da551c,430,split,Cellerator+CellShard:assigned-by-CE-CCP1-E03-015,CE-CCP1-E03-015,CE-CCP1-E03-018-GATE,JBC-PROV-SPLIT,source-frozen
git@github.com:tumlinso/CellShard.git,main,b9749ad3e5146a04f847533d8c6f1a54146aed20,tests/jbc/validation/route.hpp,ea709fdc436ddedd5363afe708ee6ac2bf07da6ef1452aeea040326b95a9ba86,1301,split,Cellerator+CellShard:assigned-by-CE-CCP1-E03-015,CE-CCP1-E03-015,CE-CCP1-E03-018-GATE,JBC-PROV-SPLIT,source-frozen
git@github.com:tumlinso/CellShard.git,main,b9749ad3e5146a04f847533d8c6f1a54146aed20,tests/jbc/validation/route_test.cc,a3e9f215399d885b4282f15037e97cca09a7d9a0a194fa0236607e6584d9b1da,337,split,Cellerator+CellShard:assigned-by-CE-CCP1-E03-015,CE-CCP1-E03-015,CE-CCP1-E03-018-GATE,JBC-PROV-SPLIT,source-frozen
git@github.com:tumlinso/CellShard.git,main,b9749ad3e5146a04f847533d8c6f1a54146aed20,tests/jbc/validation/support_signature_slice_test.cc,d791e812adf1f285b5f33f9e633d3c63b8fdad1a033b71f183a65f895a8c6f0a,484,split,Cellerator+CellShard:assigned-by-CE-CCP1-E03-015,CE-CCP1-E03-015,CE-CCP1-E03-018-GATE,JBC-PROV-SPLIT,source-frozen
git@github.com:tumlinso/CellShard.git,main,b9749ad3e5146a04f847533d8c6f1a54146aed20,tests/jbc/validation/trajectory.hpp,52cf43ac28b2c7a498dc678fb085802c9d1e71c87a88a730427e0d2f2757fdf3,898,split,Cellerator+CellShard:assigned-by-CE-CCP1-E03-015,CE-CCP1-E03-015,CE-CCP1-E03-018-GATE,JBC-PROV-SPLIT,source-frozen
git@github.com:tumlinso/CellShard.git,main,b9749ad3e5146a04f847533d8c6f1a54146aed20,tests/jbc/validation/trajectory_test.cc,4f1efcd133c0aec2b644985a5901824c58fbb89d03cffdcca4a47c8ae159f4f8,324,split,Cellerator+CellShard:assigned-by-CE-CCP1-E03-015,CE-CCP1-E03-015,CE-CCP1-E03-018-GATE,JBC-PROV-SPLIT,source-frozen
git@github.com:tumlinso/CellShard.git,main,b9749ad3e5146a04f847533d8c6f1a54146aed20,tests/jbc/validation/two_node.hpp,250f2ba8cca62cd75926f57986189a0666e7f57da92a9a48d4d09e036de08e3a,1161,split,Cellerator+CellShard:assigned-by-CE-CCP1-E03-015,CE-CCP1-E03-015,CE-CCP1-E03-018-GATE,JBC-PROV-SPLIT,source-frozen
git@github.com:tumlinso/CellShard.git,main,b9749ad3e5146a04f847533d8c6f1a54146aed20,tests/jbc/validation/two_node_test.cc,0ef3795961df804a364815574c6700ff8022baacf26bea5911b2d81839906386,387,split,Cellerator+CellShard:assigned-by-CE-CCP1-E03-015,CE-CCP1-E03-015,CE-CCP1-E03-018-GATE,JBC-PROV-SPLIT,source-frozen
git@github.com:tumlinso/CellShard.git,main,b9749ad3e5146a04f847533d8c6f1a54146aed20,tests/jbc/validation/vertical_slice.hpp,c9515a249ba38aad96eb8896a714f2a9f47960ec2ac4c1450d8516a816b5cb83,1929,split,Cellerator+CellShard:assigned-by-CE-CCP1-E03-015,CE-CCP1-E03-015,CE-CCP1-E03-018-GATE,JBC-PROV-SPLIT,source-frozen
git@github.com:tumlinso/CellShard.git,main,b9749ad3e5146a04f847533d8c6f1a54146aed20,todo-status.md,780d45b998150c11865c412a3548835f6405ac08833e00d73cd6d1479bf6f175,72965,preserve in place,CellShard:todo-status.md,CE-CCP1-A02-012,CE-CCP1-A02-012-GATE,JBC-PROV-PRESERVE-IN-PLACE,source-frozen
git@github.com:tumlinso/CellShard.git,main,b9749ad3e5146a04f847533d8c6f1a54146aed20,todos.md,097713ab32687de36df583a31809cc3f6c10d7b65d9c5ca6bedaf7d264836696,80822,preserve in place,CellShard:todos.md,CE-CCP1-A02-012,CE-CCP1-A02-012-GATE,JBC-PROV-PRESERVE-IN-PLACE,source-frozen
git@github.com:tumlinso/CellShard.git,main,b9749ad3e5146a04f847533d8c6f1a54146aed20,todos/cs-jbc-a01.md,d9fe1e9aaeec09aafbd6af102c127ed58495b481dab5873002e02815dc41e8fe,958,preserve in place,CellShard:todos/cs-jbc-a01.md,CE-CCP1-A02-012,CE-CCP1-A02-012-GATE,JBC-PROV-PRESERVE-IN-PLACE,source-frozen
git@github.com:tumlinso/CellShard.git,main,b9749ad3e5146a04f847533d8c6f1a54146aed20,todos/cs-jbc-a02.md,5c351989565e75ee0fdbbb191235cbfc092bbc7b7859316cf53e15dc6752aea8,968,preserve in place,CellShard:todos/cs-jbc-a02.md,CE-CCP1-A02-012,CE-CCP1-A02-012-GATE,JBC-PROV-PRESERVE-IN-PLACE,source-frozen
git@github.com:tumlinso/CellShard.git,main,b9749ad3e5146a04f847533d8c6f1a54146aed20,todos/cs-jbc-a03.md,8ef78a3b0b870045f3c3c4b3d69dd77b854df5b1befebd15425bf6ce10164abc,984,preserve in place,CellShard:todos/cs-jbc-a03.md,CE-CCP1-A02-012,CE-CCP1-A02-012-GATE,JBC-PROV-PRESERVE-IN-PLACE,source-frozen
git@github.com:tumlinso/CellShard.git,main,b9749ad3e5146a04f847533d8c6f1a54146aed20,todos/cs-jbc-a04.md,6ef782a13afa79b0cd1c3a069d79a56c15412534af904b3b5b6bd3d15863a596,974,preserve in place,CellShard:todos/cs-jbc-a04.md,CE-CCP1-A02-012,CE-CCP1-A02-012-GATE,JBC-PROV-PRESERVE-IN-PLACE,source-frozen
git@github.com:tumlinso/CellShard.git,main,b9749ad3e5146a04f847533d8c6f1a54146aed20,todos/cs-jbc-a05.md,be6ff198902fe04c15c0d7c4848d350f9c3eeba91ca32016ec94281557ba5adf,1052,preserve in place,CellShard:todos/cs-jbc-a05.md,CE-CCP1-A02-012,CE-CCP1-A02-012-GATE,JBC-PROV-PRESERVE-IN-PLACE,source-frozen
git@github.com:tumlinso/CellShard.git,main,b9749ad3e5146a04f847533d8c6f1a54146aed20,todos/cs-jbc-a06.md,76b14fcc1bf345c533eeb86b71c894b350472d7bfdf5070d0ad055b9104aa598,1016,preserve in place,CellShard:todos/cs-jbc-a06.md,CE-CCP1-A02-012,CE-CCP1-A02-012-GATE,JBC-PROV-PRESERVE-IN-PLACE,source-frozen
git@github.com:tumlinso/CellShard.git,main,b9749ad3e5146a04f847533d8c6f1a54146aed20,todos/cs-jbc-a07.md,e99da4db54687e13f038762e8c518164802c1e0d270c862e1001b8ccb85cd5f7,996,preserve in place,CellShard:todos/cs-jbc-a07.md,CE-CCP1-A02-012,CE-CCP1-A02-012-GATE,JBC-PROV-PRESERVE-IN-PLACE,source-frozen
git@github.com:tumlinso/CellShard.git,main,b9749ad3e5146a04f847533d8c6f1a54146aed20,todos/cs-jbc-a08.md,18b500624d52a4cf6a2e53bb4b8d2a898c800967edc5e0c3b8d49fb25aa3fc5f,944,preserve in place,CellShard:todos/cs-jbc-a08.md,CE-CCP1-A02-012,CE-CCP1-A02-012-GATE,JBC-PROV-PRESERVE-IN-PLACE,source-frozen
git@github.com:tumlinso/CellShard.git,main,b9749ad3e5146a04f847533d8c6f1a54146aed20,todos/cs-jbc-a09.md,d6baf9d7aed3d905815c2cb787e96a6d238074ceb3ffd7331cddd755f1e68400,960,preserve in place,CellShard:todos/cs-jbc-a09.md,CE-CCP1-A02-012,CE-CCP1-A02-012-GATE,JBC-PROV-PRESERVE-IN-PLACE,source-frozen
git@github.com:tumlinso/CellShard.git,main,b9749ad3e5146a04f847533d8c6f1a54146aed20,todos/cs-jbc-a10.md,88b44df36cd6e815dbd8b4f8618a9be325760a32ccf40a24cc6db7a84313e2e4,952,preserve in place,CellShard:todos/cs-jbc-a10.md,CE-CCP1-A02-012,CE-CCP1-A02-012-GATE,JBC-PROV-PRESERVE-IN-PLACE,source-frozen
git@github.com:tumlinso/CellShard.git,main,b9749ad3e5146a04f847533d8c6f1a54146aed20,todos/cs-jbc-a11.md,c2f9f35ad9b04e680d2d5793b7242df372781f3d1b94d23067250646019a2c95,958,preserve in place,CellShard:todos/cs-jbc-a11.md,CE-CCP1-A02-012,CE-CCP1-A02-012-GATE,JBC-PROV-PRESERVE-IN-PLACE,source-frozen
git@github.com:tumlinso/CellShard.git,main,b9749ad3e5146a04f847533d8c6f1a54146aed20,todos/cs-jbc-a12.md,564aa759e8581c3f924edbb518be84e4854a8bca6f681dc75e82f0eaf9ca53e3,958,preserve in place,CellShard:todos/cs-jbc-a12.md,CE-CCP1-A02-012,CE-CCP1-A02-012-GATE,JBC-PROV-PRESERVE-IN-PLACE,source-frozen
git@github.com:tumlinso/CellShard.git,main,b9749ad3e5146a04f847533d8c6f1a54146aed20,todos/cs-jbc-a13.md,e73d32a5ca9ec89f606f5c5ddd901f0896503e96c4ec03e966f01f06dbcb013c,948,preserve in place,CellShard:todos/cs-jbc-a13.md,CE-CCP1-A02-012,CE-CCP1-A02-012-GATE,JBC-PROV-PRESERVE-IN-PLACE,source-frozen
git@github.com:tumlinso/CellShard.git,main,b9749ad3e5146a04f847533d8c6f1a54146aed20,todos/cs-jbc-a14.md,766a01b8af542847496472de7eac06d0bf47be5ac2624ca0ebbd13716ffd5140,960,preserve in place,CellShard:todos/cs-jbc-a14.md,CE-CCP1-A02-012,CE-CCP1-A02-012-GATE,JBC-PROV-PRESERVE-IN-PLACE,source-frozen
git@github.com:tumlinso/CellShard.git,main,b9749ad3e5146a04f847533d8c6f1a54146aed20,todos/cs-jbc-a15.md,85810757f3b04f817f04e40f4181b0d618eeb573de38d0ffde47abd6e17699d2,958,preserve in place,CellShard:todos/cs-jbc-a15.md,CE-CCP1-A02-012,CE-CCP1-A02-012-GATE,JBC-PROV-PRESERVE-IN-PLACE,source-frozen
git@github.com:tumlinso/CellShard.git,main,b9749ad3e5146a04f847533d8c6f1a54146aed20,todos/cs-jbc-a16.md,67cfa6617f5b808bc3adfda7650591201d3c05eb39e95f49aab2f7d89ae342a8,974,preserve in place,CellShard:todos/cs-jbc-a16.md,CE-CCP1-A02-012,CE-CCP1-A02-012-GATE,JBC-PROV-PRESERVE-IN-PLACE,source-frozen
git@github.com:tumlinso/CellShard.git,main,b9749ad3e5146a04f847533d8c6f1a54146aed20,todos/cs-jbc-a17.md,bbc526a784f4618ea28c1216f66fff86b06746b3ffec816850060fa3e634fb70,948,preserve in place,CellShard:todos/cs-jbc-a17.md,CE-CCP1-A02-012,CE-CCP1-A02-012-GATE,JBC-PROV-PRESERVE-IN-PLACE,source-frozen
git@github.com:tumlinso/CellShard.git,main,b9749ad3e5146a04f847533d8c6f1a54146aed20,todos/cs-jbc-a18.md,65068127569d0fb2e63a1bb5cf6a3eb83f9dc57fa7e776aef7c33de113b5da9b,986,preserve in place,CellShard:todos/cs-jbc-a18.md,CE-CCP1-A02-012,CE-CCP1-A02-012-GATE,JBC-PROV-PRESERVE-IN-PLACE,source-frozen
git@github.com:tumlinso/CellShard.git,main,b9749ad3e5146a04f847533d8c6f1a54146aed20,todos/cs-jbc-a19.md,280a6451b0f20b16c6e5019674c5de70d617e131df3017c72d17f5c2eb1987e2,1022,preserve in place,CellShard:todos/cs-jbc-a19.md,CE-CCP1-A02-012,CE-CCP1-A02-012-GATE,JBC-PROV-PRESERVE-IN-PLACE,source-frozen
git@github.com:tumlinso/CellShard.git,main,b9749ad3e5146a04f847533d8c6f1a54146aed20,todos/cs-jbc-a20.md,b8ad19ad127d21b3581362f2e81c487f5dcdf442a1ce84884376fa14ebe129f9,1022,preserve in place,CellShard:todos/cs-jbc-a20.md,CE-CCP1-A02-012,CE-CCP1-A02-012-GATE,JBC-PROV-PRESERVE-IN-PLACE,source-frozen
git@github.com:tumlinso/CellShard.git,main,b9749ad3e5146a04f847533d8c6f1a54146aed20,todos/cs-jbc-b01.md,bef5069bb8ddbcf3ff6dac3ba8bf2912dd225e8dffae02b1ec1d6bde5b9fae29,923,preserve in place,CellShard:todos/cs-jbc-b01.md,CE-CCP1-A02-012,CE-CCP1-A02-012-GATE,JBC-PROV-PRESERVE-IN-PLACE,source-frozen
git@github.com:tumlinso/CellShard.git,main,b9749ad3e5146a04f847533d8c6f1a54146aed20,todos/cs-jbc-b02.md,8ed90ce2ccce5f0d1c1c3a8d595b346273997f9e122b84fafc7b330f6129ef05,946,preserve in place,CellShard:todos/cs-jbc-b02.md,CE-CCP1-A02-012,CE-CCP1-A02-012-GATE,JBC-PROV-PRESERVE-IN-PLACE,source-frozen
git@github.com:tumlinso/CellShard.git,main,b9749ad3e5146a04f847533d8c6f1a54146aed20,todos/cs-jbc-b03.md,4b9a98b8dbd4bf25bccee39efd089b462b7bb101117c347cb63d6f22648f687c,950,preserve in place,CellShard:todos/cs-jbc-b03.md,CE-CCP1-A02-012,CE-CCP1-A02-012-GATE,JBC-PROV-PRESERVE-IN-PLACE,source-frozen
git@github.com:tumlinso/CellShard.git,main,b9749ad3e5146a04f847533d8c6f1a54146aed20,todos/cs-jbc-b04.md,7c1f9969854afd973b0d18fee703b23538f7748a737f0e8a17551f6c92c77a67,944,preserve in place,CellShard:todos/cs-jbc-b04.md,CE-CCP1-A02-012,CE-CCP1-A02-012-GATE,JBC-PROV-PRESERVE-IN-PLACE,source-frozen
git@github.com:tumlinso/CellShard.git,main,b9749ad3e5146a04f847533d8c6f1a54146aed20,todos/cs-jbc-b05.md,d543986235c874236dee3d1104af794aab7d7cca276734d4c5abff513c37d6c6,964,preserve in place,CellShard:todos/cs-jbc-b05.md,CE-CCP1-A02-012,CE-CCP1-A02-012-GATE,JBC-PROV-PRESERVE-IN-PLACE,source-frozen
git@github.com:tumlinso/CellShard.git,main,b9749ad3e5146a04f847533d8c6f1a54146aed20,todos/cs-jbc-b06.md,65df435e1f04e8f9e7fed4274c6b8b8b9306d3889f1e82fde59251fc5aeb97d9,972,preserve in place,CellShard:todos/cs-jbc-b06.md,CE-CCP1-A02-012,CE-CCP1-A02-012-GATE,JBC-PROV-PRESERVE-IN-PLACE,source-frozen
git@github.com:tumlinso/CellShard.git,main,b9749ad3e5146a04f847533d8c6f1a54146aed20,todos/cs-jbc-bc01.md,7a98002766bf4cebf268415169a69bb5ed9d5d82ec599db4f33b746b107628bd,809,preserve in place,CellShard:todos/cs-jbc-bc01.md,CE-CCP1-A02-012,CE-CCP1-A02-012-GATE,JBC-PROV-PRESERVE-IN-PLACE,source-frozen
git@github.com:tumlinso/CellShard.git,main,b9749ad3e5146a04f847533d8c6f1a54146aed20,todos/cs-jbc-bc02.md,06f9b999f293cd9072a3fa3b56278b080ccce18ef6851ad7978a42022bf7bbaa,781,preserve in place,CellShard:todos/cs-jbc-bc02.md,CE-CCP1-A02-012,CE-CCP1-A02-012-GATE,JBC-PROV-PRESERVE-IN-PLACE,source-frozen
git@github.com:tumlinso/CellShard.git,main,b9749ad3e5146a04f847533d8c6f1a54146aed20,todos/cs-jbc-bc03.md,a42000a54ac967bbed29513e4d66f9d24881b5da60c880e008dadf27f086e485,793,preserve in place,CellShard:todos/cs-jbc-bc03.md,CE-CCP1-A02-012,CE-CCP1-A02-012-GATE,JBC-PROV-PRESERVE-IN-PLACE,source-frozen
git@github.com:tumlinso/CellShard.git,main,b9749ad3e5146a04f847533d8c6f1a54146aed20,todos/cs-jbc-bc04.md,ce8bc21ce32cbf0849c1acbbf73bdb5d1f703914916a8d9160d65d48802eedfe,795,preserve in place,CellShard:todos/cs-jbc-bc04.md,CE-CCP1-A02-012,CE-CCP1-A02-012-GATE,JBC-PROV-PRESERVE-IN-PLACE,source-frozen
git@github.com:tumlinso/CellShard.git,main,b9749ad3e5146a04f847533d8c6f1a54146aed20,todos/cs-jbc-bc05.md,dea2adc3e7d791240ee1b166cc69e9720631e4e1d8230b25ea778da367808ddd,801,preserve in place,CellShard:todos/cs-jbc-bc05.md,CE-CCP1-A02-012,CE-CCP1-A02-012-GATE,JBC-PROV-PRESERVE-IN-PLACE,source-frozen
git@github.com:tumlinso/CellShard.git,main,b9749ad3e5146a04f847533d8c6f1a54146aed20,todos/cs-jbc-bc06.md,a33d36f2bc34c8707c5176ac37f54cbbae7553c5a98d9fe7e87cfe717087bc86,773,preserve in place,CellShard:todos/cs-jbc-bc06.md,CE-CCP1-A02-012,CE-CCP1-A02-012-GATE,JBC-PROV-PRESERVE-IN-PLACE,source-frozen
git@github.com:tumlinso/CellShard.git,main,b9749ad3e5146a04f847533d8c6f1a54146aed20,todos/cs-jbc-bc07.md,afcf82aae4d5b5fee87e0edd4c4cbd3b96967c1b9a854e5ea677991b0f8c6afc,781,preserve in place,CellShard:todos/cs-jbc-bc07.md,CE-CCP1-A02-012,CE-CCP1-A02-012-GATE,JBC-PROV-PRESERVE-IN-PLACE,source-frozen
git@github.com:tumlinso/CellShard.git,main,b9749ad3e5146a04f847533d8c6f1a54146aed20,todos/cs-jbc-bc08.md,f237a6ed5f223a68d15d68a225df83430b2d5e3d9b78c839ab04870d6977cc21,827,preserve in place,CellShard:todos/cs-jbc-bc08.md,CE-CCP1-A02-012,CE-CCP1-A02-012-GATE,JBC-PROV-PRESERVE-IN-PLACE,source-frozen
git@github.com:tumlinso/CellShard.git,main,b9749ad3e5146a04f847533d8c6f1a54146aed20,todos/cs-jbc-bs01.md,a76948291a2f90c7a236218f946a7aa673757d162994145a0603f193a52b564b,708,preserve in place,CellShard:todos/cs-jbc-bs01.md,CE-CCP1-A02-012,CE-CCP1-A02-012-GATE,JBC-PROV-PRESERVE-IN-PLACE,source-frozen
git@github.com:tumlinso/CellShard.git,main,b9749ad3e5146a04f847533d8c6f1a54146aed20,todos/cs-jbc-bs02.md,f4658ed8b808fd1790e1d2fdea5cd5088d49e087209720cd0e4125faad1a0597,756,preserve in place,CellShard:todos/cs-jbc-bs02.md,CE-CCP1-A02-012,CE-CCP1-A02-012-GATE,JBC-PROV-PRESERVE-IN-PLACE,source-frozen
git@github.com:tumlinso/CellShard.git,main,b9749ad3e5146a04f847533d8c6f1a54146aed20,todos/cs-jbc-bs03.md,40577b77fd6943c04992634f6424fee93e4b2b19e2e40ca1d5292baa37fe8891,690,preserve in place,CellShard:todos/cs-jbc-bs03.md,CE-CCP1-A02-012,CE-CCP1-A02-012-GATE,JBC-PROV-PRESERVE-IN-PLACE,source-frozen
git@github.com:tumlinso/CellShard.git,main,b9749ad3e5146a04f847533d8c6f1a54146aed20,todos/cs-jbc-bs04.md,461379e04c7f75fde2b07de15509f08e2490c769171b98c0b3844ae10a2ab472,712,preserve in place,CellShard:todos/cs-jbc-bs04.md,CE-CCP1-A02-012,CE-CCP1-A02-012-GATE,JBC-PROV-PRESERVE-IN-PLACE,source-frozen
git@github.com:tumlinso/CellShard.git,main,b9749ad3e5146a04f847533d8c6f1a54146aed20,todos/cs-jbc-bs05.md,63f07807bcd82ed910d01270ae78cf2163948fa28a7255bb25dd2d30ca681df7,744,preserve in place,CellShard:todos/cs-jbc-bs05.md,CE-CCP1-A02-012,CE-CCP1-A02-012-GATE,JBC-PROV-PRESERVE-IN-PLACE,source-frozen
git@github.com:tumlinso/CellShard.git,main,b9749ad3e5146a04f847533d8c6f1a54146aed20,todos/cs-jbc-bs06.md,7f688d11187554ac6d721807b4ee1db6d188d4f27bef872414d750407f94d53d,710,preserve in place,CellShard:todos/cs-jbc-bs06.md,CE-CCP1-A02-012,CE-CCP1-A02-012-GATE,JBC-PROV-PRESERVE-IN-PLACE,source-frozen
git@github.com:tumlinso/CellShard.git,main,b9749ad3e5146a04f847533d8c6f1a54146aed20,todos/cs-jbc-bs07.md,cea3bb2a44be728f90cfa8715f3a95f8025db80b7f798d82d571d25f95cf18e4,748,preserve in place,CellShard:todos/cs-jbc-bs07.md,CE-CCP1-A02-012,CE-CCP1-A02-012-GATE,JBC-PROV-PRESERVE-IN-PLACE,source-frozen
git@github.com:tumlinso/CellShard.git,main,b9749ad3e5146a04f847533d8c6f1a54146aed20,todos/cs-jbc-bs08.md,5170701f121a5882f720dfa9806eaf1ddb0aee9c025c3acbf51a2e157ac08cc9,704,preserve in place,CellShard:todos/cs-jbc-bs08.md,CE-CCP1-A02-012,CE-CCP1-A02-012-GATE,JBC-PROV-PRESERVE-IN-PLACE,source-frozen
git@github.com:tumlinso/CellShard.git,main,b9749ad3e5146a04f847533d8c6f1a54146aed20,todos/cs-jbc-bs09.md,11632043da185c81dbd27b0f3dae4f0a2ea261f3cd14515897e1e8335c9cce61,718,preserve in place,CellShard:todos/cs-jbc-bs09.md,CE-CCP1-A02-012,CE-CCP1-A02-012-GATE,JBC-PROV-PRESERVE-IN-PLACE,source-frozen
git@github.com:tumlinso/CellShard.git,main,b9749ad3e5146a04f847533d8c6f1a54146aed20,todos/cs-jbc-bs10.md,e31e45ef22daa8372e2a9aa3cb0d5d021290d565243fe6334788816a1b16afe8,714,preserve in place,CellShard:todos/cs-jbc-bs10.md,CE-CCP1-A02-012,CE-CCP1-A02-012-GATE,JBC-PROV-PRESERVE-IN-PLACE,source-frozen
git@github.com:tumlinso/CellShard.git,main,b9749ad3e5146a04f847533d8c6f1a54146aed20,todos/cs-jbc-bs11.md,acf56cc3963f9d20b3b6de559929420abb82d987dd85a22185783e844362376a,718,preserve in place,CellShard:todos/cs-jbc-bs11.md,CE-CCP1-A02-012,CE-CCP1-A02-012-GATE,JBC-PROV-PRESERVE-IN-PLACE,source-frozen
git@github.com:tumlinso/CellShard.git,main,b9749ad3e5146a04f847533d8c6f1a54146aed20,todos/cs-jbc-bs12.md,af3dc2a94368a5ad55d498be491923a88373e4236cb38e826b6e57a678941106,716,preserve in place,CellShard:todos/cs-jbc-bs12.md,CE-CCP1-A02-012,CE-CCP1-A02-012-GATE,JBC-PROV-PRESERVE-IN-PLACE,source-frozen
git@github.com:tumlinso/CellShard.git,main,b9749ad3e5146a04f847533d8c6f1a54146aed20,todos/cs-jbc-bs13.md,63a98fdaf40f4fbaf65185f30b5caac03cbcac57d368d146975af8e3dd40932c,722,preserve in place,CellShard:todos/cs-jbc-bs13.md,CE-CCP1-A02-012,CE-CCP1-A02-012-GATE,JBC-PROV-PRESERVE-IN-PLACE,source-frozen
git@github.com:tumlinso/CellShard.git,main,b9749ad3e5146a04f847533d8c6f1a54146aed20,todos/cs-jbc-bs14.md,33a64b8491a147622eb534a24d28668b8078dc8c5316c0323eca6b88c55176a5,710,preserve in place,CellShard:todos/cs-jbc-bs14.md,CE-CCP1-A02-012,CE-CCP1-A02-012-GATE,JBC-PROV-PRESERVE-IN-PLACE,source-frozen
git@github.com:tumlinso/CellShard.git,main,b9749ad3e5146a04f847533d8c6f1a54146aed20,todos/cs-jbc-bs15.md,86c4b59a7ad8905209a9861629b984a3e67ee7cd4ccada240a8e29ace6316330,734,preserve in place,CellShard:todos/cs-jbc-bs15.md,CE-CCP1-A02-012,CE-CCP1-A02-012-GATE,JBC-PROV-PRESERVE-IN-PLACE,source-frozen
git@github.com:tumlinso/CellShard.git,main,b9749ad3e5146a04f847533d8c6f1a54146aed20,todos/cs-jbc-bs16.md,dfcf8a4104ab1e70bb8ca8742d98e7d36def6a5a2b9972f5f7e64a257cf0ad19,756,preserve in place,CellShard:todos/cs-jbc-bs16.md,CE-CCP1-A02-012,CE-CCP1-A02-012-GATE,JBC-PROV-PRESERVE-IN-PLACE,source-frozen
git@github.com:tumlinso/CellShard.git,main,b9749ad3e5146a04f847533d8c6f1a54146aed20,todos/cs-jbc-bs17.md,8b066c1cad7029325d3f9e7bb6d95369798f2bd2f4e0877f1178fd28048c602f,694,preserve in place,CellShard:todos/cs-jbc-bs17.md,CE-CCP1-A02-012,CE-CCP1-A02-012-GATE,JBC-PROV-PRESERVE-IN-PLACE,source-frozen
git@github.com:tumlinso/CellShard.git,main,b9749ad3e5146a04f847533d8c6f1a54146aed20,todos/cs-jbc-bs18.md,37e04a4a633ad96fffc22ce4d0de5f1f923a86f68aa11acca83997fab6d1b07f,724,preserve in place,CellShard:todos/cs-jbc-bs18.md,CE-CCP1-A02-012,CE-CCP1-A02-012-GATE,JBC-PROV-PRESERVE-IN-PLACE,source-frozen
git@github.com:tumlinso/CellShard.git,main,b9749ad3e5146a04f847533d8c6f1a54146aed20,todos/cs-jbc-c01.md,1a4b0fdf9015bcce11bb8cc8624fb4b100beb9891f69ecfb526ffc61a612eeda,707,preserve in place,CellShard:todos/cs-jbc-c01.md,CE-CCP1-A02-012,CE-CCP1-A02-012-GATE,JBC-PROV-PRESERVE-IN-PLACE,source-frozen
git@github.com:tumlinso/CellShard.git,main,b9749ad3e5146a04f847533d8c6f1a54146aed20,todos/cs-jbc-c02.md,07205d99b169479034a2a491982a2c9b1eead54aa46416ad46097182c54437bf,691,preserve in place,CellShard:todos/cs-jbc-c02.md,CE-CCP1-A02-012,CE-CCP1-A02-012-GATE,JBC-PROV-PRESERVE-IN-PLACE,source-frozen
git@github.com:tumlinso/CellShard.git,main,b9749ad3e5146a04f847533d8c6f1a54146aed20,todos/cs-jbc-c03.md,6f392eb9fcb40314d96e129c65e5e62cf95404f14484c71f317b63730b336bdf,679,preserve in place,CellShard:todos/cs-jbc-c03.md,CE-CCP1-A02-012,CE-CCP1-A02-012-GATE,JBC-PROV-PRESERVE-IN-PLACE,source-frozen
git@github.com:tumlinso/CellShard.git,main,b9749ad3e5146a04f847533d8c6f1a54146aed20,todos/cs-jbc-c04.md,d9c431e5a66cf2e89b6b6ff361e58ce08bed9c7e0b06f7a191c31e2d5ae9e187,693,preserve in place,CellShard:todos/cs-jbc-c04.md,CE-CCP1-A02-012,CE-CCP1-A02-012-GATE,JBC-PROV-PRESERVE-IN-PLACE,source-frozen
git@github.com:tumlinso/CellShard.git,main,b9749ad3e5146a04f847533d8c6f1a54146aed20,todos/cs-jbc-c05.md,bf4883ebc2d69c3791fb74dd0d2e7d4055105ae84e273373e53e4f168ea61770,705,preserve in place,CellShard:todos/cs-jbc-c05.md,CE-CCP1-A02-012,CE-CCP1-A02-012-GATE,JBC-PROV-PRESERVE-IN-PLACE,source-frozen
git@github.com:tumlinso/CellShard.git,main,b9749ad3e5146a04f847533d8c6f1a54146aed20,todos/cs-jbc-c06.md,36e21d8cc5651e9650577e36d2530e2f581ad12d5e7dd4594db7973b14c756e1,723,preserve in place,CellShard:todos/cs-jbc-c06.md,CE-CCP1-A02-012,CE-CCP1-A02-012-GATE,JBC-PROV-PRESERVE-IN-PLACE,source-frozen
git@github.com:tumlinso/CellShard.git,main,b9749ad3e5146a04f847533d8c6f1a54146aed20,todos/cs-jbc-c07.md,aa3ff0d89387ddebaa4f022defaa1809b9c7e75a645eebe98c95d2f539e0c614,667,preserve in place,CellShard:todos/cs-jbc-c07.md,CE-CCP1-A02-012,CE-CCP1-A02-012-GATE,JBC-PROV-PRESERVE-IN-PLACE,source-frozen
git@github.com:tumlinso/CellShard.git,main,b9749ad3e5146a04f847533d8c6f1a54146aed20,todos/cs-jbc-c08.md,b7e9221a34271d7d34b5c5c32dffb39d74bdb52318cf6fa2ac13c1c1504235ce,671,preserve in place,CellShard:todos/cs-jbc-c08.md,CE-CCP1-A02-012,CE-CCP1-A02-012-GATE,JBC-PROV-PRESERVE-IN-PLACE,source-frozen
git@github.com:tumlinso/CellShard.git,main,b9749ad3e5146a04f847533d8c6f1a54146aed20,todos/cs-jbc-c09.md,053acf2f7f10fe9069c832a48d272f24e00cb3f6723197e3737ec20d2769ace4,683,preserve in place,CellShard:todos/cs-jbc-c09.md,CE-CCP1-A02-012,CE-CCP1-A02-012-GATE,JBC-PROV-PRESERVE-IN-PLACE,source-frozen
git@github.com:tumlinso/CellShard.git,main,b9749ad3e5146a04f847533d8c6f1a54146aed20,todos/cs-jbc-c10.md,536aae6d019023250f61838d266771d05a65e21bd65c33f2da32b3012fe215e0,685,preserve in place,CellShard:todos/cs-jbc-c10.md,CE-CCP1-A02-012,CE-CCP1-A02-012-GATE,JBC-PROV-PRESERVE-IN-PLACE,source-frozen
git@github.com:tumlinso/CellShard.git,main,b9749ad3e5146a04f847533d8c6f1a54146aed20,todos/cs-jbc-c11.md,c3ef651f42609e47efb31bf19d450b4574313ff217d28e28be386027d42924a0,693,preserve in place,CellShard:todos/cs-jbc-c11.md,CE-CCP1-A02-012,CE-CCP1-A02-012-GATE,JBC-PROV-PRESERVE-IN-PLACE,source-frozen
git@github.com:tumlinso/CellShard.git,main,b9749ad3e5146a04f847533d8c6f1a54146aed20,todos/cs-jbc-c12.md,50f4869331e73d03bf2e7f54375ae5acd75bdbd5b63bc12d7b9d15051b03f5a9,699,preserve in place,CellShard:todos/cs-jbc-c12.md,CE-CCP1-A02-012,CE-CCP1-A02-012-GATE,JBC-PROV-PRESERVE-IN-PLACE,source-frozen
git@github.com:tumlinso/CellShard.git,main,b9749ad3e5146a04f847533d8c6f1a54146aed20,todos/cs-jbc-c13.md,20599b0a6d498fc88930c205b09af63af8a5001f92be0c517551131ce295b5db,709,preserve in place,CellShard:todos/cs-jbc-c13.md,CE-CCP1-A02-012,CE-CCP1-A02-012-GATE,JBC-PROV-PRESERVE-IN-PLACE,source-frozen
git@github.com:tumlinso/CellShard.git,main,b9749ad3e5146a04f847533d8c6f1a54146aed20,todos/cs-jbc-c14.md,735bf6db6f6fb23ab21b75015e45cac0a6d04b9e38d36fec6efbf3dce749ab24,705,preserve in place,CellShard:todos/cs-jbc-c14.md,CE-CCP1-A02-012,CE-CCP1-A02-012-GATE,JBC-PROV-PRESERVE-IN-PLACE,source-frozen
git@github.com:tumlinso/CellShard.git,main,b9749ad3e5146a04f847533d8c6f1a54146aed20,todos/cs-jbc-c15.md,656e5765df786adba46e85b92b1a4146d71f95d4efc42383bacce228053ba5fc,681,preserve in place,CellShard:todos/cs-jbc-c15.md,CE-CCP1-A02-012,CE-CCP1-A02-012-GATE,JBC-PROV-PRESERVE-IN-PLACE,source-frozen
git@github.com:tumlinso/CellShard.git,main,b9749ad3e5146a04f847533d8c6f1a54146aed20,todos/cs-jbc-c16.md,5becb19e185e3a7bf8a06f3f3e516ceb06303251ce8c78fb1f09326ba60cc861,773,preserve in place,CellShard:todos/cs-jbc-c16.md,CE-CCP1-A02-012,CE-CCP1-A02-012-GATE,JBC-PROV-PRESERVE-IN-PLACE,source-frozen
git@github.com:tumlinso/CellShard.git,main,b9749ad3e5146a04f847533d8c6f1a54146aed20,todos/cs-jbc-co01.md,b96c9ec5759a42cce28cc619927142e3cb22d227d5b6c43861706a3fa4121a81,885,preserve in place,CellShard:todos/cs-jbc-co01.md,CE-CCP1-A02-012,CE-CCP1-A02-012-GATE,JBC-PROV-PRESERVE-IN-PLACE,source-frozen
git@github.com:tumlinso/CellShard.git,main,b9749ad3e5146a04f847533d8c6f1a54146aed20,todos/cs-jbc-co02.md,2da08a51a99c949781231d160b4e319b409271639eab53505173c9d7617f2a16,875,preserve in place,CellShard:todos/cs-jbc-co02.md,CE-CCP1-A02-012,CE-CCP1-A02-012-GATE,JBC-PROV-PRESERVE-IN-PLACE,source-frozen
git@github.com:tumlinso/CellShard.git,main,b9749ad3e5146a04f847533d8c6f1a54146aed20,todos/cs-jbc-co03.md,a73f58c7587734e4b90042b516eb0c882d11056451de7a990914ee42df5e108d,817,preserve in place,CellShard:todos/cs-jbc-co03.md,CE-CCP1-A02-012,CE-CCP1-A02-012-GATE,JBC-PROV-PRESERVE-IN-PLACE,source-frozen
git@github.com:tumlinso/CellShard.git,main,b9749ad3e5146a04f847533d8c6f1a54146aed20,todos/cs-jbc-co04.md,d92fd14face7f6cd2b7bf593188b883400e54bbb9e0490891747f9c5b49f2fe4,813,preserve in place,CellShard:todos/cs-jbc-co04.md,CE-CCP1-A02-012,CE-CCP1-A02-012-GATE,JBC-PROV-PRESERVE-IN-PLACE,source-frozen
git@github.com:tumlinso/CellShard.git,main,b9749ad3e5146a04f847533d8c6f1a54146aed20,todos/cs-jbc-co05.md,f2cddf1f24dfe80e77b47fcbdc1f48453b560372ddbb775aca4870aa7645c912,837,preserve in place,CellShard:todos/cs-jbc-co05.md,CE-CCP1-A02-012,CE-CCP1-A02-012-GATE,JBC-PROV-PRESERVE-IN-PLACE,source-frozen
git@github.com:tumlinso/CellShard.git,main,b9749ad3e5146a04f847533d8c6f1a54146aed20,todos/cs-jbc-co06.md,f9333f3a96a0400c7281b569f1ef847d6c33f05fc2439fcf79c7c745f30c60b2,829,preserve in place,CellShard:todos/cs-jbc-co06.md,CE-CCP1-A02-012,CE-CCP1-A02-012-GATE,JBC-PROV-PRESERVE-IN-PLACE,source-frozen
git@github.com:tumlinso/CellShard.git,main,b9749ad3e5146a04f847533d8c6f1a54146aed20,todos/cs-jbc-co07.md,172ede9c7f6e72b6f4b4eebf5f9446ca81bd84fa270bf58848489e63a6844017,849,preserve in place,CellShard:todos/cs-jbc-co07.md,CE-CCP1-A02-012,CE-CCP1-A02-012-GATE,JBC-PROV-PRESERVE-IN-PLACE,source-frozen
git@github.com:tumlinso/CellShard.git,main,b9749ad3e5146a04f847533d8c6f1a54146aed20,todos/cs-jbc-co08.md,d35835787a0606a8ab80654062649a22aa6e3f291eba83522eeab5f60be06fd1,835,preserve in place,CellShard:todos/cs-jbc-co08.md,CE-CCP1-A02-012,CE-CCP1-A02-012-GATE,JBC-PROV-PRESERVE-IN-PLACE,source-frozen
git@github.com:tumlinso/CellShard.git,main,b9749ad3e5146a04f847533d8c6f1a54146aed20,todos/cs-jbc-co09.md,636421369457a1ea085ba996ada9ab49ee8c4cb517adc929a99bc2d0fbc32b92,857,preserve in place,CellShard:todos/cs-jbc-co09.md,CE-CCP1-A02-012,CE-CCP1-A02-012-GATE,JBC-PROV-PRESERVE-IN-PLACE,source-frozen
git@github.com:tumlinso/CellShard.git,main,b9749ad3e5146a04f847533d8c6f1a54146aed20,todos/cs-jbc-co10.md,68a1323d99a79da2ca9f07266919f8ecb412334bde61fc5368e400a16a3c02b4,879,preserve in place,CellShard:todos/cs-jbc-co10.md,CE-CCP1-A02-012,CE-CCP1-A02-012-GATE,JBC-PROV-PRESERVE-IN-PLACE,source-frozen
git@github.com:tumlinso/CellShard.git,main,b9749ad3e5146a04f847533d8c6f1a54146aed20,todos/cs-jbc-e01.md,0c5faab62bbc008586c3a48241a55d3926756b20d9d037d7cc034123f9b59c91,860,preserve in place,CellShard:todos/cs-jbc-e01.md,CE-CCP1-A02-012,CE-CCP1-A02-012-GATE,JBC-PROV-PRESERVE-IN-PLACE,source-frozen
git@github.com:tumlinso/CellShard.git,main,b9749ad3e5146a04f847533d8c6f1a54146aed20,todos/cs-jbc-e02.md,6bb904917b959ded9bd1e349df51bba90678484b98d4901fdd71581711ed4195,862,preserve in place,CellShard:todos/cs-jbc-e02.md,CE-CCP1-A02-012,CE-CCP1-A02-012-GATE,JBC-PROV-PRESERVE-IN-PLACE,source-frozen
git@github.com:tumlinso/CellShard.git,main,b9749ad3e5146a04f847533d8c6f1a54146aed20,todos/cs-jbc-e03.md,47978cc29191109f35cad65da20ddb7b3620134f5925b77f0ddd71f100e1d590,864,preserve in place,CellShard:todos/cs-jbc-e03.md,CE-CCP1-A02-012,CE-CCP1-A02-012-GATE,JBC-PROV-PRESERVE-IN-PLACE,source-frozen
git@github.com:tumlinso/CellShard.git,main,b9749ad3e5146a04f847533d8c6f1a54146aed20,todos/cs-jbc-e04.md,8430a375b4003ceb6d83e0af82b03e23872473adc8d728f6585bd6cc77d41cfa,866,preserve in place,CellShard:todos/cs-jbc-e04.md,CE-CCP1-A02-012,CE-CCP1-A02-012-GATE,JBC-PROV-PRESERVE-IN-PLACE,source-frozen
git@github.com:tumlinso/CellShard.git,main,b9749ad3e5146a04f847533d8c6f1a54146aed20,todos/cs-jbc-e05.md,afcb46b8347a945be910d6e9a0783785a3cf406bdd144ca0bdef8acfa36356c1,872,preserve in place,CellShard:todos/cs-jbc-e05.md,CE-CCP1-A02-012,CE-CCP1-A02-012-GATE,JBC-PROV-PRESERVE-IN-PLACE,source-frozen
git@github.com:tumlinso/CellShard.git,main,b9749ad3e5146a04f847533d8c6f1a54146aed20,todos/cs-jbc-e06.md,d02358e6faaabcd69a8a30e188ed5e647cc56a0ed2de65c96c692fb7e3b22efa,868,preserve in place,CellShard:todos/cs-jbc-e06.md,CE-CCP1-A02-012,CE-CCP1-A02-012-GATE,JBC-PROV-PRESERVE-IN-PLACE,source-frozen
git@github.com:tumlinso/CellShard.git,main,b9749ad3e5146a04f847533d8c6f1a54146aed20,todos/cs-jbc-e07.md,3de4cc8cafb89e904bc85e44e6386c6142674f642826f45aad44339649667f3e,858,preserve in place,CellShard:todos/cs-jbc-e07.md,CE-CCP1-A02-012,CE-CCP1-A02-012-GATE,JBC-PROV-PRESERVE-IN-PLACE,source-frozen
git@github.com:tumlinso/CellShard.git,main,b9749ad3e5146a04f847533d8c6f1a54146aed20,todos/cs-jbc-e08.md,b055012754987a8c26582fd6a3f0c0bc488338c77a7495ae7ee17c4541d8c3be,856,preserve in place,CellShard:todos/cs-jbc-e08.md,CE-CCP1-A02-012,CE-CCP1-A02-012-GATE,JBC-PROV-PRESERVE-IN-PLACE,source-frozen
git@github.com:tumlinso/CellShard.git,main,b9749ad3e5146a04f847533d8c6f1a54146aed20,todos/cs-jbc-e09.md,974d28c2d98e013ee715ec4292b4ada62685451b7bc1dafbf2eab1533ecb38a1,888,preserve in place,CellShard:todos/cs-jbc-e09.md,CE-CCP1-A02-012,CE-CCP1-A02-012-GATE,JBC-PROV-PRESERVE-IN-PLACE,source-frozen
git@github.com:tumlinso/CellShard.git,main,b9749ad3e5146a04f847533d8c6f1a54146aed20,todos/cs-jbc-e10.md,4a44c966824e3a28fb104adde2bf5b88c75faf16beb40cd801e0f0a373a90b65,870,preserve in place,CellShard:todos/cs-jbc-e10.md,CE-CCP1-A02-012,CE-CCP1-A02-012-GATE,JBC-PROV-PRESERVE-IN-PLACE,source-frozen
git@github.com:tumlinso/CellShard.git,main,b9749ad3e5146a04f847533d8c6f1a54146aed20,todos/cs-jbc-e11.md,ee55c18caaee9647a35c9ff823731efe74bd553d3b972d1e547a4f8ea3414ee7,902,preserve in place,CellShard:todos/cs-jbc-e11.md,CE-CCP1-A02-012,CE-CCP1-A02-012-GATE,JBC-PROV-PRESERVE-IN-PLACE,source-frozen
git@github.com:tumlinso/CellShard.git,main,b9749ad3e5146a04f847533d8c6f1a54146aed20,todos/cs-jbc-e12.md,190a9ca5c1047222971ee83e9f72214fed7b52d7854713e683748ff8b305f642,854,preserve in place,CellShard:todos/cs-jbc-e12.md,CE-CCP1-A02-012,CE-CCP1-A02-012-GATE,JBC-PROV-PRESERVE-IN-PLACE,source-frozen
git@github.com:tumlinso/CellShard.git,main,b9749ad3e5146a04f847533d8c6f1a54146aed20,todos/cs-jbc-e13.md,a5d8969e51c32a761c8e59f764d997f59ffd69e40947ceae9ae233119a9a233c,870,preserve in place,CellShard:todos/cs-jbc-e13.md,CE-CCP1-A02-012,CE-CCP1-A02-012-GATE,JBC-PROV-PRESERVE-IN-PLACE,source-frozen
git@github.com:tumlinso/CellShard.git,main,b9749ad3e5146a04f847533d8c6f1a54146aed20,todos/cs-jbc-e14.md,fe9214aa1e9755a3b60b5b548c05b272399f7a736cc3d2d70c6042fe7c08de44,868,preserve in place,CellShard:todos/cs-jbc-e14.md,CE-CCP1-A02-012,CE-CCP1-A02-012-GATE,JBC-PROV-PRESERVE-IN-PLACE,source-frozen
git@github.com:tumlinso/CellShard.git,main,b9749ad3e5146a04f847533d8c6f1a54146aed20,todos/cs-jbc-e15.md,dcac33c53ed80f93f532792c0c760b7066d50983e0e3319f849a4783ef54d8cb,898,preserve in place,CellShard:todos/cs-jbc-e15.md,CE-CCP1-A02-012,CE-CCP1-A02-012-GATE,JBC-PROV-PRESERVE-IN-PLACE,source-frozen
git@github.com:tumlinso/CellShard.git,main,b9749ad3e5146a04f847533d8c6f1a54146aed20,todos/cs-jbc-e16.md,2d5421f78ddbe188ad2012daa40cc0585edbb3314a19893459b3657a1d516da7,890,preserve in place,CellShard:todos/cs-jbc-e16.md,CE-CCP1-A02-012,CE-CCP1-A02-012-GATE,JBC-PROV-PRESERVE-IN-PLACE,source-frozen
git@github.com:tumlinso/CellShard.git,main,b9749ad3e5146a04f847533d8c6f1a54146aed20,todos/cs-jbc-ft01.md,45ea95c2b168bff6534516ede9c2c4157c2d3206bd638eb366fb95dc52b4c6ee,767,preserve in place,CellShard:todos/cs-jbc-ft01.md,CE-CCP1-A02-012,CE-CCP1-A02-012-GATE,JBC-PROV-PRESERVE-IN-PLACE,source-frozen
git@github.com:tumlinso/CellShard.git,main,b9749ad3e5146a04f847533d8c6f1a54146aed20,todos/cs-jbc-ft02.md,e5dc277f6d67d7e18d9f78b16cc55e99ba449a6fb2cf583d2155746512af9f68,707,preserve in place,CellShard:todos/cs-jbc-ft02.md,CE-CCP1-A02-012,CE-CCP1-A02-012-GATE,JBC-PROV-PRESERVE-IN-PLACE,source-frozen
git@github.com:tumlinso/CellShard.git,main,b9749ad3e5146a04f847533d8c6f1a54146aed20,todos/cs-jbc-ft03.md,3b414833ca889a900b14aacf125d6aaaee94a7884dcae60aee02f0eb04a7b2af,765,preserve in place,CellShard:todos/cs-jbc-ft03.md,CE-CCP1-A02-012,CE-CCP1-A02-012-GATE,JBC-PROV-PRESERVE-IN-PLACE,source-frozen
git@github.com:tumlinso/CellShard.git,main,b9749ad3e5146a04f847533d8c6f1a54146aed20,todos/cs-jbc-ft04.md,69c1d71e52728372ed50a4b1457b0924e8533fb9056f5b403276c06ac523bfaf,767,preserve in place,CellShard:todos/cs-jbc-ft04.md,CE-CCP1-A02-012,CE-CCP1-A02-012-GATE,JBC-PROV-PRESERVE-IN-PLACE,source-frozen
git@github.com:tumlinso/CellShard.git,main,b9749ad3e5146a04f847533d8c6f1a54146aed20,todos/cs-jbc-ft05.md,70d2a9ea4061c71af1d486abe8078b2584ea743b03679d54ad8ef48bb2d86e99,735,preserve in place,CellShard:todos/cs-jbc-ft05.md,CE-CCP1-A02-012,CE-CCP1-A02-012-GATE,JBC-PROV-PRESERVE-IN-PLACE,source-frozen
git@github.com:tumlinso/CellShard.git,main,b9749ad3e5146a04f847533d8c6f1a54146aed20,todos/cs-jbc-ft06.md,0626a2c50e9474cc7fdec1bf21adadd13693b5853706d318162b0cd6be3f0cdb,771,preserve in place,CellShard:todos/cs-jbc-ft06.md,CE-CCP1-A02-012,CE-CCP1-A02-012-GATE,JBC-PROV-PRESERVE-IN-PLACE,source-frozen
git@github.com:tumlinso/CellShard.git,main,b9749ad3e5146a04f847533d8c6f1a54146aed20,todos/cs-jbc-g01.md,c70de6f4fdd8a0579b479aed4a467bc216b2ad054b12a5e3d975362b7b64efba,706,preserve in place,CellShard:todos/cs-jbc-g01.md,CE-CCP1-A02-012,CE-CCP1-A02-012-GATE,JBC-PROV-PRESERVE-IN-PLACE,source-frozen
git@github.com:tumlinso/CellShard.git,main,b9749ad3e5146a04f847533d8c6f1a54146aed20,todos/cs-jbc-g02.md,0956b62ec196d595587bc9071644d9b44afdec77b5c71c0b3e85545888b60f04,710,preserve in place,CellShard:todos/cs-jbc-g02.md,CE-CCP1-A02-012,CE-CCP1-A02-012-GATE,JBC-PROV-PRESERVE-IN-PLACE,source-frozen
git@github.com:tumlinso/CellShard.git,main,b9749ad3e5146a04f847533d8c6f1a54146aed20,todos/cs-jbc-g03.md,01155a9ea3ae6b477d1f89b8132bc4afae59619a4abbe2c48cafdb9935bc01d7,696,preserve in place,CellShard:todos/cs-jbc-g03.md,CE-CCP1-A02-012,CE-CCP1-A02-012-GATE,JBC-PROV-PRESERVE-IN-PLACE,source-frozen
git@github.com:tumlinso/CellShard.git,main,b9749ad3e5146a04f847533d8c6f1a54146aed20,todos/cs-jbc-g04.md,9564feaaf2ec5b9bbae37e6cbe7496da7b57d934128f3a82cbaa64f0dae24fbc,714,preserve in place,CellShard:todos/cs-jbc-g04.md,CE-CCP1-A02-012,CE-CCP1-A02-012-GATE,JBC-PROV-PRESERVE-IN-PLACE,source-frozen
git@github.com:tumlinso/CellShard.git,main,b9749ad3e5146a04f847533d8c6f1a54146aed20,todos/cs-jbc-g05.md,c147efd628122f54aded76443db96f779789610b6e429abea9eff1cfea06e133,702,preserve in place,CellShard:todos/cs-jbc-g05.md,CE-CCP1-A02-012,CE-CCP1-A02-012-GATE,JBC-PROV-PRESERVE-IN-PLACE,source-frozen
git@github.com:tumlinso/CellShard.git,main,b9749ad3e5146a04f847533d8c6f1a54146aed20,todos/cs-jbc-g06.md,d6041e49cc3c235b41a3a4fb53e15c887fb56fce5b8e6de84f14aa029351d169,706,preserve in place,CellShard:todos/cs-jbc-g06.md,CE-CCP1-A02-012,CE-CCP1-A02-012-GATE,JBC-PROV-PRESERVE-IN-PLACE,source-frozen
git@github.com:tumlinso/CellShard.git,main,b9749ad3e5146a04f847533d8c6f1a54146aed20,todos/cs-jbc-g07.md,165af2c61b51320ddea10f7f988a6262111c8365a2f4e4b4f690e7436ab45c3b,718,preserve in place,CellShard:todos/cs-jbc-g07.md,CE-CCP1-A02-012,CE-CCP1-A02-012-GATE,JBC-PROV-PRESERVE-IN-PLACE,source-frozen
git@github.com:tumlinso/CellShard.git,main,b9749ad3e5146a04f847533d8c6f1a54146aed20,todos/cs-jbc-g08.md,cc7e34da3926038da7c51fa9ee24fa7d7c625d2f47a91f3b1fc6d4e4be4e043e,738,preserve in place,CellShard:todos/cs-jbc-g08.md,CE-CCP1-A02-012,CE-CCP1-A02-012-GATE,JBC-PROV-PRESERVE-IN-PLACE,source-frozen
git@github.com:tumlinso/CellShard.git,main,b9749ad3e5146a04f847533d8c6f1a54146aed20,todos/cs-jbc-g09.md,0398831559047773b3f43aebdf08b24e616707853f7ef3133dec24ee02b29458,778,preserve in place,CellShard:todos/cs-jbc-g09.md,CE-CCP1-A02-012,CE-CCP1-A02-012-GATE,JBC-PROV-PRESERVE-IN-PLACE,source-frozen
git@github.com:tumlinso/CellShard.git,main,b9749ad3e5146a04f847533d8c6f1a54146aed20,todos/cs-jbc-g10.md,7eb75c956bd1ee3ee45dc647f1ecd071d315a755a89253fa07680cbaad46199b,692,preserve in place,CellShard:todos/cs-jbc-g10.md,CE-CCP1-A02-012,CE-CCP1-A02-012-GATE,JBC-PROV-PRESERVE-IN-PLACE,source-frozen
git@github.com:tumlinso/CellShard.git,main,b9749ad3e5146a04f847533d8c6f1a54146aed20,todos/cs-jbc-ig01.md,524607aa82967e985d63f7326585c8ec382c1b17267ad76070b9306506bee341,713,preserve in place,CellShard:todos/cs-jbc-ig01.md,CE-CCP1-A02-012,CE-CCP1-A02-012-GATE,JBC-PROV-PRESERVE-IN-PLACE,source-frozen
git@github.com:tumlinso/CellShard.git,main,b9749ad3e5146a04f847533d8c6f1a54146aed20,todos/cs-jbc-ig02.md,1e0cb80795edbf3aa0fdd41ba87d604dfd1ee817f719d74aca42db9bbc2a1e7c,680,preserve in place,CellShard:todos/cs-jbc-ig02.md,CE-CCP1-A02-012,CE-CCP1-A02-012-GATE,JBC-PROV-PRESERVE-IN-PLACE,source-frozen
git@github.com:tumlinso/CellShard.git,main,b9749ad3e5146a04f847533d8c6f1a54146aed20,todos/cs-jbc-ig03.md,86f21a7e5962a53cd4becc81d4846d64c1780c27f6d996560fa2dbd20995feea,708,preserve in place,CellShard:todos/cs-jbc-ig03.md,CE-CCP1-A02-012,CE-CCP1-A02-012-GATE,JBC-PROV-PRESERVE-IN-PLACE,source-frozen
git@github.com:tumlinso/CellShard.git,main,b9749ad3e5146a04f847533d8c6f1a54146aed20,todos/cs-jbc-ig04.md,14efb8c1b13e8094ec93bbc9e5c3bb96f1e78becfe5ca626a4b1e053dab78912,690,preserve in place,CellShard:todos/cs-jbc-ig04.md,CE-CCP1-A02-012,CE-CCP1-A02-012-GATE,JBC-PROV-PRESERVE-IN-PLACE,source-frozen
git@github.com:tumlinso/CellShard.git,main,b9749ad3e5146a04f847533d8c6f1a54146aed20,todos/cs-jbc-ig05.md,391e7e5e6c351352a05ead87430a1792ca85d3723db6baac66b0474ab21c96ed,710,preserve in place,CellShard:todos/cs-jbc-ig05.md,CE-CCP1-A02-012,CE-CCP1-A02-012-GATE,JBC-PROV-PRESERVE-IN-PLACE,source-frozen
git@github.com:tumlinso/CellShard.git,main,b9749ad3e5146a04f847533d8c6f1a54146aed20,todos/cs-jbc-ig06.md,3aec3e81a8dafa83798ee182eb3aa79dc75e3102934008e984d71d5019099c3f,728,preserve in place,CellShard:todos/cs-jbc-ig06.md,CE-CCP1-A02-012,CE-CCP1-A02-012-GATE,JBC-PROV-PRESERVE-IN-PLACE,source-frozen
git@github.com:tumlinso/CellShard.git,main,b9749ad3e5146a04f847533d8c6f1a54146aed20,todos/cs-jbc-ig07.md,327e82efbc243838458e4d618947cf6cc3a99ba5ad2964e967e9cb4a70f08c4f,664,preserve in place,CellShard:todos/cs-jbc-ig07.md,CE-CCP1-A02-012,CE-CCP1-A02-012-GATE,JBC-PROV-PRESERVE-IN-PLACE,source-frozen
git@github.com:tumlinso/CellShard.git,main,b9749ad3e5146a04f847533d8c6f1a54146aed20,todos/cs-jbc-ig08.md,89cbfcf894eb47dfba238148332f9fcbb2b2079d7e8672372c5cbd2e5e333528,730,preserve in place,CellShard:todos/cs-jbc-ig08.md,CE-CCP1-A02-012,CE-CCP1-A02-012-GATE,JBC-PROV-PRESERVE-IN-PLACE,source-frozen
git@github.com:tumlinso/CellShard.git,main,b9749ad3e5146a04f847533d8c6f1a54146aed20,todos/cs-jbc-ig09.md,9e02fe132a30e94f6d300fb4847874c943a772cb5d2fb20d24d6cd626fa07d34,756,preserve in place,CellShard:todos/cs-jbc-ig09.md,CE-CCP1-A02-012,CE-CCP1-A02-012-GATE,JBC-PROV-PRESERVE-IN-PLACE,source-frozen
git@github.com:tumlinso/CellShard.git,main,b9749ad3e5146a04f847533d8c6f1a54146aed20,todos/cs-jbc-ig10.md,561efafe5b7bad99a7425d64f67d04d6003ef3b082ab9b60ec7676d037ef79f5,690,preserve in place,CellShard:todos/cs-jbc-ig10.md,CE-CCP1-A02-012,CE-CCP1-A02-012-GATE,JBC-PROV-PRESERVE-IN-PLACE,source-frozen
git@github.com:tumlinso/CellShard.git,main,b9749ad3e5146a04f847533d8c6f1a54146aed20,todos/cs-jbc-mf01.md,30fbff04284797e1798b887feb61a04ab049f0097cf24d9cf174d3786865f7f6,727,preserve in place,CellShard:todos/cs-jbc-mf01.md,CE-CCP1-A02-012,CE-CCP1-A02-012-GATE,JBC-PROV-PRESERVE-IN-PLACE,source-frozen
git@github.com:tumlinso/CellShard.git,main,b9749ad3e5146a04f847533d8c6f1a54146aed20,todos/cs-jbc-mf02.md,be409cd40035b1d2329a02cc2b009a7a9fad6450f36b04cde7e4f8a69dedcb0d,735,preserve in place,CellShard:todos/cs-jbc-mf02.md,CE-CCP1-A02-012,CE-CCP1-A02-012-GATE,JBC-PROV-PRESERVE-IN-PLACE,source-frozen
git@github.com:tumlinso/CellShard.git,main,b9749ad3e5146a04f847533d8c6f1a54146aed20,todos/cs-jbc-mf03.md,e921889914e9baae8aab2511c4411dd2ced1b1b89fb7b123a62cedeae5001f0c,731,preserve in place,CellShard:todos/cs-jbc-mf03.md,CE-CCP1-A02-012,CE-CCP1-A02-012-GATE,JBC-PROV-PRESERVE-IN-PLACE,source-frozen
git@github.com:tumlinso/CellShard.git,main,b9749ad3e5146a04f847533d8c6f1a54146aed20,todos/cs-jbc-mf04.md,76c395360b7039f0bcb1b6c373069272a00cc07771c152d2f761d631ae1a5a7e,765,preserve in place,CellShard:todos/cs-jbc-mf04.md,CE-CCP1-A02-012,CE-CCP1-A02-012-GATE,JBC-PROV-PRESERVE-IN-PLACE,source-frozen
git@github.com:tumlinso/CellShard.git,main,b9749ad3e5146a04f847533d8c6f1a54146aed20,todos/cs-jbc-mf05.md,74d273161fa4fa6d8110493acca45c1dd47a59439159551d255c2f96f23e4d1e,743,preserve in place,CellShard:todos/cs-jbc-mf05.md,CE-CCP1-A02-012,CE-CCP1-A02-012-GATE,JBC-PROV-PRESERVE-IN-PLACE,source-frozen
git@github.com:tumlinso/CellShard.git,main,b9749ad3e5146a04f847533d8c6f1a54146aed20,todos/cs-jbc-mf06.md,1bc06d7988463ebe1ce10d2ae382a7ff2d75ab7f42bcb85f1e1a6687c0333ad9,749,preserve in place,CellShard:todos/cs-jbc-mf06.md,CE-CCP1-A02-012,CE-CCP1-A02-012-GATE,JBC-PROV-PRESERVE-IN-PLACE,source-frozen
git@github.com:tumlinso/CellShard.git,main,b9749ad3e5146a04f847533d8c6f1a54146aed20,todos/cs-jbc-mf07.md,97cc5f63e1b4a4a7a0447149308d245f80efb098214c7c626d7c311cd4fe5e1f,749,preserve in place,CellShard:todos/cs-jbc-mf07.md,CE-CCP1-A02-012,CE-CCP1-A02-012-GATE,JBC-PROV-PRESERVE-IN-PLACE,source-frozen
git@github.com:tumlinso/CellShard.git,main,b9749ad3e5146a04f847533d8c6f1a54146aed20,todos/cs-jbc-mf08.md,2bb8e62c6325b7028df21b2cbc6849fac883bb77e280a9223eab8a1767193552,753,preserve in place,CellShard:todos/cs-jbc-mf08.md,CE-CCP1-A02-012,CE-CCP1-A02-012-GATE,JBC-PROV-PRESERVE-IN-PLACE,source-frozen
git@github.com:tumlinso/CellShard.git,main,b9749ad3e5146a04f847533d8c6f1a54146aed20,todos/cs-jbc-mm01.md,5f32e12db56cbe4146255a23d8baf3810c925e3538e3674e946763808b451e91,758,preserve in place,CellShard:todos/cs-jbc-mm01.md,CE-CCP1-A02-012,CE-CCP1-A02-012-GATE,JBC-PROV-PRESERVE-IN-PLACE,source-frozen
git@github.com:tumlinso/CellShard.git,main,b9749ad3e5146a04f847533d8c6f1a54146aed20,todos/cs-jbc-mm02.md,825fc598853a22f7f6aba296bc596b6a9c5cb01c1dfde5a087e348eebe4edad2,750,preserve in place,CellShard:todos/cs-jbc-mm02.md,CE-CCP1-A02-012,CE-CCP1-A02-012-GATE,JBC-PROV-PRESERVE-IN-PLACE,source-frozen
git@github.com:tumlinso/CellShard.git,main,b9749ad3e5146a04f847533d8c6f1a54146aed20,todos/cs-jbc-mm03.md,76cbf2b4a92b7f23238fda85c8d34d6dba586e738ef35a3d6a34530233207a85,728,preserve in place,CellShard:todos/cs-jbc-mm03.md,CE-CCP1-A02-012,CE-CCP1-A02-012-GATE,JBC-PROV-PRESERVE-IN-PLACE,source-frozen
git@github.com:tumlinso/CellShard.git,main,b9749ad3e5146a04f847533d8c6f1a54146aed20,todos/cs-jbc-mm04.md,3097e65abead196fefd99ae3e48d0528d2f6237547f136542faa631f8a20da85,742,preserve in place,CellShard:todos/cs-jbc-mm04.md,CE-CCP1-A02-012,CE-CCP1-A02-012-GATE,JBC-PROV-PRESERVE-IN-PLACE,source-frozen
git@github.com:tumlinso/CellShard.git,main,b9749ad3e5146a04f847533d8c6f1a54146aed20,todos/cs-jbc-mm05.md,8e56cbd7f03d92d28f8cc1b82e08ded811a55686d068328917189c997b922cef,734,preserve in place,CellShard:todos/cs-jbc-mm05.md,CE-CCP1-A02-012,CE-CCP1-A02-012-GATE,JBC-PROV-PRESERVE-IN-PLACE,source-frozen
git@github.com:tumlinso/CellShard.git,main,b9749ad3e5146a04f847533d8c6f1a54146aed20,todos/cs-jbc-mm06.md,786410d5b7bf00de557b82babb0faa43326e7e4144ac086123dd42a4944122a2,740,preserve in place,CellShard:todos/cs-jbc-mm06.md,CE-CCP1-A02-012,CE-CCP1-A02-012-GATE,JBC-PROV-PRESERVE-IN-PLACE,source-frozen
git@github.com:tumlinso/CellShard.git,main,b9749ad3e5146a04f847533d8c6f1a54146aed20,todos/cs-jbc-mm07.md,d4dc50c388f351ded52adaed7d1b0ba286734c11fc9b34cf33355c5233932343,724,preserve in place,CellShard:todos/cs-jbc-mm07.md,CE-CCP1-A02-012,CE-CCP1-A02-012-GATE,JBC-PROV-PRESERVE-IN-PLACE,source-frozen
git@github.com:tumlinso/CellShard.git,main,b9749ad3e5146a04f847533d8c6f1a54146aed20,todos/cs-jbc-mm08.md,84cbb1ba9b68a940c46799eccdab8b22c41626db9f43fd38c41e571dbc232675,740,preserve in place,CellShard:todos/cs-jbc-mm08.md,CE-CCP1-A02-012,CE-CCP1-A02-012-GATE,JBC-PROV-PRESERVE-IN-PLACE,source-frozen
git@github.com:tumlinso/CellShard.git,main,b9749ad3e5146a04f847533d8c6f1a54146aed20,todos/cs-jbc-mm09.md,0c6b0053af90b5043ac573667592dd224bf5c1a36cbe9f7e5837f2c613d006f8,730,preserve in place,CellShard:todos/cs-jbc-mm09.md,CE-CCP1-A02-012,CE-CCP1-A02-012-GATE,JBC-PROV-PRESERVE-IN-PLACE,source-frozen
git@github.com:tumlinso/CellShard.git,main,b9749ad3e5146a04f847533d8c6f1a54146aed20,todos/cs-jbc-mm10.md,6b6bec6c658c881c093144359aac55ecee3d965f2c2c936d0940fb4299d59349,732,preserve in place,CellShard:todos/cs-jbc-mm10.md,CE-CCP1-A02-012,CE-CCP1-A02-012-GATE,JBC-PROV-PRESERVE-IN-PLACE,source-frozen
git@github.com:tumlinso/CellShard.git,main,b9749ad3e5146a04f847533d8c6f1a54146aed20,todos/cs-jbc-o01.md,fc7237577f852300f00b25ac1d699335305e3283b8790fe875ccce7981806508,723,preserve in place,CellShard:todos/cs-jbc-o01.md,CE-CCP1-A02-012,CE-CCP1-A02-012-GATE,JBC-PROV-PRESERVE-IN-PLACE,source-frozen
git@github.com:tumlinso/CellShard.git,main,b9749ad3e5146a04f847533d8c6f1a54146aed20,todos/cs-jbc-o02.md,c98580cb8a4ac5739696bf546de71dc40fcbf2c7d7aa171d5465f3f840899678,719,preserve in place,CellShard:todos/cs-jbc-o02.md,CE-CCP1-A02-012,CE-CCP1-A02-012-GATE,JBC-PROV-PRESERVE-IN-PLACE,source-frozen
git@github.com:tumlinso/CellShard.git,main,b9749ad3e5146a04f847533d8c6f1a54146aed20,todos/cs-jbc-o03.md,8b2b1fd209dd596589b57d5a2fa56db4a818ba52798dcf09252dfc62b5b3c5ff,675,preserve in place,CellShard:todos/cs-jbc-o03.md,CE-CCP1-A02-012,CE-CCP1-A02-012-GATE,JBC-PROV-PRESERVE-IN-PLACE,source-frozen
git@github.com:tumlinso/CellShard.git,main,b9749ad3e5146a04f847533d8c6f1a54146aed20,todos/cs-jbc-o04.md,14413cf3c9fbe348dcfe0b10ec243ba33cc0176680af9c74b8e24c78efecadf3,689,preserve in place,CellShard:todos/cs-jbc-o04.md,CE-CCP1-A02-012,CE-CCP1-A02-012-GATE,JBC-PROV-PRESERVE-IN-PLACE,source-frozen
git@github.com:tumlinso/CellShard.git,main,b9749ad3e5146a04f847533d8c6f1a54146aed20,todos/cs-jbc-o05.md,eda6a754a863d7a8f79a927a436c3e38882fd140f6c7494407c335c9311c266a,675,preserve in place,CellShard:todos/cs-jbc-o05.md,CE-CCP1-A02-012,CE-CCP1-A02-012-GATE,JBC-PROV-PRESERVE-IN-PLACE,source-frozen
git@github.com:tumlinso/CellShard.git,main,b9749ad3e5146a04f847533d8c6f1a54146aed20,todos/cs-jbc-o06.md,c11776d5d36ff93112808434d1d380fb04f8206f38360c38195bcd02e03a138b,689,preserve in place,CellShard:todos/cs-jbc-o06.md,CE-CCP1-A02-012,CE-CCP1-A02-012-GATE,JBC-PROV-PRESERVE-IN-PLACE,source-frozen
git@github.com:tumlinso/CellShard.git,main,b9749ad3e5146a04f847533d8c6f1a54146aed20,todos/cs-jbc-o07.md,6adc3a1ae88c16e2abea6df3512272490fe82a216544098b469e963d5e360ddf,685,preserve in place,CellShard:todos/cs-jbc-o07.md,CE-CCP1-A02-012,CE-CCP1-A02-012-GATE,JBC-PROV-PRESERVE-IN-PLACE,source-frozen
git@github.com:tumlinso/CellShard.git,main,b9749ad3e5146a04f847533d8c6f1a54146aed20,todos/cs-jbc-o08.md,df97c187044c5e4fed3e94aae1d153776acce9fd666fcfe331346c1d60b8028c,663,preserve in place,CellShard:todos/cs-jbc-o08.md,CE-CCP1-A02-012,CE-CCP1-A02-012-GATE,JBC-PROV-PRESERVE-IN-PLACE,source-frozen
git@github.com:tumlinso/CellShard.git,main,b9749ad3e5146a04f847533d8c6f1a54146aed20,todos/cs-jbc-o09.md,682d935be810f1270ddc9c112b4caee15b4d12bcc1ae97c9f385c0b45f751d11,673,preserve in place,CellShard:todos/cs-jbc-o09.md,CE-CCP1-A02-012,CE-CCP1-A02-012-GATE,JBC-PROV-PRESERVE-IN-PLACE,source-frozen
git@github.com:tumlinso/CellShard.git,main,b9749ad3e5146a04f847533d8c6f1a54146aed20,todos/cs-jbc-o10.md,9921ea492bc61416503d88be2281c1f071eaae50842ec047d579ede67bc4f90c,661,preserve in place,CellShard:todos/cs-jbc-o10.md,CE-CCP1-A02-012,CE-CCP1-A02-012-GATE,JBC-PROV-PRESERVE-IN-PLACE,source-frozen
git@github.com:tumlinso/CellShard.git,main,b9749ad3e5146a04f847533d8c6f1a54146aed20,todos/cs-jbc-o11.md,341a97c94d47df1401671e4805710d723cc210d789d53c8fe762cfdf53e5bf4e,677,preserve in place,CellShard:todos/cs-jbc-o11.md,CE-CCP1-A02-012,CE-CCP1-A02-012-GATE,JBC-PROV-PRESERVE-IN-PLACE,source-frozen
git@github.com:tumlinso/CellShard.git,main,b9749ad3e5146a04f847533d8c6f1a54146aed20,todos/cs-jbc-o12.md,8cc2194719a6233cf6f2b74506ce93cae96de277baabfc1b734b4a0326530b46,681,preserve in place,CellShard:todos/cs-jbc-o12.md,CE-CCP1-A02-012,CE-CCP1-A02-012-GATE,JBC-PROV-PRESERVE-IN-PLACE,source-frozen
git@github.com:tumlinso/CellShard.git,main,b9749ad3e5146a04f847533d8c6f1a54146aed20,todos/cs-jbc-o13.md,0dfc41d305faaf6f3d6a28cba00f23b73c3dcf5593ee809cd5a5f2e46db732dd,675,preserve in place,CellShard:todos/cs-jbc-o13.md,CE-CCP1-A02-012,CE-CCP1-A02-012-GATE,JBC-PROV-PRESERVE-IN-PLACE,source-frozen
git@github.com:tumlinso/CellShard.git,main,b9749ad3e5146a04f847533d8c6f1a54146aed20,todos/cs-jbc-o14.md,27a3a36628ea743f8f3671a8ccac466cf48f37de35364b90750a66267f56cf58,661,preserve in place,CellShard:todos/cs-jbc-o14.md,CE-CCP1-A02-012,CE-CCP1-A02-012-GATE,JBC-PROV-PRESERVE-IN-PLACE,source-frozen
git@github.com:tumlinso/CellShard.git,main,b9749ad3e5146a04f847533d8c6f1a54146aed20,todos/cs-jbc-o15.md,f0bd1364dd7f0b1b91f6279506a5f291a5ba85a24f88718a7531968da3f63a5e,671,preserve in place,CellShard:todos/cs-jbc-o15.md,CE-CCP1-A02-012,CE-CCP1-A02-012-GATE,JBC-PROV-PRESERVE-IN-PLACE,source-frozen
git@github.com:tumlinso/CellShard.git,main,b9749ad3e5146a04f847533d8c6f1a54146aed20,todos/cs-jbc-o16.md,346efda67ff8da0bc864fa3ed57bb5891e795ad806144a627a52167e1378e4f4,667,preserve in place,CellShard:todos/cs-jbc-o16.md,CE-CCP1-A02-012,CE-CCP1-A02-012-GATE,JBC-PROV-PRESERVE-IN-PLACE,source-frozen
git@github.com:tumlinso/CellShard.git,main,b9749ad3e5146a04f847533d8c6f1a54146aed20,todos/cs-jbc-o17.md,0c87671dfc186b0dfde8d541c415e60275f8c2e5265ce724e3efca9d03d8ed49,681,preserve in place,CellShard:todos/cs-jbc-o17.md,CE-CCP1-A02-012,CE-CCP1-A02-012-GATE,JBC-PROV-PRESERVE-IN-PLACE,source-frozen
git@github.com:tumlinso/CellShard.git,main,b9749ad3e5146a04f847533d8c6f1a54146aed20,todos/cs-jbc-o18.md,f82232abcd3fb504d3cec4fddb58d6309a9a461865fcfe327a94bbbec163a71d,683,preserve in place,CellShard:todos/cs-jbc-o18.md,CE-CCP1-A02-012,CE-CCP1-A02-012-GATE,JBC-PROV-PRESERVE-IN-PLACE,source-frozen
git@github.com:tumlinso/CellShard.git,main,b9749ad3e5146a04f847533d8c6f1a54146aed20,todos/cs-jbc-o19.md,ba83b653297fe521228ce70bdfd00383d0fb2cfb2d9140f7cfccbd8f61cb8889,671,preserve in place,CellShard:todos/cs-jbc-o19.md,CE-CCP1-A02-012,CE-CCP1-A02-012-GATE,JBC-PROV-PRESERVE-IN-PLACE,source-frozen
git@github.com:tumlinso/CellShard.git,main,b9749ad3e5146a04f847533d8c6f1a54146aed20,todos/cs-jbc-o20.md,b3467781e856c5e043fb0e783c77059efcdd54c7273b6dfcb6245bf0376ea05b,681,preserve in place,CellShard:todos/cs-jbc-o20.md,CE-CCP1-A02-012,CE-CCP1-A02-012-GATE,JBC-PROV-PRESERVE-IN-PLACE,source-frozen
git@github.com:tumlinso/CellShard.git,main,b9749ad3e5146a04f847533d8c6f1a54146aed20,todos/cs-jbc-o21.md,4691b4fc9d1e70bc88c9203bebcf1ccf0d2b1095e18ad1b9a65530c72c99cd06,699,preserve in place,CellShard:todos/cs-jbc-o21.md,CE-CCP1-A02-012,CE-CCP1-A02-012-GATE,JBC-PROV-PRESERVE-IN-PLACE,source-frozen
git@github.com:tumlinso/CellShard.git,main,b9749ad3e5146a04f847533d8c6f1a54146aed20,todos/cs-jbc-o22.md,8e1df52d0476193674df5401ddddab33c146102c808fd6a682b1392ee635b7cd,677,preserve in place,CellShard:todos/cs-jbc-o22.md,CE-CCP1-A02-012,CE-CCP1-A02-012-GATE,JBC-PROV-PRESERVE-IN-PLACE,source-frozen
git@github.com:tumlinso/CellShard.git,main,b9749ad3e5146a04f847533d8c6f1a54146aed20,todos/cs-jbc-o23.md,9315846da1982a32a9d707698e9364f20ac7e05eba5488041f0d7a3481f7bd8e,715,preserve in place,CellShard:todos/cs-jbc-o23.md,CE-CCP1-A02-012,CE-CCP1-A02-012-GATE,JBC-PROV-PRESERVE-IN-PLACE,source-frozen
git@github.com:tumlinso/CellShard.git,main,b9749ad3e5146a04f847533d8c6f1a54146aed20,todos/cs-jbc-o24.md,837d1329cc09e5350f921efb7012246cd3996f8a1984b91cee54b9873f1ffa92,721,preserve in place,CellShard:todos/cs-jbc-o24.md,CE-CCP1-A02-012,CE-CCP1-A02-012-GATE,JBC-PROV-PRESERVE-IN-PLACE,source-frozen
git@github.com:tumlinso/CellShard.git,main,b9749ad3e5146a04f847533d8c6f1a54146aed20,todos/cs-jbc-oc01.md,53859c40ca872d7252604d6bcd91ff699447d118b968a54fb5f3c1e3ca887783,767,preserve in place,CellShard:todos/cs-jbc-oc01.md,CE-CCP1-A02-012,CE-CCP1-A02-012-GATE,JBC-PROV-PRESERVE-IN-PLACE,source-frozen
git@github.com:tumlinso/CellShard.git,main,b9749ad3e5146a04f847533d8c6f1a54146aed20,todos/cs-jbc-oc02.md,ebee761b971b0d53d90cc78c14075ec84182d448c9853310dad85f56dd2c21fe,739,preserve in place,CellShard:todos/cs-jbc-oc02.md,CE-CCP1-A02-012,CE-CCP1-A02-012-GATE,JBC-PROV-PRESERVE-IN-PLACE,source-frozen
git@github.com:tumlinso/CellShard.git,main,b9749ad3e5146a04f847533d8c6f1a54146aed20,todos/cs-jbc-oc03.md,37f0f599fc4bb25b6346f1143d80aac7a66f967f7318ea0e95ed5e3781216214,741,preserve in place,CellShard:todos/cs-jbc-oc03.md,CE-CCP1-A02-012,CE-CCP1-A02-012-GATE,JBC-PROV-PRESERVE-IN-PLACE,source-frozen
git@github.com:tumlinso/CellShard.git,main,b9749ad3e5146a04f847533d8c6f1a54146aed20,todos/cs-jbc-oc04.md,c030624ca6ddee9f9b740b4667cd81eae93dde22a59688e84e055b3d9d935e5a,731,preserve in place,CellShard:todos/cs-jbc-oc04.md,CE-CCP1-A02-012,CE-CCP1-A02-012-GATE,JBC-PROV-PRESERVE-IN-PLACE,source-frozen
git@github.com:tumlinso/CellShard.git,main,b9749ad3e5146a04f847533d8c6f1a54146aed20,todos/cs-jbc-oc05.md,76d95322b911c8268913a25cc979bcd619b565508d70611db93f91f54de7cdd2,759,preserve in place,CellShard:todos/cs-jbc-oc05.md,CE-CCP1-A02-012,CE-CCP1-A02-012-GATE,JBC-PROV-PRESERVE-IN-PLACE,source-frozen
git@github.com:tumlinso/CellShard.git,main,b9749ad3e5146a04f847533d8c6f1a54146aed20,todos/cs-jbc-oc06.md,2fac78b05d9cf92815ba876aea296f9d78b76ae8b9e4663406251794d272beb3,763,preserve in place,CellShard:todos/cs-jbc-oc06.md,CE-CCP1-A02-012,CE-CCP1-A02-012-GATE,JBC-PROV-PRESERVE-IN-PLACE,source-frozen
git@github.com:tumlinso/CellShard.git,main,b9749ad3e5146a04f847533d8c6f1a54146aed20,todos/cs-jbc-ot01.md,30229d688c68046a47056a054e7edaadb4ca78c5561e243d208cc48e926ecf20,774,preserve in place,CellShard:todos/cs-jbc-ot01.md,CE-CCP1-A02-012,CE-CCP1-A02-012-GATE,JBC-PROV-PRESERVE-IN-PLACE,source-frozen
git@github.com:tumlinso/CellShard.git,main,b9749ad3e5146a04f847533d8c6f1a54146aed20,todos/cs-jbc-ot02.md,575912e95d5a61f0511664dfe2a5bad052cb75637a3bb3444173e46fa1b35680,762,preserve in place,CellShard:todos/cs-jbc-ot02.md,CE-CCP1-A02-012,CE-CCP1-A02-012-GATE,JBC-PROV-PRESERVE-IN-PLACE,source-frozen
git@github.com:tumlinso/CellShard.git,main,b9749ad3e5146a04f847533d8c6f1a54146aed20,todos/cs-jbc-ot03.md,9b6343a87aef5a3cc63dd0598f72204b013c67e37a0e063f7935f865f44d15be,764,preserve in place,CellShard:todos/cs-jbc-ot03.md,CE-CCP1-A02-012,CE-CCP1-A02-012-GATE,JBC-PROV-PRESERVE-IN-PLACE,source-frozen
git@github.com:tumlinso/CellShard.git,main,b9749ad3e5146a04f847533d8c6f1a54146aed20,todos/cs-jbc-ot04.md,771f31b1c71350068806b58e2c29c288b71c55ca7b8efc2e6bebffd41e8ea6a8,740,preserve in place,CellShard:todos/cs-jbc-ot04.md,CE-CCP1-A02-012,CE-CCP1-A02-012-GATE,JBC-PROV-PRESERVE-IN-PLACE,source-frozen
git@github.com:tumlinso/CellShard.git,main,b9749ad3e5146a04f847533d8c6f1a54146aed20,todos/cs-jbc-ot05.md,b32d1c38345267bb408056b0109a0ab8a8d81f8a7ae019e99db70b90343e65d8,736,preserve in place,CellShard:todos/cs-jbc-ot05.md,CE-CCP1-A02-012,CE-CCP1-A02-012-GATE,JBC-PROV-PRESERVE-IN-PLACE,source-frozen
git@github.com:tumlinso/CellShard.git,main,b9749ad3e5146a04f847533d8c6f1a54146aed20,todos/cs-jbc-ot06.md,40bbbbd945999e441aba657fc10b2321187fee088f503c32fc53c57bf4012a4b,744,preserve in place,CellShard:todos/cs-jbc-ot06.md,CE-CCP1-A02-012,CE-CCP1-A02-012-GATE,JBC-PROV-PRESERVE-IN-PLACE,source-frozen
git@github.com:tumlinso/CellShard.git,main,b9749ad3e5146a04f847533d8c6f1a54146aed20,todos/cs-jbc-ot07.md,9c26b9e95d33cab680f26dcd5779a6a54d63fd332cc53e954cb3085d0bbfc37a,774,preserve in place,CellShard:todos/cs-jbc-ot07.md,CE-CCP1-A02-012,CE-CCP1-A02-012-GATE,JBC-PROV-PRESERVE-IN-PLACE,source-frozen
git@github.com:tumlinso/CellShard.git,main,b9749ad3e5146a04f847533d8c6f1a54146aed20,todos/cs-jbc-ot08.md,d5447c3ddcb9b72b1625cead34fcce81668808271562eaf38dd17ec8f9f071a0,766,preserve in place,CellShard:todos/cs-jbc-ot08.md,CE-CCP1-A02-012,CE-CCP1-A02-012-GATE,JBC-PROV-PRESERVE-IN-PLACE,source-frozen
git@github.com:tumlinso/CellShard.git,main,b9749ad3e5146a04f847533d8c6f1a54146aed20,todos/cs-jbc-pp01.md,6157f2b83e424d653ecffc8a23fa471bce20dfdae6d3d4fe71a3971e5470e2c8,723,preserve in place,CellShard:todos/cs-jbc-pp01.md,CE-CCP1-A02-012,CE-CCP1-A02-012-GATE,JBC-PROV-PRESERVE-IN-PLACE,source-frozen
git@github.com:tumlinso/CellShard.git,main,b9749ad3e5146a04f847533d8c6f1a54146aed20,todos/cs-jbc-pp02.md,dea9e44fe325cfc8a3b3c7fcbbb087308a16dd7de37c99a63e905159db00ec33,736,preserve in place,CellShard:todos/cs-jbc-pp02.md,CE-CCP1-A02-012,CE-CCP1-A02-012-GATE,JBC-PROV-PRESERVE-IN-PLACE,source-frozen
git@github.com:tumlinso/CellShard.git,main,b9749ad3e5146a04f847533d8c6f1a54146aed20,todos/cs-jbc-pp03.md,d6c52cc8e73f2300a53d3ff4e355a05ea59572a945ef69a6452bb310314841a3,706,preserve in place,CellShard:todos/cs-jbc-pp03.md,CE-CCP1-A02-012,CE-CCP1-A02-012-GATE,JBC-PROV-PRESERVE-IN-PLACE,source-frozen
git@github.com:tumlinso/CellShard.git,main,b9749ad3e5146a04f847533d8c6f1a54146aed20,todos/cs-jbc-pp04.md,2bdac45e8413522fa78af5440ff419519112a74bb72303151f08fd60901fc52e,704,preserve in place,CellShard:todos/cs-jbc-pp04.md,CE-CCP1-A02-012,CE-CCP1-A02-012-GATE,JBC-PROV-PRESERVE-IN-PLACE,source-frozen
git@github.com:tumlinso/CellShard.git,main,b9749ad3e5146a04f847533d8c6f1a54146aed20,todos/cs-jbc-pp05.md,fbf183eea0bee81a7b2e3ab3f0e7c26c42fbf1b73b40bb92baeaf6222e6bbe20,720,preserve in place,CellShard:todos/cs-jbc-pp05.md,CE-CCP1-A02-012,CE-CCP1-A02-012-GATE,JBC-PROV-PRESERVE-IN-PLACE,source-frozen
git@github.com:tumlinso/CellShard.git,main,b9749ad3e5146a04f847533d8c6f1a54146aed20,todos/cs-jbc-pp06.md,ce26b4d6ea8dca6706999d3d1e3a5337067aeda149658ce8a72cdeb60b79b0db,700,preserve in place,CellShard:todos/cs-jbc-pp06.md,CE-CCP1-A02-012,CE-CCP1-A02-012-GATE,JBC-PROV-PRESERVE-IN-PLACE,source-frozen
git@github.com:tumlinso/CellShard.git,main,b9749ad3e5146a04f847533d8c6f1a54146aed20,todos/cs-jbc-pp07.md,148f192a618abd2c4b3deae3a3d28696d03631d2df1df7fe53322fc76cc3edff,708,preserve in place,CellShard:todos/cs-jbc-pp07.md,CE-CCP1-A02-012,CE-CCP1-A02-012-GATE,JBC-PROV-PRESERVE-IN-PLACE,source-frozen
git@github.com:tumlinso/CellShard.git,main,b9749ad3e5146a04f847533d8c6f1a54146aed20,todos/cs-jbc-pp08.md,b2e2af2870b5d69eace386eb68b0c85e0fbfa905eae393b68e09989bb7924590,700,preserve in place,CellShard:todos/cs-jbc-pp08.md,CE-CCP1-A02-012,CE-CCP1-A02-012-GATE,JBC-PROV-PRESERVE-IN-PLACE,source-frozen
git@github.com:tumlinso/CellShard.git,main,b9749ad3e5146a04f847533d8c6f1a54146aed20,todos/cs-jbc-pp09.md,d88d1be750a09ff3802ecc8544a45affc9b3ecf788a1ee9132fd529814918e5a,716,preserve in place,CellShard:todos/cs-jbc-pp09.md,CE-CCP1-A02-012,CE-CCP1-A02-012-GATE,JBC-PROV-PRESERVE-IN-PLACE,source-frozen
git@github.com:tumlinso/CellShard.git,main,b9749ad3e5146a04f847533d8c6f1a54146aed20,todos/cs-jbc-pp10.md,ae15cbc9b7a75a27a7456ae20144b21e5a0dca436ae1d49b4e7f30c232f91449,740,preserve in place,CellShard:todos/cs-jbc-pp10.md,CE-CCP1-A02-012,CE-CCP1-A02-012-GATE,JBC-PROV-PRESERVE-IN-PLACE,source-frozen
git@github.com:tumlinso/CellShard.git,main,b9749ad3e5146a04f847533d8c6f1a54146aed20,todos/cs-jbc-pp11.md,6b80a1f84d62c66456c32b19a04d3dc1acb9d0254cde48959d6baf4c49b94873,714,preserve in place,CellShard:todos/cs-jbc-pp11.md,CE-CCP1-A02-012,CE-CCP1-A02-012-GATE,JBC-PROV-PRESERVE-IN-PLACE,source-frozen
git@github.com:tumlinso/CellShard.git,main,b9749ad3e5146a04f847533d8c6f1a54146aed20,todos/cs-jbc-pp12.md,6168957b3f12c96ec034e2e53e12837a4f4949af96e2d1b21c606de0beab22fe,722,preserve in place,CellShard:todos/cs-jbc-pp12.md,CE-CCP1-A02-012,CE-CCP1-A02-012-GATE,JBC-PROV-PRESERVE-IN-PLACE,source-frozen
git@github.com:tumlinso/CellShard.git,main,b9749ad3e5146a04f847533d8c6f1a54146aed20,todos/cs-jbc-pp13.md,9ce736a7158f12218ee60a1170e9ea8c766c79cfc5b2e79366ceffaf5a6371ed,722,preserve in place,CellShard:todos/cs-jbc-pp13.md,CE-CCP1-A02-012,CE-CCP1-A02-012-GATE,JBC-PROV-PRESERVE-IN-PLACE,source-frozen
git@github.com:tumlinso/CellShard.git,main,b9749ad3e5146a04f847533d8c6f1a54146aed20,todos/cs-jbc-pp14.md,ad49537360f138fccb358c471a49d7157361edf9d8990248e264a3848260fdcc,730,preserve in place,CellShard:todos/cs-jbc-pp14.md,CE-CCP1-A02-012,CE-CCP1-A02-012-GATE,JBC-PROV-PRESERVE-IN-PLACE,source-frozen
git@github.com:tumlinso/CellShard.git,main,b9749ad3e5146a04f847533d8c6f1a54146aed20,todos/cs-jbc-pp15.md,15a8ea505453b73c89763c45b60a54edc0eba05a91a8130c0d625bf4dc0081bd,714,preserve in place,CellShard:todos/cs-jbc-pp15.md,CE-CCP1-A02-012,CE-CCP1-A02-012-GATE,JBC-PROV-PRESERVE-IN-PLACE,source-frozen
git@github.com:tumlinso/CellShard.git,main,b9749ad3e5146a04f847533d8c6f1a54146aed20,todos/cs-jbc-pp16.md,8b545103c387586fe4a0ee3ce315850864b2af291f5b56cd3df95e18520529d3,716,preserve in place,CellShard:todos/cs-jbc-pp16.md,CE-CCP1-A02-012,CE-CCP1-A02-012-GATE,JBC-PROV-PRESERVE-IN-PLACE,source-frozen
git@github.com:tumlinso/CellShard.git,main,b9749ad3e5146a04f847533d8c6f1a54146aed20,todos/cs-jbc-pp17.md,deec60874f029c5e1aa126859dcbec85fba6f59dec5a09abc1987bd049e6368e,742,preserve in place,CellShard:todos/cs-jbc-pp17.md,CE-CCP1-A02-012,CE-CCP1-A02-012-GATE,JBC-PROV-PRESERVE-IN-PLACE,source-frozen
git@github.com:tumlinso/CellShard.git,main,b9749ad3e5146a04f847533d8c6f1a54146aed20,todos/cs-jbc-pp18.md,70eb0a42b01490a1aff574fc56ed16eaa3d3b4d1adede0d5d9c5a1ed8cd98cc0,726,preserve in place,CellShard:todos/cs-jbc-pp18.md,CE-CCP1-A02-012,CE-CCP1-A02-012-GATE,JBC-PROV-PRESERVE-IN-PLACE,source-frozen
git@github.com:tumlinso/CellShard.git,main,b9749ad3e5146a04f847533d8c6f1a54146aed20,todos/cs-jbc-q01.md,6e3288a2a1ccb7dd4c66955913896c3a157c7dd93852166e5d14b1ad516012d9,841,preserve in place,CellShard:todos/cs-jbc-q01.md,CE-CCP1-A02-012,CE-CCP1-A02-012-GATE,JBC-PROV-PRESERVE-IN-PLACE,source-frozen
git@github.com:tumlinso/CellShard.git,main,b9749ad3e5146a04f847533d8c6f1a54146aed20,todos/cs-jbc-q02.md,079b20e98bf6281456f3ee7a473e8e76420b9957a62453b1323c369d2c277964,808,preserve in place,CellShard:todos/cs-jbc-q02.md,CE-CCP1-A02-012,CE-CCP1-A02-012-GATE,JBC-PROV-PRESERVE-IN-PLACE,source-frozen
git@github.com:tumlinso/CellShard.git,main,b9749ad3e5146a04f847533d8c6f1a54146aed20,todos/cs-jbc-q03.md,b40737f4ec8610916cd6688d59640ee4cad088563750c25d7f1463ffcb899bc0,804,preserve in place,CellShard:todos/cs-jbc-q03.md,CE-CCP1-A02-012,CE-CCP1-A02-012-GATE,JBC-PROV-PRESERVE-IN-PLACE,source-frozen
git@github.com:tumlinso/CellShard.git,main,b9749ad3e5146a04f847533d8c6f1a54146aed20,todos/cs-jbc-q04.md,255b7bad16b6341549a2cfe185953d11f99aa312f4c9d2cdf82a78c6a0b3935e,774,preserve in place,CellShard:todos/cs-jbc-q04.md,CE-CCP1-A02-012,CE-CCP1-A02-012-GATE,JBC-PROV-PRESERVE-IN-PLACE,source-frozen
git@github.com:tumlinso/CellShard.git,main,b9749ad3e5146a04f847533d8c6f1a54146aed20,todos/cs-jbc-q05.md,f441beb1dc808a3ecc030d79dfd1595e00e81223865b36b49813e60ca861d8c2,826,preserve in place,CellShard:todos/cs-jbc-q05.md,CE-CCP1-A02-012,CE-CCP1-A02-012-GATE,JBC-PROV-PRESERVE-IN-PLACE,source-frozen
git@github.com:tumlinso/CellShard.git,main,b9749ad3e5146a04f847533d8c6f1a54146aed20,todos/cs-jbc-q06.md,8bc0b1e94684141c705f9569dabeebf5c428fd5a7ee538204d6c6a483b31ed24,808,preserve in place,CellShard:todos/cs-jbc-q06.md,CE-CCP1-A02-012,CE-CCP1-A02-012-GATE,JBC-PROV-PRESERVE-IN-PLACE,source-frozen
git@github.com:tumlinso/CellShard.git,main,b9749ad3e5146a04f847533d8c6f1a54146aed20,todos/cs-jbc-q07.md,e0aea1140ac54a8c086fd8bb6fca725e21c44aaad40b065bb4728215d5962811,806,preserve in place,CellShard:todos/cs-jbc-q07.md,CE-CCP1-A02-012,CE-CCP1-A02-012-GATE,JBC-PROV-PRESERVE-IN-PLACE,source-frozen
git@github.com:tumlinso/CellShard.git,main,b9749ad3e5146a04f847533d8c6f1a54146aed20,todos/cs-jbc-q08.md,1f78c4a0856a8ee6bcd4011b92cca35c605636e46cb51a87936778ba22a5739c,792,preserve in place,CellShard:todos/cs-jbc-q08.md,CE-CCP1-A02-012,CE-CCP1-A02-012-GATE,JBC-PROV-PRESERVE-IN-PLACE,source-frozen
git@github.com:tumlinso/CellShard.git,main,b9749ad3e5146a04f847533d8c6f1a54146aed20,todos/cs-jbc-q09.md,2de8b3e8bdb9cc82ec9d016e858a251ce41d85ce2fa9e1fb66412707e5aa8169,840,preserve in place,CellShard:todos/cs-jbc-q09.md,CE-CCP1-A02-012,CE-CCP1-A02-012-GATE,JBC-PROV-PRESERVE-IN-PLACE,source-frozen
git@github.com:tumlinso/CellShard.git,main,b9749ad3e5146a04f847533d8c6f1a54146aed20,todos/cs-jbc-q10.md,0eda98efc2d27127727bd59f62f4cfb1cff3e0e4fe060598b06eb124947fcd2b,794,preserve in place,CellShard:todos/cs-jbc-q10.md,CE-CCP1-A02-012,CE-CCP1-A02-012-GATE,JBC-PROV-PRESERVE-IN-PLACE,source-frozen
git@github.com:tumlinso/CellShard.git,main,b9749ad3e5146a04f847533d8c6f1a54146aed20,todos/cs-jbc-q11.md,252d2d6037020175ff9c74e3c5ea3f0bdab09723aef3545f52a582cdab67fd79,788,preserve in place,CellShard:todos/cs-jbc-q11.md,CE-CCP1-A02-012,CE-CCP1-A02-012-GATE,JBC-PROV-PRESERVE-IN-PLACE,source-frozen
git@github.com:tumlinso/CellShard.git,main,b9749ad3e5146a04f847533d8c6f1a54146aed20,todos/cs-jbc-q12.md,e7fe2594f69bc746484be4c893e61b0185881da27ff6cbd0f2cae8e49a47b1e7,804,preserve in place,CellShard:todos/cs-jbc-q12.md,CE-CCP1-A02-012,CE-CCP1-A02-012-GATE,JBC-PROV-PRESERVE-IN-PLACE,source-frozen
git@github.com:tumlinso/CellShard.git,main,b9749ad3e5146a04f847533d8c6f1a54146aed20,todos/cs-jbc-q13.md,d143bc8122d3688794f2bcb8252140ebeef866b1d3bdbc34d67d204caa7adba6,814,preserve in place,CellShard:todos/cs-jbc-q13.md,CE-CCP1-A02-012,CE-CCP1-A02-012-GATE,JBC-PROV-PRESERVE-IN-PLACE,source-frozen
git@github.com:tumlinso/CellShard.git,main,b9749ad3e5146a04f847533d8c6f1a54146aed20,todos/cs-jbc-q14.md,5c8ba151384017345f813db68ac838ab6841ae972c9a02a9fec9577085c86617,818,preserve in place,CellShard:todos/cs-jbc-q14.md,CE-CCP1-A02-012,CE-CCP1-A02-012-GATE,JBC-PROV-PRESERVE-IN-PLACE,source-frozen
git@github.com:tumlinso/CellShard.git,main,b9749ad3e5146a04f847533d8c6f1a54146aed20,todos/cs-jbc-rt01.md,552404281f5015f9c12a9fe8fcbd95608f77ee0a382451b43b4477d09e057654,1020,preserve in place,CellShard:todos/cs-jbc-rt01.md,CE-CCP1-A02-012,CE-CCP1-A02-012-GATE,JBC-PROV-PRESERVE-IN-PLACE,source-frozen
git@github.com:tumlinso/CellShard.git,main,b9749ad3e5146a04f847533d8c6f1a54146aed20,todos/cs-jbc-rt02.md,6423d81a0660f29b44adf4cefe1552d55d51ff75b2770b3eb6b09814cd409c6c,1001,preserve in place,CellShard:todos/cs-jbc-rt02.md,CE-CCP1-A02-012,CE-CCP1-A02-012-GATE,JBC-PROV-PRESERVE-IN-PLACE,source-frozen
git@github.com:tumlinso/CellShard.git,main,b9749ad3e5146a04f847533d8c6f1a54146aed20,todos/cs-jbc-rt03.md,86ae469a3bbbec70f07fe168fbd805d176c4f5d8da3c1807483e9bcdd4b4b398,1007,preserve in place,CellShard:todos/cs-jbc-rt03.md,CE-CCP1-A02-012,CE-CCP1-A02-012-GATE,JBC-PROV-PRESERVE-IN-PLACE,source-frozen
git@github.com:tumlinso/CellShard.git,main,b9749ad3e5146a04f847533d8c6f1a54146aed20,todos/cs-jbc-rt04.md,1cb6adc5ebb2da38269ca7b689a70cdbf4a897141f2178aac15d29a07cd14660,1029,preserve in place,CellShard:todos/cs-jbc-rt04.md,CE-CCP1-A02-012,CE-CCP1-A02-012-GATE,JBC-PROV-PRESERVE-IN-PLACE,source-frozen
git@github.com:tumlinso/CellShard.git,main,b9749ad3e5146a04f847533d8c6f1a54146aed20,todos/cs-jbc-rt05.md,be3302e015d5ed1bc5bb24dfa90419516979b899979e5d05c996c24da99af529,1017,preserve in place,CellShard:todos/cs-jbc-rt05.md,CE-CCP1-A02-012,CE-CCP1-A02-012-GATE,JBC-PROV-PRESERVE-IN-PLACE,source-frozen
git@github.com:tumlinso/CellShard.git,main,b9749ad3e5146a04f847533d8c6f1a54146aed20,todos/cs-jbc-rt06.md,dd763781e0a544371b6e9c208f2846d9168a3ad270705dd3c96e7a32f7c9dd0f,1013,preserve in place,CellShard:todos/cs-jbc-rt06.md,CE-CCP1-A02-012,CE-CCP1-A02-012-GATE,JBC-PROV-PRESERVE-IN-PLACE,source-frozen
git@github.com:tumlinso/CellShard.git,main,b9749ad3e5146a04f847533d8c6f1a54146aed20,todos/cs-jbc-rt07.md,66be8af70d3012798ebbd45ce1e14f3739e59c8235abb12da05853fb1a68ab96,1025,preserve in place,CellShard:todos/cs-jbc-rt07.md,CE-CCP1-A02-012,CE-CCP1-A02-012-GATE,JBC-PROV-PRESERVE-IN-PLACE,source-frozen
git@github.com:tumlinso/CellShard.git,main,b9749ad3e5146a04f847533d8c6f1a54146aed20,todos/cs-jbc-rt08.md,1d61ce81c925094e601aa989989e54cc1879259d399ee65394196ac66d2f85de,1011,preserve in place,CellShard:todos/cs-jbc-rt08.md,CE-CCP1-A02-012,CE-CCP1-A02-012-GATE,JBC-PROV-PRESERVE-IN-PLACE,source-frozen
git@github.com:tumlinso/CellShard.git,main,b9749ad3e5146a04f847533d8c6f1a54146aed20,todos/cs-jbc-rt09.md,a3854e31a5e3afbe1c0beb7b1937ae7e16b2df7c2b464f890775f9f51c681648,1005,preserve in place,CellShard:todos/cs-jbc-rt09.md,CE-CCP1-A02-012,CE-CCP1-A02-012-GATE,JBC-PROV-PRESERVE-IN-PLACE,source-frozen
git@github.com:tumlinso/CellShard.git,main,b9749ad3e5146a04f847533d8c6f1a54146aed20,todos/cs-jbc-rt10.md,13b29821ebb53cf77f9fc519fa609032a57ea771f5e04b333eef939f77e6e81d,1027,preserve in place,CellShard:todos/cs-jbc-rt10.md,CE-CCP1-A02-012,CE-CCP1-A02-012-GATE,JBC-PROV-PRESERVE-IN-PLACE,source-frozen
git@github.com:tumlinso/CellShard.git,main,b9749ad3e5146a04f847533d8c6f1a54146aed20,todos/cs-jbc-rt11.md,e28a51405ac825389e09b4a55eba1401708c565a02feda6fa9ce00c4426b6d4d,1023,preserve in place,CellShard:todos/cs-jbc-rt11.md,CE-CCP1-A02-012,CE-CCP1-A02-012-GATE,JBC-PROV-PRESERVE-IN-PLACE,source-frozen
git@github.com:tumlinso/CellShard.git,main,b9749ad3e5146a04f847533d8c6f1a54146aed20,todos/cs-jbc-rt12.md,a353acc5383fe3daf6185495e12059467e197e71de04008fbd5847f6a0e30eb2,1027,preserve in place,CellShard:todos/cs-jbc-rt12.md,CE-CCP1-A02-012,CE-CCP1-A02-012-GATE,JBC-PROV-PRESERVE-IN-PLACE,source-frozen
git@github.com:tumlinso/CellShard.git,main,b9749ad3e5146a04f847533d8c6f1a54146aed20,todos/cs-jbc-rt13.md,d0398c786eb28f4a9c75673b1092b1e19d175eb049ebe47ece45def12208496e,1023,preserve in place,CellShard:todos/cs-jbc-rt13.md,CE-CCP1-A02-012,CE-CCP1-A02-012-GATE,JBC-PROV-PRESERVE-IN-PLACE,source-frozen
git@github.com:tumlinso/CellShard.git,main,b9749ad3e5146a04f847533d8c6f1a54146aed20,todos/cs-jbc-rt14.md,0eeff122eabd16195f02a4d6f3152ab6410b2215bd80965e20132078d97938d6,1021,preserve in place,CellShard:todos/cs-jbc-rt14.md,CE-CCP1-A02-012,CE-CCP1-A02-012-GATE,JBC-PROV-PRESERVE-IN-PLACE,source-frozen
git@github.com:tumlinso/CellShard.git,main,b9749ad3e5146a04f847533d8c6f1a54146aed20,todos/cs-jbc-rt15.md,05dd442bfe9cb74df6a6f18bf5e3b96fc1e4cfe25241a4fdc354c6685106978c,999,preserve in place,CellShard:todos/cs-jbc-rt15.md,CE-CCP1-A02-012,CE-CCP1-A02-012-GATE,JBC-PROV-PRESERVE-IN-PLACE,source-frozen
git@github.com:tumlinso/CellShard.git,main,b9749ad3e5146a04f847533d8c6f1a54146aed20,todos/cs-jbc-rt16.md,af55cb35896300150669a28741d8276eb47ae59410b05401f1de5fbbf2189dc6,995,preserve in place,CellShard:todos/cs-jbc-rt16.md,CE-CCP1-A02-012,CE-CCP1-A02-012-GATE,JBC-PROV-PRESERVE-IN-PLACE,source-frozen
git@github.com:tumlinso/CellShard.git,main,b9749ad3e5146a04f847533d8c6f1a54146aed20,todos/cs-jbc-rt17.md,109e3d0aa12d8684f96982e7acfb5ab5e50f695fb4690eec4677a9f6bd1d0696,973,preserve in place,CellShard:todos/cs-jbc-rt17.md,CE-CCP1-A02-012,CE-CCP1-A02-012-GATE,JBC-PROV-PRESERVE-IN-PLACE,source-frozen
git@github.com:tumlinso/CellShard.git,main,b9749ad3e5146a04f847533d8c6f1a54146aed20,todos/cs-jbc-rt18.md,2da80d899de823fde79fe93adfdf54d354bdeba7983ab4981c55d9df3e7f6607,1029,preserve in place,CellShard:todos/cs-jbc-rt18.md,CE-CCP1-A02-012,CE-CCP1-A02-012-GATE,JBC-PROV-PRESERVE-IN-PLACE,source-frozen
git@github.com:tumlinso/CellShard.git,main,b9749ad3e5146a04f847533d8c6f1a54146aed20,todos/cs-jbc-rt19.md,12a4a6c7169965a8c4aafde690fdae15f3fe74b5d3afb3e196ff3ff120472b1a,1001,preserve in place,CellShard:todos/cs-jbc-rt19.md,CE-CCP1-A02-012,CE-CCP1-A02-012-GATE,JBC-PROV-PRESERVE-IN-PLACE,source-frozen
git@github.com:tumlinso/CellShard.git,main,b9749ad3e5146a04f847533d8c6f1a54146aed20,todos/cs-jbc-rt20.md,c0f5120648d12eccf3167a122b5177147710eb729a8240e57dd6b2c2d33c95e7,1007,preserve in place,CellShard:todos/cs-jbc-rt20.md,CE-CCP1-A02-012,CE-CCP1-A02-012-GATE,JBC-PROV-PRESERVE-IN-PLACE,source-frozen
git@github.com:tumlinso/CellShard.git,main,b9749ad3e5146a04f847533d8c6f1a54146aed20,todos/cs-jbc-rt21.md,17d9d41e92aa3c266eb82b87a4c120aa087efb355044590f13325c4e1938b2b0,1003,preserve in place,CellShard:todos/cs-jbc-rt21.md,CE-CCP1-A02-012,CE-CCP1-A02-012-GATE,JBC-PROV-PRESERVE-IN-PLACE,source-frozen
git@github.com:tumlinso/CellShard.git,main,b9749ad3e5146a04f847533d8c6f1a54146aed20,todos/cs-jbc-rt22.md,71e599c60707e8ab349ac8596b15f76203133f47b5405ad03efe19e3c3986470,1037,preserve in place,CellShard:todos/cs-jbc-rt22.md,CE-CCP1-A02-012,CE-CCP1-A02-012-GATE,JBC-PROV-PRESERVE-IN-PLACE,source-frozen
git@github.com:tumlinso/CellShard.git,main,b9749ad3e5146a04f847533d8c6f1a54146aed20,todos/cs-jbc-sa01.md,4f0d88eb3c7c17159e807884b4d967c377faf10bcaa76ac075ca8da6e8675062,764,preserve in place,CellShard:todos/cs-jbc-sa01.md,CE-CCP1-A02-012,CE-CCP1-A02-012-GATE,JBC-PROV-PRESERVE-IN-PLACE,source-frozen
git@github.com:tumlinso/CellShard.git,main,b9749ad3e5146a04f847533d8c6f1a54146aed20,todos/cs-jbc-sa02.md,f9d7c3e933931edb51552810eb41e8ec63b45b2cd45b7cdfffe06bab72312d39,723,preserve in place,CellShard:todos/cs-jbc-sa02.md,CE-CCP1-A02-012,CE-CCP1-A02-012-GATE,JBC-PROV-PRESERVE-IN-PLACE,source-frozen
git@github.com:tumlinso/CellShard.git,main,b9749ad3e5146a04f847533d8c6f1a54146aed20,todos/cs-jbc-sa03.md,810ebb2067fa4eeb6b967b6278dd453bb5d89b5a35a550dd7873fc894a215b6f,777,preserve in place,CellShard:todos/cs-jbc-sa03.md,CE-CCP1-A02-012,CE-CCP1-A02-012-GATE,JBC-PROV-PRESERVE-IN-PLACE,source-frozen
git@github.com:tumlinso/CellShard.git,main,b9749ad3e5146a04f847533d8c6f1a54146aed20,todos/cs-jbc-sa04.md,0ee2afbfbc134d442f5bbe47173b367764ee09f21468826abb14d18efd136dc0,699,preserve in place,CellShard:todos/cs-jbc-sa04.md,CE-CCP1-A02-012,CE-CCP1-A02-012-GATE,JBC-PROV-PRESERVE-IN-PLACE,source-frozen
git@github.com:tumlinso/CellShard.git,main,b9749ad3e5146a04f847533d8c6f1a54146aed20,todos/cs-jbc-sa05.md,6bc1a4cc46f65d09040afec3c5f36fcc18caaa54331945e211084c3921209d1b,697,preserve in place,CellShard:todos/cs-jbc-sa05.md,CE-CCP1-A02-012,CE-CCP1-A02-012-GATE,JBC-PROV-PRESERVE-IN-PLACE,source-frozen
git@github.com:tumlinso/CellShard.git,main,b9749ad3e5146a04f847533d8c6f1a54146aed20,todos/cs-jbc-sa06.md,4cdb1624ac4b3aa460cacb3cf5e7e5dbd0f04676fdbded32fddc06e7827caac8,723,preserve in place,CellShard:todos/cs-jbc-sa06.md,CE-CCP1-A02-012,CE-CCP1-A02-012-GATE,JBC-PROV-PRESERVE-IN-PLACE,source-frozen
git@github.com:tumlinso/CellShard.git,main,b9749ad3e5146a04f847533d8c6f1a54146aed20,todos/cs-jbc-sa07.md,4cc4b4637096a574694bc30ffc6ba18a2937b19d5b656cf550b3a284f5690bf1,725,preserve in place,CellShard:todos/cs-jbc-sa07.md,CE-CCP1-A02-012,CE-CCP1-A02-012-GATE,JBC-PROV-PRESERVE-IN-PLACE,source-frozen
git@github.com:tumlinso/CellShard.git,main,b9749ad3e5146a04f847533d8c6f1a54146aed20,todos/cs-jbc-sa08.md,4c786d76f35014a48242354d7e1d43e8ccf30317d009826152415a70e2962e62,749,preserve in place,CellShard:todos/cs-jbc-sa08.md,CE-CCP1-A02-012,CE-CCP1-A02-012-GATE,JBC-PROV-PRESERVE-IN-PLACE,source-frozen
git@github.com:tumlinso/CellShard.git,main,b9749ad3e5146a04f847533d8c6f1a54146aed20,todos/cs-jbc-sq01.md,df125646ab395d9f19a2ff7a7860d934bbc44b10632c28c478342b259390839b,702,preserve in place,CellShard:todos/cs-jbc-sq01.md,CE-CCP1-A02-012,CE-CCP1-A02-012-GATE,JBC-PROV-PRESERVE-IN-PLACE,source-frozen
git@github.com:tumlinso/CellShard.git,main,b9749ad3e5146a04f847533d8c6f1a54146aed20,todos/cs-jbc-sq02.md,9a707174b62da07c9a3caad91111a26049074b77ab5093cc65f4352d7489d0e6,689,preserve in place,CellShard:todos/cs-jbc-sq02.md,CE-CCP1-A02-012,CE-CCP1-A02-012-GATE,JBC-PROV-PRESERVE-IN-PLACE,source-frozen
git@github.com:tumlinso/CellShard.git,main,b9749ad3e5146a04f847533d8c6f1a54146aed20,todos/cs-jbc-sq03.md,849e5a339d7f15ffd9a9a11fcc0304f90a09cfe2bae1ade644ed4c7730f4eec8,713,preserve in place,CellShard:todos/cs-jbc-sq03.md,CE-CCP1-A02-012,CE-CCP1-A02-012-GATE,JBC-PROV-PRESERVE-IN-PLACE,source-frozen
git@github.com:tumlinso/CellShard.git,main,b9749ad3e5146a04f847533d8c6f1a54146aed20,todos/cs-jbc-sq04.md,8f0e9f9e92f0fe53b5aa5a0e9f4b4ace566cc04a5c70054e7653b4f933911379,699,preserve in place,CellShard:todos/cs-jbc-sq04.md,CE-CCP1-A02-012,CE-CCP1-A02-012-GATE,JBC-PROV-PRESERVE-IN-PLACE,source-frozen
git@github.com:tumlinso/CellShard.git,main,b9749ad3e5146a04f847533d8c6f1a54146aed20,todos/cs-jbc-sq05.md,00f88444c2aca95e5cf15099a5c85f9670455c3614a43b4b65ff644d1b6272fb,707,preserve in place,CellShard:todos/cs-jbc-sq05.md,CE-CCP1-A02-012,CE-CCP1-A02-012-GATE,JBC-PROV-PRESERVE-IN-PLACE,source-frozen
git@github.com:tumlinso/CellShard.git,main,b9749ad3e5146a04f847533d8c6f1a54146aed20,todos/cs-jbc-sq06.md,200021240d4e7f876835c145ed8d3afcf7bde244024bc71f30373b7775b9483a,727,preserve in place,CellShard:todos/cs-jbc-sq06.md,CE-CCP1-A02-012,CE-CCP1-A02-012-GATE,JBC-PROV-PRESERVE-IN-PLACE,source-frozen
git@github.com:tumlinso/CellShard.git,main,b9749ad3e5146a04f847533d8c6f1a54146aed20,todos/cs-jbc-ss01.md,7d3d04b596a407156207e556616b4410f0e4583660dc0258e721c495a7eee530,793,preserve in place,CellShard:todos/cs-jbc-ss01.md,CE-CCP1-A02-012,CE-CCP1-A02-012-GATE,JBC-PROV-PRESERVE-IN-PLACE,source-frozen
git@github.com:tumlinso/CellShard.git,main,b9749ad3e5146a04f847533d8c6f1a54146aed20,todos/cs-jbc-ss02.md,6bb40b2b979f482bfd98ebc9b9e607f5f695e3fc168fd085aaee584f51fe5d5d,751,preserve in place,CellShard:todos/cs-jbc-ss02.md,CE-CCP1-A02-012,CE-CCP1-A02-012-GATE,JBC-PROV-PRESERVE-IN-PLACE,source-frozen
git@github.com:tumlinso/CellShard.git,main,b9749ad3e5146a04f847533d8c6f1a54146aed20,todos/cs-jbc-ss03.md,8a207e21dc1d91f04892067331a2ebf57a2bb091a75aeb8dd6c4085e5c6f9b69,739,preserve in place,CellShard:todos/cs-jbc-ss03.md,CE-CCP1-A02-012,CE-CCP1-A02-012-GATE,JBC-PROV-PRESERVE-IN-PLACE,source-frozen
git@github.com:tumlinso/CellShard.git,main,b9749ad3e5146a04f847533d8c6f1a54146aed20,todos/cs-jbc-ss04.md,f333d2ef44fc77c4dba9591cdbb4a2ffdd29db67283887663e0337c59549a4a3,745,preserve in place,CellShard:todos/cs-jbc-ss04.md,CE-CCP1-A02-012,CE-CCP1-A02-012-GATE,JBC-PROV-PRESERVE-IN-PLACE,source-frozen
git@github.com:tumlinso/CellShard.git,main,b9749ad3e5146a04f847533d8c6f1a54146aed20,todos/cs-jbc-ss05.md,4e3f919df078ca422fa983ee1b962fe67cf742012d7c35c3e18e53e422af20c8,769,preserve in place,CellShard:todos/cs-jbc-ss05.md,CE-CCP1-A02-012,CE-CCP1-A02-012-GATE,JBC-PROV-PRESERVE-IN-PLACE,source-frozen
git@github.com:tumlinso/CellShard.git,main,b9749ad3e5146a04f847533d8c6f1a54146aed20,todos/cs-jbc-ss06.md,3b00f947b5ca67409b188241ba9580a989c60691110a03502af5f2adf2dfbf56,785,preserve in place,CellShard:todos/cs-jbc-ss06.md,CE-CCP1-A02-012,CE-CCP1-A02-012-GATE,JBC-PROV-PRESERVE-IN-PLACE,source-frozen
git@github.com:tumlinso/CellShard.git,main,b9749ad3e5146a04f847533d8c6f1a54146aed20,todos/cs-jbc-ss07.md,570790f74a2b475f41acc3789837e274069240666dc2c3520c4f893b3ea651d4,771,preserve in place,CellShard:todos/cs-jbc-ss07.md,CE-CCP1-A02-012,CE-CCP1-A02-012-GATE,JBC-PROV-PRESERVE-IN-PLACE,source-frozen
git@github.com:tumlinso/CellShard.git,main,b9749ad3e5146a04f847533d8c6f1a54146aed20,todos/cs-jbc-ss08.md,a02a0de3f9131278c721f2cb680cdddac51599247bf564e00c97b225965cda01,777,preserve in place,CellShard:todos/cs-jbc-ss08.md,CE-CCP1-A02-012,CE-CCP1-A02-012-GATE,JBC-PROV-PRESERVE-IN-PLACE,source-frozen
git@github.com:tumlinso/CellShard.git,main,b9749ad3e5146a04f847533d8c6f1a54146aed20,todos/cs-jbc-ss09.md,29f141820e1aa8d3f57cc04c40c864ec1a7b47a90f243a71d6c0969895fe1c2a,771,preserve in place,CellShard:todos/cs-jbc-ss09.md,CE-CCP1-A02-012,CE-CCP1-A02-012-GATE,JBC-PROV-PRESERVE-IN-PLACE,source-frozen
git@github.com:tumlinso/CellShard.git,main,b9749ad3e5146a04f847533d8c6f1a54146aed20,todos/cs-jbc-ss10.md,f49fc032b3fbc1bf93ec5874e9b5980581c89f0987dfc96079b90bc52b7938f4,793,preserve in place,CellShard:todos/cs-jbc-ss10.md,CE-CCP1-A02-012,CE-CCP1-A02-012-GATE,JBC-PROV-PRESERVE-IN-PLACE,source-frozen
git@github.com:tumlinso/CellShard.git,main,b9749ad3e5146a04f847533d8c6f1a54146aed20,todos/cs-jbc-st01.md,5ce5ea54c624a2b0f85ce9ed6cd5a740036270a414b9195790def5204ea345ec,1113,preserve in place,CellShard:todos/cs-jbc-st01.md,CE-CCP1-A02-012,CE-CCP1-A02-012-GATE,JBC-PROV-PRESERVE-IN-PLACE,source-frozen
git@github.com:tumlinso/CellShard.git,main,b9749ad3e5146a04f847533d8c6f1a54146aed20,todos/cs-jbc-st02.md,73f63c08b4768bb3e6e6798b01fe31c50cdaba78a4893deacf44dc1e16cb8baf,1053,preserve in place,CellShard:todos/cs-jbc-st02.md,CE-CCP1-A02-012,CE-CCP1-A02-012-GATE,JBC-PROV-PRESERVE-IN-PLACE,source-frozen
git@github.com:tumlinso/CellShard.git,main,b9749ad3e5146a04f847533d8c6f1a54146aed20,todos/cs-jbc-st03.md,5362b41fe678a325d2c1d5b12557f6d117678d257c5483ff2dd4388045c7c12b,1111,preserve in place,CellShard:todos/cs-jbc-st03.md,CE-CCP1-A02-012,CE-CCP1-A02-012-GATE,JBC-PROV-PRESERVE-IN-PLACE,source-frozen
git@github.com:tumlinso/CellShard.git,main,b9749ad3e5146a04f847533d8c6f1a54146aed20,todos/cs-jbc-st04.md,6c7f5a4093b8853425e5a248224515e0da4a796e683a8d3a75d6af210fa1424e,1055,preserve in place,CellShard:todos/cs-jbc-st04.md,CE-CCP1-A02-012,CE-CCP1-A02-012-GATE,JBC-PROV-PRESERVE-IN-PLACE,source-frozen
git@github.com:tumlinso/CellShard.git,main,b9749ad3e5146a04f847533d8c6f1a54146aed20,todos/cs-jbc-st05.md,6f30b1ea759fcd6d87ea3a29a46701c223167f2ea6fde2d0d0118c07b51b8aef,1025,preserve in place,CellShard:todos/cs-jbc-st05.md,CE-CCP1-A02-012,CE-CCP1-A02-012-GATE,JBC-PROV-PRESERVE-IN-PLACE,source-frozen
git@github.com:tumlinso/CellShard.git,main,b9749ad3e5146a04f847533d8c6f1a54146aed20,todos/cs-jbc-st06.md,f662cc9df35a90659f23d06b6b2c3f675ae4352dafeb996d473946ea2fa2ad86,1027,preserve in place,CellShard:todos/cs-jbc-st06.md,CE-CCP1-A02-012,CE-CCP1-A02-012-GATE,JBC-PROV-PRESERVE-IN-PLACE,source-frozen
git@github.com:tumlinso/CellShard.git,main,b9749ad3e5146a04f847533d8c6f1a54146aed20,todos/cs-jbc-st07.md,09bd414bbd74181ffbab775c9e9707d6b4908542d38c5e16f96129c5836666fc,1041,preserve in place,CellShard:todos/cs-jbc-st07.md,CE-CCP1-A02-012,CE-CCP1-A02-012-GATE,JBC-PROV-PRESERVE-IN-PLACE,source-frozen
git@github.com:tumlinso/CellShard.git,main,b9749ad3e5146a04f847533d8c6f1a54146aed20,todos/cs-jbc-st08.md,0ba7787732d583bc82350b94a275e90175fcaee34ff0ef6a6dfcc6cea7861d36,1041,preserve in place,CellShard:todos/cs-jbc-st08.md,CE-CCP1-A02-012,CE-CCP1-A02-012-GATE,JBC-PROV-PRESERVE-IN-PLACE,source-frozen
git@github.com:tumlinso/CellShard.git,main,b9749ad3e5146a04f847533d8c6f1a54146aed20,todos/cs-jbc-st09.md,a53891a16435d857c4195b6f84b4d8b7962901cfe602befed004edb0b9b8fbdd,1033,preserve in place,CellShard:todos/cs-jbc-st09.md,CE-CCP1-A02-012,CE-CCP1-A02-012-GATE,JBC-PROV-PRESERVE-IN-PLACE,source-frozen
git@github.com:tumlinso/CellShard.git,main,b9749ad3e5146a04f847533d8c6f1a54146aed20,todos/cs-jbc-st10.md,28a2778f9d3f0ae63e8128f5f6fa305e587e8092c0eeee8d375bc10ea6241d1f,1057,preserve in place,CellShard:todos/cs-jbc-st10.md,CE-CCP1-A02-012,CE-CCP1-A02-012-GATE,JBC-PROV-PRESERVE-IN-PLACE,source-frozen
git@github.com:tumlinso/CellShard.git,main,b9749ad3e5146a04f847533d8c6f1a54146aed20,todos/cs-jbc-st11.md,fcc333b732c9316d7c1c80e326a4ad680494bdfb6b168f8701aae8d6388e8df7,1051,preserve in place,CellShard:todos/cs-jbc-st11.md,CE-CCP1-A02-012,CE-CCP1-A02-012-GATE,JBC-PROV-PRESERVE-IN-PLACE,source-frozen
git@github.com:tumlinso/CellShard.git,main,b9749ad3e5146a04f847533d8c6f1a54146aed20,todos/cs-jbc-st12.md,45b9c7b7eb1f67eac1e03713fac1643c0aded0c6844cc065785d767c3faea74d,1067,preserve in place,CellShard:todos/cs-jbc-st12.md,CE-CCP1-A02-012,CE-CCP1-A02-012-GATE,JBC-PROV-PRESERVE-IN-PLACE,source-frozen
git@github.com:tumlinso/CellShard.git,main,b9749ad3e5146a04f847533d8c6f1a54146aed20,todos/cs-jbc-st13.md,ea298982f7a395bc3d233c07051817b8856fefc596a24d221b1efe5a8c4eb851,1063,preserve in place,CellShard:todos/cs-jbc-st13.md,CE-CCP1-A02-012,CE-CCP1-A02-012-GATE,JBC-PROV-PRESERVE-IN-PLACE,source-frozen
git@github.com:tumlinso/CellShard.git,main,b9749ad3e5146a04f847533d8c6f1a54146aed20,todos/cs-jbc-st14.md,5475ed869eb956d415787aca2479c412c55f8751877e8b58abea7e3098ca4141,1033,preserve in place,CellShard:todos/cs-jbc-st14.md,CE-CCP1-A02-012,CE-CCP1-A02-012-GATE,JBC-PROV-PRESERVE-IN-PLACE,source-frozen
git@github.com:tumlinso/CellShard.git,main,b9749ad3e5146a04f847533d8c6f1a54146aed20,todos/cs-jbc-st15.md,00c73cff8784db814045fa6fec2106ceab66a59a64721d151eb1e079ab167b60,1035,preserve in place,CellShard:todos/cs-jbc-st15.md,CE-CCP1-A02-012,CE-CCP1-A02-012-GATE,JBC-PROV-PRESERVE-IN-PLACE,source-frozen
git@github.com:tumlinso/CellShard.git,main,b9749ad3e5146a04f847533d8c6f1a54146aed20,todos/cs-jbc-st16.md,ab5204393dfb083625d0c9ad44dc0deb272ef04059c7c0839351705685607ec6,1035,preserve in place,CellShard:todos/cs-jbc-st16.md,CE-CCP1-A02-012,CE-CCP1-A02-012-GATE,JBC-PROV-PRESERVE-IN-PLACE,source-frozen
git@github.com:tumlinso/CellShard.git,main,b9749ad3e5146a04f847533d8c6f1a54146aed20,todos/cs-jbc-st17.md,2e6821939a80fbda828c0ff648809944f0a3128d15b7841f2a02109fe22e6a5e,1069,preserve in place,CellShard:todos/cs-jbc-st17.md,CE-CCP1-A02-012,CE-CCP1-A02-012-GATE,JBC-PROV-PRESERVE-IN-PLACE,source-frozen
git@github.com:tumlinso/CellShard.git,main,b9749ad3e5146a04f847533d8c6f1a54146aed20,todos/cs-jbc-st18.md,2976c7bffe51961e4c4f51b7b1535def23e4b35993dbb99bdb026aa6315b62ea,1081,preserve in place,CellShard:todos/cs-jbc-st18.md,CE-CCP1-A02-012,CE-CCP1-A02-012-GATE,JBC-PROV-PRESERVE-IN-PLACE,source-frozen
git@github.com:tumlinso/CellShard.git,main,b9749ad3e5146a04f847533d8c6f1a54146aed20,todos/cs-jbc-st19.md,3034e0d5b45739f771dbb9420a7026270d341875772fe627d6009398cb160faa,1053,preserve in place,CellShard:todos/cs-jbc-st19.md,CE-CCP1-A02-012,CE-CCP1-A02-012-GATE,JBC-PROV-PRESERVE-IN-PLACE,source-frozen
git@github.com:tumlinso/CellShard.git,main,b9749ad3e5146a04f847533d8c6f1a54146aed20,todos/cs-jbc-st20.md,40568f08a9edbf9444222749283a868a8ef152b5993ad02a83d54ff865ca9f00,1059,preserve in place,CellShard:todos/cs-jbc-st20.md,CE-CCP1-A02-012,CE-CCP1-A02-012-GATE,JBC-PROV-PRESERVE-IN-PLACE,source-frozen
git@github.com:tumlinso/CellShard.git,main,b9749ad3e5146a04f847533d8c6f1a54146aed20,todos/cs-jbc-st21.md,362d601e2ae0c3f059d69c58e1f90f072c1d8aaa580cfaa38188a6a5e5791cba,1069,preserve in place,CellShard:todos/cs-jbc-st21.md,CE-CCP1-A02-012,CE-CCP1-A02-012-GATE,JBC-PROV-PRESERVE-IN-PLACE,source-frozen
git@github.com:tumlinso/CellShard.git,main,b9749ad3e5146a04f847533d8c6f1a54146aed20,todos/cs-jbc-st22.md,2455bc29dd6b72206244c230b0eb37e5684212baf6158cb0cf81b93e5e69026f,1055,preserve in place,CellShard:todos/cs-jbc-st22.md,CE-CCP1-A02-012,CE-CCP1-A02-012-GATE,JBC-PROV-PRESERVE-IN-PLACE,source-frozen
git@github.com:tumlinso/CellShard.git,main,b9749ad3e5146a04f847533d8c6f1a54146aed20,todos/cs-jbc-st23.md,0b5757ed13545bb62176b9178082ea6a5b1f234df3d0e19c2fd6a6118705f512,1011,preserve in place,CellShard:todos/cs-jbc-st23.md,CE-CCP1-A02-012,CE-CCP1-A02-012-GATE,JBC-PROV-PRESERVE-IN-PLACE,source-frozen
git@github.com:tumlinso/CellShard.git,main,b9749ad3e5146a04f847533d8c6f1a54146aed20,todos/cs-jbc-st24.md,82ea93c8dda873e3127bdb731e488032f112ee409bb4757461c55977d4671b65,1083,preserve in place,CellShard:todos/cs-jbc-st24.md,CE-CCP1-A02-012,CE-CCP1-A02-012-GATE,JBC-PROV-PRESERVE-IN-PLACE,source-frozen
git@github.com:tumlinso/CellShard.git,main,b9749ad3e5146a04f847533d8c6f1a54146aed20,todos/cs-jbc-st25.md,0247c96259bbe023de686468ed48cb097c974ca9a79db0be8b3d444ec727a13d,1077,preserve in place,CellShard:todos/cs-jbc-st25.md,CE-CCP1-A02-012,CE-CCP1-A02-012-GATE,JBC-PROV-PRESERVE-IN-PLACE,source-frozen
git@github.com:tumlinso/CellShard.git,main,b9749ad3e5146a04f847533d8c6f1a54146aed20,todos/cs-jbc-st26.md,d4a4ce191d6766bdca63fc626392664d978ae7a14dfe467c117f98637bbbce9c,1079,preserve in place,CellShard:todos/cs-jbc-st26.md,CE-CCP1-A02-012,CE-CCP1-A02-012-GATE,JBC-PROV-PRESERVE-IN-PLACE,source-frozen
git@github.com:tumlinso/CellShard.git,main,b9749ad3e5146a04f847533d8c6f1a54146aed20,todos/cs-jbc-st27.md,365934bb2ab2a500909c2038b599cb5e1dc10e5e9d0fcaf5cf857be3f16c20a8,1049,preserve in place,CellShard:todos/cs-jbc-st27.md,CE-CCP1-A02-012,CE-CCP1-A02-012-GATE,JBC-PROV-PRESERVE-IN-PLACE,source-frozen
git@github.com:tumlinso/CellShard.git,main,b9749ad3e5146a04f847533d8c6f1a54146aed20,todos/cs-jbc-st28.md,73d277667cf494e87ff447fd96a5c0bc5f8461f66dfe868eb45c228177a627e1,1065,preserve in place,CellShard:todos/cs-jbc-st28.md,CE-CCP1-A02-012,CE-CCP1-A02-012-GATE,JBC-PROV-PRESERVE-IN-PLACE,source-frozen
git@github.com:tumlinso/CellShard.git,main,b9749ad3e5146a04f847533d8c6f1a54146aed20,todos/cs-jbc-st29.md,7f61c650e21e7498028f856aaa5fb04a1fd8bca7db29d7f91698dde4c9a48ad4,1061,preserve in place,CellShard:todos/cs-jbc-st29.md,CE-CCP1-A02-012,CE-CCP1-A02-012-GATE,JBC-PROV-PRESERVE-IN-PLACE,source-frozen
git@github.com:tumlinso/CellShard.git,main,b9749ad3e5146a04f847533d8c6f1a54146aed20,todos/cs-jbc-tr01.md,a53c4ad1e008b9bf22a74c422d19ac2ea8de51990957acdd51db4e27c4842bc8,799,preserve in place,CellShard:todos/cs-jbc-tr01.md,CE-CCP1-A02-012,CE-CCP1-A02-012-GATE,JBC-PROV-PRESERVE-IN-PLACE,source-frozen
git@github.com:tumlinso/CellShard.git,main,b9749ad3e5146a04f847533d8c6f1a54146aed20,todos/cs-jbc-tr02.md,1f4b4151e80b2e2563d23d026311815237200f2e2a033a7533b421a68625c1bc,757,preserve in place,CellShard:todos/cs-jbc-tr02.md,CE-CCP1-A02-012,CE-CCP1-A02-012-GATE,JBC-PROV-PRESERVE-IN-PLACE,source-frozen
git@github.com:tumlinso/CellShard.git,main,b9749ad3e5146a04f847533d8c6f1a54146aed20,todos/cs-jbc-tr03.md,6ad399ac063baa6bb021b70dae373f81030cbc4e387dfcb0dbd4d4552382ed65,773,preserve in place,CellShard:todos/cs-jbc-tr03.md,CE-CCP1-A02-012,CE-CCP1-A02-012-GATE,JBC-PROV-PRESERVE-IN-PLACE,source-frozen
git@github.com:tumlinso/CellShard.git,main,b9749ad3e5146a04f847533d8c6f1a54146aed20,todos/cs-jbc-tr04.md,e73231cbf9315d614d2b3178bc13d702a8d28fbe902f36c318e685864a840e03,761,preserve in place,CellShard:todos/cs-jbc-tr04.md,CE-CCP1-A02-012,CE-CCP1-A02-012-GATE,JBC-PROV-PRESERVE-IN-PLACE,source-frozen
git@github.com:tumlinso/CellShard.git,main,b9749ad3e5146a04f847533d8c6f1a54146aed20,todos/cs-jbc-tr05.md,80beafe3c1ab66f1945058b9e219a320aa4abc536ceafa07624bc8dfdb846881,749,preserve in place,CellShard:todos/cs-jbc-tr05.md,CE-CCP1-A02-012,CE-CCP1-A02-012-GATE,JBC-PROV-PRESERVE-IN-PLACE,source-frozen
git@github.com:tumlinso/CellShard.git,main,b9749ad3e5146a04f847533d8c6f1a54146aed20,todos/cs-jbc-tr06.md,1d33152b78f2651b8ae1e6581c89641b7b67eecdd82dcad10588d9e0bf3c41dd,755,preserve in place,CellShard:todos/cs-jbc-tr06.md,CE-CCP1-A02-012,CE-CCP1-A02-012-GATE,JBC-PROV-PRESERVE-IN-PLACE,source-frozen
git@github.com:tumlinso/CellShard.git,main,b9749ad3e5146a04f847533d8c6f1a54146aed20,todos/cs-jbc-tr07.md,5ca4596d3c449fca0fd4d15ac8da5fb42d1422847f5277569d1aa0e4bfb275c6,743,preserve in place,CellShard:todos/cs-jbc-tr07.md,CE-CCP1-A02-012,CE-CCP1-A02-012-GATE,JBC-PROV-PRESERVE-IN-PLACE,source-frozen
git@github.com:tumlinso/CellShard.git,main,b9749ad3e5146a04f847533d8c6f1a54146aed20,todos/cs-jbc-tr08.md,183043a1ee349e238edbf8a3ac5e567b3cf588b951b0d35fb0441e2192be1040,769,preserve in place,CellShard:todos/cs-jbc-tr08.md,CE-CCP1-A02-012,CE-CCP1-A02-012-GATE,JBC-PROV-PRESERVE-IN-PLACE,source-frozen
git@github.com:tumlinso/CellShard.git,main,b9749ad3e5146a04f847533d8c6f1a54146aed20,todos/cs-jbc-tr09.md,66a9e62e8d56b923a9b5e91297debb889365e66c9d1f27581cc185aab918f0cf,751,preserve in place,CellShard:todos/cs-jbc-tr09.md,CE-CCP1-A02-012,CE-CCP1-A02-012-GATE,JBC-PROV-PRESERVE-IN-PLACE,source-frozen
git@github.com:tumlinso/CellShard.git,main,b9749ad3e5146a04f847533d8c6f1a54146aed20,todos/cs-jbc-tr10.md,b47b93ff36a1960954f59657963b289ff114a311dedba384a5f377b9257c1d55,767,preserve in place,CellShard:todos/cs-jbc-tr10.md,CE-CCP1-A02-012,CE-CCP1-A02-012-GATE,JBC-PROV-PRESERVE-IN-PLACE,source-frozen
git@github.com:tumlinso/CellShard.git,main,b9749ad3e5146a04f847533d8c6f1a54146aed20,todos/cs-jbc-tr11.md,93347348a4cdf9ca9c3c7c7b46bf830f8473842b03aac5ae8b105a4afd272f2b,769,preserve in place,CellShard:todos/cs-jbc-tr11.md,CE-CCP1-A02-012,CE-CCP1-A02-012-GATE,JBC-PROV-PRESERVE-IN-PLACE,source-frozen
git@github.com:tumlinso/CellShard.git,main,b9749ad3e5146a04f847533d8c6f1a54146aed20,todos/cs-jbc-tr12.md,0d43bc35c5f1108378c63c554308094c25cb7776aae8ce2a7ea648ab0241c5f2,775,preserve in place,CellShard:todos/cs-jbc-tr12.md,CE-CCP1-A02-012,CE-CCP1-A02-012-GATE,JBC-PROV-PRESERVE-IN-PLACE,source-frozen
git@github.com:tumlinso/CellShard.git,main,b9749ad3e5146a04f847533d8c6f1a54146aed20,todos/cs-jbc-v01.md,be1ecced986a260110aefbda69b395b9e95e27f63c0114f47efaec43221b0748,871,preserve in place,CellShard:todos/cs-jbc-v01.md,CE-CCP1-A02-012,CE-CCP1-A02-012-GATE,JBC-PROV-PRESERVE-IN-PLACE,source-frozen
git@github.com:tumlinso/CellShard.git,main,b9749ad3e5146a04f847533d8c6f1a54146aed20,todos/cs-jbc-v02.md,2ea35b4b36b636d8e896a8b881772c36ea5d173e69be32a7cf052e56269e4d4b,758,preserve in place,CellShard:todos/cs-jbc-v02.md,CE-CCP1-A02-012,CE-CCP1-A02-012-GATE,JBC-PROV-PRESERVE-IN-PLACE,source-frozen
git@github.com:tumlinso/CellShard.git,main,b9749ad3e5146a04f847533d8c6f1a54146aed20,todos/cs-jbc-v03.md,b1f4ad8d6d36722a1e50563af3c4dd8dcdbd7832e0a497ffbdcbd66c4fd392e2,784,preserve in place,CellShard:todos/cs-jbc-v03.md,CE-CCP1-A02-012,CE-CCP1-A02-012-GATE,JBC-PROV-PRESERVE-IN-PLACE,source-frozen
git@github.com:tumlinso/CellShard.git,main,b9749ad3e5146a04f847533d8c6f1a54146aed20,todos/cs-jbc-v04.md,ff66251c49c2164375e749a2c9083581aab777024cdd69bae0f4304c6f2d17d6,812,preserve in place,CellShard:todos/cs-jbc-v04.md,CE-CCP1-A02-012,CE-CCP1-A02-012-GATE,JBC-PROV-PRESERVE-IN-PLACE,source-frozen
git@github.com:tumlinso/CellShard.git,main,b9749ad3e5146a04f847533d8c6f1a54146aed20,todos/cs-jbc-v05.md,0a92d5e6b28afddefc3267ffc1e5556a6be3461baf24d17052893b5a2c402cb1,768,preserve in place,CellShard:todos/cs-jbc-v05.md,CE-CCP1-A02-012,CE-CCP1-A02-012-GATE,JBC-PROV-PRESERVE-IN-PLACE,source-frozen
git@github.com:tumlinso/CellShard.git,main,b9749ad3e5146a04f847533d8c6f1a54146aed20,todos/cs-jbc-v06.md,025699fec592d2575ad4605d7c0f08ee2ed97fbf98e8783ae5ca91d2fb758345,824,preserve in place,CellShard:todos/cs-jbc-v06.md,CE-CCP1-A02-012,CE-CCP1-A02-012-GATE,JBC-PROV-PRESERVE-IN-PLACE,source-frozen
git@github.com:tumlinso/CellShard.git,main,b9749ad3e5146a04f847533d8c6f1a54146aed20,todos/cs-jbc-v07.md,73857df66e9bca8e96efb9e749799a1937a0846570d0e6eff842800a25c3af56,812,preserve in place,CellShard:todos/cs-jbc-v07.md,CE-CCP1-A02-012,CE-CCP1-A02-012-GATE,JBC-PROV-PRESERVE-IN-PLACE,source-frozen
git@github.com:tumlinso/CellShard.git,main,b9749ad3e5146a04f847533d8c6f1a54146aed20,todos/cs-jbc-v08.md,435669026066d9dad30d9aab5649dd52657bdef2a4019d730e25512ed93d5647,790,preserve in place,CellShard:todos/cs-jbc-v08.md,CE-CCP1-A02-012,CE-CCP1-A02-012-GATE,JBC-PROV-PRESERVE-IN-PLACE,source-frozen
git@github.com:tumlinso/CellShard.git,main,b9749ad3e5146a04f847533d8c6f1a54146aed20,todos/cs-jbc-v09.md,bf0c43c26b537afa0294636dc10a3a35539c0b60dbbc606646ecbd154f686a37,804,preserve in place,CellShard:todos/cs-jbc-v09.md,CE-CCP1-A02-012,CE-CCP1-A02-012-GATE,JBC-PROV-PRESERVE-IN-PLACE,source-frozen
git@github.com:tumlinso/CellShard.git,main,b9749ad3e5146a04f847533d8c6f1a54146aed20,todos/cs-jbc-v10.md,7d040d4da2dd7d72dabf0ec1d54c13b2692ea5fbd28e2818b17dbf93d2b12d3f,804,preserve in place,CellShard:todos/cs-jbc-v10.md,CE-CCP1-A02-012,CE-CCP1-A02-012-GATE,JBC-PROV-PRESERVE-IN-PLACE,source-frozen
git@github.com:tumlinso/CellShard.git,main,b9749ad3e5146a04f847533d8c6f1a54146aed20,todos/cs-jbc-v11.md,f54e5705d1565afd24dc7678ce7831c24a70dfc15d6c4ba8a8ba0250de278b94,810,preserve in place,CellShard:todos/cs-jbc-v11.md,CE-CCP1-A02-012,CE-CCP1-A02-012-GATE,JBC-PROV-PRESERVE-IN-PLACE,source-frozen
git@github.com:tumlinso/CellShard.git,main,b9749ad3e5146a04f847533d8c6f1a54146aed20,todos/cs-jbc-v12.md,f79c4d0e8dc4047ed1b3c254fc218891899c796192f770b747444134813b6a4f,800,preserve in place,CellShard:todos/cs-jbc-v12.md,CE-CCP1-A02-012,CE-CCP1-A02-012-GATE,JBC-PROV-PRESERVE-IN-PLACE,source-frozen
git@github.com:tumlinso/CellShard.git,main,b9749ad3e5146a04f847533d8c6f1a54146aed20,todos/cs-jbc-v13.md,76c3207694183db0d78485b42c6d07e1ef2a554aedfd9769840b3b7cb6301897,794,preserve in place,CellShard:todos/cs-jbc-v13.md,CE-CCP1-A02-012,CE-CCP1-A02-012-GATE,JBC-PROV-PRESERVE-IN-PLACE,source-frozen
git@github.com:tumlinso/CellShard.git,main,b9749ad3e5146a04f847533d8c6f1a54146aed20,todos/cs-jbc-v14.md,20604af29d49b3631a65b83eb8d7c7bed94554517d859c59c99a8c4b91a0be40,808,preserve in place,CellShard:todos/cs-jbc-v14.md,CE-CCP1-A02-012,CE-CCP1-A02-012-GATE,JBC-PROV-PRESERVE-IN-PLACE,source-frozen
git@github.com:tumlinso/CellShard.git,main,b9749ad3e5146a04f847533d8c6f1a54146aed20,todos/cs-jbc-v15.md,b5e820bc3ab16c11a5dcb809de6d0810af01f45da9f08c4717cb6d40185aa9fe,798,preserve in place,CellShard:todos/cs-jbc-v15.md,CE-CCP1-A02-012,CE-CCP1-A02-012-GATE,JBC-PROV-PRESERVE-IN-PLACE,source-frozen
git@github.com:tumlinso/CellShard.git,main,b9749ad3e5146a04f847533d8c6f1a54146aed20,todos/cs-jbc-v16.md,11441f8afaf09ca742b43767b94160195e0b96a07ec14498b5df1cbf5ddfc15f,774,preserve in place,CellShard:todos/cs-jbc-v16.md,CE-CCP1-A02-012,CE-CCP1-A02-012-GATE,JBC-PROV-PRESERVE-IN-PLACE,source-frozen
git@github.com:tumlinso/CellShard.git,main,b9749ad3e5146a04f847533d8c6f1a54146aed20,todos/cs-jbc-v17.md,73c0facc5fdca6f2a59e0fdfa88287c6648d3fdf56f5886663276c5e4946207a,780,preserve in place,CellShard:todos/cs-jbc-v17.md,CE-CCP1-A02-012,CE-CCP1-A02-012-GATE,JBC-PROV-PRESERVE-IN-PLACE,source-frozen
git@github.com:tumlinso/CellShard.git,main,b9749ad3e5146a04f847533d8c6f1a54146aed20,todos/cs-jbc-v18.md,3df221ff1658f1fc9cbe65f53207044c77456d319c2f8f814d2588c62b098d54,812,preserve in place,CellShard:todos/cs-jbc-v18.md,CE-CCP1-A02-012,CE-CCP1-A02-012-GATE,JBC-PROV-PRESERVE-IN-PLACE,source-frozen
git@github.com:tumlinso/CellShard.git,main,b9749ad3e5146a04f847533d8c6f1a54146aed20,todos/cs-jbc-v19.md,75a8151d9fea5078e945ebba317609c2b2feba22e9dacd90b9d34403542f8b80,778,preserve in place,CellShard:todos/cs-jbc-v19.md,CE-CCP1-A02-012,CE-CCP1-A02-012-GATE,JBC-PROV-PRESERVE-IN-PLACE,source-frozen
git@github.com:tumlinso/CellShard.git,main,b9749ad3e5146a04f847533d8c6f1a54146aed20,todos/cs-jbc-v20.md,143a01c816bb849aee3a5636198df79569d6c48387e7af83d0416c46495a3691,798,preserve in place,CellShard:todos/cs-jbc-v20.md,CE-CCP1-A02-012,CE-CCP1-A02-012-GATE,JBC-PROV-PRESERVE-IN-PLACE,source-frozen
