id,parent_id,kind,title,status,priority,parallel_policy,tags,depends_on_count,checkpoint_count,gate_count,consumes_interface_count,exclusive_paths,read_paths,forbidden_paths,shared_locks,next_action
CE-CCP1-0000,,epic,Cellerator compiler Part One,planned,1000,coordinated,compiler;language;ceir;part-one,0,0,0,0,,.,,,Begin only after manual plan application and explicit run activation; execute A01 authority baseline first.
CE-CCP1-P00,CE-CCP1-0000,epic,Architecture and ownership reconciliation,planned,980,coordinated,phase;p00,0,0,0,0,,.,,,Dispatch only the workstream lanes whose explicit dependencies are satisfied.
CE-CCP1-P10,CE-CCP1-0000,epic,Compiler build and driver foundation,planned,960,coordinated,phase;p10,0,0,0,0,,.,,,Dispatch only the workstream lanes whose explicit dependencies are satisfied.
CE-CCP1-P20,CE-CCP1-0000,epic,Source language frontend,planned,940,coordinated,phase;p20,0,0,0,0,,.,,,Dispatch only the workstream lanes whose explicit dependencies are satisfied.
CE-CCP1-P30,CE-CCP1-0000,epic,Semantic IR and representative profiles,planned,920,coordinated,phase;p30,0,0,0,0,,.,,,Dispatch only the workstream lanes whose explicit dependencies are satisfied.
CE-CCP1-P40,CE-CCP1-0000,epic,Planning compiler and JBC rehoming,planned,900,coordinated,phase;p40,0,0,0,0,,.,,,Dispatch only the workstream lanes whose explicit dependencies are satisfied.
CE-CCP1-P50,CE-CCP1-0000,epic,Realization IR and native backends,planned,880,coordinated,phase;p50,0,0,0,0,,.,,,Dispatch only the workstream lanes whose explicit dependencies are satisfied.
CE-CCP1-P60,CE-CCP1-0000,epic,"Programmable compiler, reflection, and diagnostics",planned,860,coordinated,phase;p60,0,0,0,0,,.,,,Dispatch only the workstream lanes whose explicit dependencies are satisfied.
CE-CCP1-P70,CE-CCP1-0000,epic,"Cross-TU compilation, libCellerator, standard library, and SDK",planned,840,coordinated,phase;p70,0,0,0,0,,.,,,Dispatch only the workstream lanes whose explicit dependencies are satisfied.
CE-CCP1-P80,CE-CCP1-0000,epic,celleratord,planned,820,coordinated,phase;p80,0,0,0,0,,.,,,Dispatch only the workstream lanes whose explicit dependencies are satisfied.
CE-CCP1-P90,CE-CCP1-0000,epic,"Validation, performance, and final acceptance",planned,800,coordinated,phase;p90,0,0,0,0,,.,,,Dispatch only the workstream lanes whose explicit dependencies are satisfied.
CE-CCP1-A01-000,CE-CCP1-P00,workstream,"Live authority, specification, and supersession baseline",planned,900,serial_lane,workstream;a01;planning-compiler_authority,0,0,0,0,planning/cellerator-compiler-preledger-v1/evidence,.todo-orchestrator;docs/language;planning/jbc-preledger-v1;ce-exop-plan.json;CMakeLists.txt;scope.md,CMakeLists.txt;src/CMakeLists.txt;tools/CMakeLists.txt;tests/CMakeLists.txt;bench/CMakeLists.txt;include/Cellerator/Cellerator.hh;include/Cellerator/compiler.hh;.gitmodules;cmake/package/CelleratorConfig.cmake.in;cmake/package/CelleratorConfigVersion.cmake.in;cmake/compiler/CelleratorCompilerTargets.cmake,,Claim A01-001 after milestone prerequisites are reached.
CE-CCP1-A01-001,CE-CCP1-A01-000,task,Capture the reconciled Project Control authority cursor,planned,850,serial_in_lane,a01;planning-compiler_authority;leaf,0,0,1,0,planning/cellerator-compiler-preledger-v1/evidence;planning/cellerator-compiler-preledger-v1/evidence/capture_the_reconciled_project_control_authority_cursor.md;tests/compiler/a01/capture_the_reconciled_project_control_authority_cursor_test.cc,.todo-orchestrator;CMakeLists.txt;ce-exop-plan.json;docs/language;planning/jbc-preledger-v1;scope.md,.gitmodules;CMakeLists.txt;bench/CMakeLists.txt;cmake/compiler/CelleratorCompilerTargets.cmake;cmake/package/CelleratorConfig.cmake.in;cmake/package/CelleratorConfigVersion.cmake.in;include/Cellerator/Cellerator.hh;include/Cellerator/compiler.hh;src/CMakeLists.txt;tests/CMakeLists.txt;tools/CMakeLists.txt,,"Inspect the cited read scope, implement capture the reconciled project control authority cursor in the isolated A01 lane, add the focused ce_ccp1_a01_001 gate, and publish a source-linked receipt."
CE-CCP1-A01-002,CE-CCP1-A01-000,task,Capture Cellerator and embedded CellShard Git identities,planned,850,serial_in_lane,a01;planning-compiler_authority;leaf,1,0,1,0,planning/cellerator-compiler-preledger-v1/evidence;planning/cellerator-compiler-preledger-v1/evidence/capture_cellerator_and_embedded_cellshard_git_identities.md;tests/compiler/a01/capture_cellerator_and_embedded_cellshard_git_identities_test.cc,.todo-orchestrator;CMakeLists.txt;ce-exop-plan.json;docs/language;planning/jbc-preledger-v1;scope.md,.gitmodules;CMakeLists.txt;bench/CMakeLists.txt;cmake/compiler/CelleratorCompilerTargets.cmake;cmake/package/CelleratorConfig.cmake.in;cmake/package/CelleratorConfigVersion.cmake.in;include/Cellerator/Cellerator.hh;include/Cellerator/compiler.hh;src/CMakeLists.txt;tests/CMakeLists.txt;tools/CMakeLists.txt,,"Inspect the cited read scope, implement capture cellerator and embedded cellshard git identities in the isolated A01 lane, add the focused ce_ccp1_a01_002 gate, and publish a source-linked receipt."
CE-CCP1-A01-003,CE-CCP1-A01-000,task,Hash and index every language and IR authority document,planned,850,serial_in_lane,a01;planning-compiler_authority;leaf,1,0,1,0,planning/cellerator-compiler-preledger-v1/evidence;planning/cellerator-compiler-preledger-v1/evidence/hash_and_index_every_language_and_ir_authority_document.md;tests/compiler/a01/hash_and_index_every_language_and_ir_authority_document_test.cc,.todo-orchestrator;CMakeLists.txt;ce-exop-plan.json;docs/language;planning/jbc-preledger-v1;scope.md,.gitmodules;CMakeLists.txt;bench/CMakeLists.txt;cmake/compiler/CelleratorCompilerTargets.cmake;cmake/package/CelleratorConfig.cmake.in;cmake/package/CelleratorConfigVersion.cmake.in;include/Cellerator/Cellerator.hh;include/Cellerator/compiler.hh;src/CMakeLists.txt;tests/CMakeLists.txt;tools/CMakeLists.txt,,"Inspect the cited read scope, implement hash and index every language and ir authority document in the isolated A01 lane, add the focused ce_ccp1_a01_003 gate, and publish a source-linked receipt."
CE-CCP1-A01-004,CE-CCP1-A01-000,validation_task,Audit accepted Todo plan schemas and live precedents,planned,850,serial_in_lane,a01;planning-compiler_authority;leaf,1,0,1,0,planning/cellerator-compiler-preledger-v1/evidence;planning/cellerator-compiler-preledger-v1/evidence/audit_accepted_todo_plan_schemas_and_live_precedents.md;tests/compiler/a01/audit_accepted_todo_plan_schemas_and_live_precedents_test.cc,.todo-orchestrator;CMakeLists.txt;ce-exop-plan.json;docs/language;planning/jbc-preledger-v1;scope.md,.gitmodules;CMakeLists.txt;bench/CMakeLists.txt;cmake/compiler/CelleratorCompilerTargets.cmake;cmake/package/CelleratorConfig.cmake.in;cmake/package/CelleratorConfigVersion.cmake.in;include/Cellerator/Cellerator.hh;include/Cellerator/compiler.hh;src/CMakeLists.txt;tests/CMakeLists.txt;tools/CMakeLists.txt,,"Inspect the cited read scope, implement audit accepted todo plan schemas and live precedents in the isolated A01 lane, add the focused ce_ccp1_a01_004 gate, and publish a source-linked receipt."
CE-CCP1-A01-005,CE-CCP1-A01-000,task,Discover and preserve exact Todo CLI help,planned,850,serial_in_lane,a01;planning-compiler_authority;leaf,1,0,1,0,planning/cellerator-compiler-preledger-v1/evidence;planning/cellerator-compiler-preledger-v1/evidence/discover_and_preserve_exact_todo_cli_help.md;tests/compiler/a01/discover_and_preserve_exact_todo_cli_help_test.cc,.todo-orchestrator;CMakeLists.txt;ce-exop-plan.json;docs/language;planning/jbc-preledger-v1;scope.md,.gitmodules;CMakeLists.txt;bench/CMakeLists.txt;cmake/compiler/CelleratorCompilerTargets.cmake;cmake/package/CelleratorConfig.cmake.in;cmake/package/CelleratorConfigVersion.cmake.in;include/Cellerator/Cellerator.hh;include/Cellerator/compiler.hh;src/CMakeLists.txt;tests/CMakeLists.txt;tools/CMakeLists.txt,,"Inspect the cited read scope, implement discover and preserve exact todo cli help in the isolated A01 lane, add the focused ce_ccp1_a01_005 gate, and publish a source-linked receipt."
CE-CCP1-A01-006,CE-CCP1-A01-000,task,Publish the Part One compiler charter,planned,850,serial_in_lane,a01;planning-compiler_authority;leaf,1,0,1,0,planning/cellerator-compiler-preledger-v1/evidence;planning/cellerator-compiler-preledger-v1/evidence/publish_the_part_one_compiler_charter.md;tests/compiler/a01/publish_the_part_one_compiler_charter_test.cc,.todo-orchestrator;CMakeLists.txt;ce-exop-plan.json;docs/language;planning/jbc-preledger-v1;scope.md,.gitmodules;CMakeLists.txt;bench/CMakeLists.txt;cmake/compiler/CelleratorCompilerTargets.cmake;cmake/package/CelleratorConfig.cmake.in;cmake/package/CelleratorConfigVersion.cmake.in;include/Cellerator/Cellerator.hh;include/Cellerator/compiler.hh;src/CMakeLists.txt;tests/CMakeLists.txt;tools/CMakeLists.txt,,"Inspect the cited read scope, implement publish the part one compiler charter in the isolated A01 lane, add the focused ce_ccp1_a01_006 gate, and publish a source-linked receipt."
CE-CCP1-A01-007,CE-CCP1-A01-000,task,Supersede obsolete JBC compiler ownership,planned,850,serial_in_lane,a01;planning-compiler_authority;leaf,1,0,1,0,planning/cellerator-compiler-preledger-v1/evidence;planning/cellerator-compiler-preledger-v1/evidence/supersede_obsolete_jbc_compiler_ownership.md;tests/compiler/a01/supersede_obsolete_jbc_compiler_ownership_test.cc,.todo-orchestrator;CMakeLists.txt;ce-exop-plan.json;docs/language;planning/jbc-preledger-v1;scope.md,.gitmodules;CMakeLists.txt;bench/CMakeLists.txt;cmake/compiler/CelleratorCompilerTargets.cmake;cmake/package/CelleratorConfig.cmake.in;cmake/package/CelleratorConfigVersion.cmake.in;include/Cellerator/Cellerator.hh;include/Cellerator/compiler.hh;src/CMakeLists.txt;tests/CMakeLists.txt;tools/CMakeLists.txt,,"Inspect the cited read scope, implement supersede obsolete jbc compiler ownership in the isolated A01 lane, add the focused ce_ccp1_a01_007 gate, and publish a source-linked receipt."
CE-CCP1-A01-008,CE-CCP1-A01-000,validation_task,Audit program identifier and artifact-name collisions,planned,850,serial_in_lane,a01;planning-compiler_authority;leaf,1,0,1,0,planning/cellerator-compiler-preledger-v1/evidence;planning/cellerator-compiler-preledger-v1/evidence/audit_program_identifier_and_artifact_name_collisions.md;tests/compiler/a01/audit_program_identifier_and_artifact_name_collisions_test.cc,.todo-orchestrator;CMakeLists.txt;ce-exop-plan.json;docs/language;planning/jbc-preledger-v1;scope.md,.gitmodules;CMakeLists.txt;bench/CMakeLists.txt;cmake/compiler/CelleratorCompilerTargets.cmake;cmake/package/CelleratorConfig.cmake.in;cmake/package/CelleratorConfigVersion.cmake.in;include/Cellerator/Cellerator.hh;include/Cellerator/compiler.hh;src/CMakeLists.txt;tests/CMakeLists.txt;tools/CMakeLists.txt,,"Inspect the cited read scope, implement audit program identifier and artifact-name collisions in the isolated A01 lane, add the focused ce_ccp1_a01_008 gate, and publish a source-linked receipt."
CE-CCP1-A01-009,CE-CCP1-A01-000,validation_task,Freeze the architecture-reconciliation receipt,planned,850,serial_in_lane,a01;planning-compiler_authority;leaf,1,1,1,0,planning/cellerator-compiler-preledger-v1/evidence;planning/cellerator-compiler-preledger-v1/evidence/freeze_the_architecture_reconciliation_receipt.md;tests/compiler/a01/freeze_the_architecture_reconciliation_receipt_test.cc,.todo-orchestrator;CMakeLists.txt;ce-exop-plan.json;docs/language;planning/jbc-preledger-v1;scope.md,.gitmodules;CMakeLists.txt;bench/CMakeLists.txt;cmake/compiler/CelleratorCompilerTargets.cmake;cmake/package/CelleratorConfig.cmake.in;cmake/package/CelleratorConfigVersion.cmake.in;include/Cellerator/Cellerator.hh;include/Cellerator/compiler.hh;src/CMakeLists.txt;tests/CMakeLists.txt;tools/CMakeLists.txt,,"Inspect the cited read scope, implement freeze the architecture-reconciliation receipt in the isolated A01 lane, add the focused ce_ccp1_a01_009 gate, and publish a source-linked receipt."
CE-CCP1-A02-000,CE-CCP1-P00,workstream,JBC implementation inventory and provenance preservation,planned,899,serial_lane,workstream;a02;planning-jbc_migration,0,0,0,0,planning/cellerator-compiler-preledger-v1/inventories,include/Cellerator/execution/joint_compiler;include/Cellerator/compute/decomposition;include/Cellerator/planner/external_cost;include/Cellerator/profiling/joint_compiler;tests/jbc;components/CellShard;planning/jbc-preledger-v1,CMakeLists.txt;src/CMakeLists.txt;tools/CMakeLists.txt;tests/CMakeLists.txt;bench/CMakeLists.txt;include/Cellerator/Cellerator.hh;include/Cellerator/compiler.hh;.gitmodules;cmake/package/CelleratorConfig.cmake.in;cmake/package/CelleratorConfigVersion.cmake.in;cmake/compiler/CelleratorCompilerTargets.cmake,,Claim A02-001 after milestone prerequisites are reached.
CE-CCP1-A02-001,CE-CCP1-A02-000,task,Inventory integrated Cellerator JBC contracts,planned,849,serial_in_lane,a02;planning-jbc_migration;leaf,0,0,1,0,planning/cellerator-compiler-preledger-v1/inventories;planning/cellerator-compiler-preledger-v1/inventories/inventory_integrated_cellerator_jbc_contracts.md;tests/compiler/a02/inventory_integrated_cellerator_jbc_contracts_test.cc,components/CellShard;include/Cellerator/compute/decomposition;include/Cellerator/execution/joint_compiler;include/Cellerator/planner/external_cost;include/Cellerator/profiling/joint_compiler;planning/jbc-preledger-v1;tests/jbc,.gitmodules;CMakeLists.txt;bench/CMakeLists.txt;cmake/compiler/CelleratorCompilerTargets.cmake;cmake/package/CelleratorConfig.cmake.in;cmake/package/CelleratorConfigVersion.cmake.in;include/Cellerator/Cellerator.hh;include/Cellerator/compiler.hh;src/CMakeLists.txt;tests/CMakeLists.txt;tools/CMakeLists.txt,,"Inspect the cited read scope, implement inventory integrated cellerator jbc contracts in the isolated A02 lane, add the focused ce_ccp1_a02_001 gate, and publish a source-linked receipt."
CE-CCP1-A02-002,CE-CCP1-A02-000,task,Inventory all CellShard JBC branch tips and worktrees,planned,849,serial_in_lane,a02;planning-jbc_migration;leaf,1,0,1,0,planning/cellerator-compiler-preledger-v1/inventories;planning/cellerator-compiler-preledger-v1/inventories/inventory_all_cellshard_jbc_branch_tips_and_worktrees.md;tests/compiler/a02/inventory_all_cellshard_jbc_branch_tips_and_worktrees_test.cc,components/CellShard;include/Cellerator/compute/decomposition;include/Cellerator/execution/joint_compiler;include/Cellerator/planner/external_cost;include/Cellerator/profiling/joint_compiler;planning/jbc-preledger-v1;tests/jbc,.gitmodules;CMakeLists.txt;bench/CMakeLists.txt;cmake/compiler/CelleratorCompilerTargets.cmake;cmake/package/CelleratorConfig.cmake.in;cmake/package/CelleratorConfigVersion.cmake.in;include/Cellerator/Cellerator.hh;include/Cellerator/compiler.hh;src/CMakeLists.txt;tests/CMakeLists.txt;tools/CMakeLists.txt,,"Inspect the cited read scope, implement inventory all cellshard jbc branch tips and worktrees in the isolated A02 lane, add the focused ce_ccp1_a02_002 gate, and publish a source-linked receipt."
CE-CCP1-A02-003,CE-CCP1-A02-000,task,Classify CellShard JBC files by semantic ownership,planned,849,serial_in_lane,a02;planning-jbc_migration;leaf,1,0,1,0,planning/cellerator-compiler-preledger-v1/inventories;planning/cellerator-compiler-preledger-v1/inventories/classify_cellshard_jbc_files_by_semantic_ownership.md;tests/compiler/a02/classify_cellshard_jbc_files_by_semantic_ownership_test.cc,components/CellShard;include/Cellerator/compute/decomposition;include/Cellerator/execution/joint_compiler;include/Cellerator/planner/external_cost;include/Cellerator/profiling/joint_compiler;planning/jbc-preledger-v1;tests/jbc,.gitmodules;CMakeLists.txt;bench/CMakeLists.txt;cmake/compiler/CelleratorCompilerTargets.cmake;cmake/package/CelleratorConfig.cmake.in;cmake/package/CelleratorConfigVersion.cmake.in;include/Cellerator/Cellerator.hh;include/Cellerator/compiler.hh;src/CMakeLists.txt;tests/CMakeLists.txt;tools/CMakeLists.txt,,"Inspect the cited read scope, implement classify cellshard jbc files by semantic ownership in the isolated A02 lane, add the focused ce_ccp1_a02_003 gate, and publish a source-linked receipt."
CE-CCP1-A02-004,CE-CCP1-A02-000,task,Map JBC implementation status by subsystem,planned,849,serial_in_lane,a02;planning-jbc_migration;leaf,1,0,1,0,planning/cellerator-compiler-preledger-v1/inventories;planning/cellerator-compiler-preledger-v1/inventories/map_jbc_implementation_status_by_subsystem.md;tests/compiler/a02/map_jbc_implementation_status_by_subsystem_test.cc,components/CellShard;include/Cellerator/compute/decomposition;include/Cellerator/execution/joint_compiler;include/Cellerator/planner/external_cost;include/Cellerator/profiling/joint_compiler;planning/jbc-preledger-v1;tests/jbc,.gitmodules;CMakeLists.txt;bench/CMakeLists.txt;cmake/compiler/CelleratorCompilerTargets.cmake;cmake/package/CelleratorConfig.cmake.in;cmake/package/CelleratorConfigVersion.cmake.in;include/Cellerator/Cellerator.hh;include/Cellerator/compiler.hh;src/CMakeLists.txt;tests/CMakeLists.txt;tools/CMakeLists.txt,,"Inspect the cited read scope, implement map jbc implementation status by subsystem in the isolated A02 lane, add the focused ce_ccp1_a02_004 gate, and publish a source-linked receipt."
CE-CCP1-A02-005,CE-CCP1-A02-000,task,Map JBC tests and benchmarks to preserved behavior,planned,849,serial_in_lane,a02;planning-jbc_migration;leaf,1,0,1,0,planning/cellerator-compiler-preledger-v1/inventories;planning/cellerator-compiler-preledger-v1/inventories/map_jbc_tests_and_benchmarks_to_preserved_behavior.md;tests/compiler/a02/map_jbc_tests_and_benchmarks_to_preserved_behavior_test.cc,components/CellShard;include/Cellerator/compute/decomposition;include/Cellerator/execution/joint_compiler;include/Cellerator/planner/external_cost;include/Cellerator/profiling/joint_compiler;planning/jbc-preledger-v1;tests/jbc,.gitmodules;CMakeLists.txt;bench/CMakeLists.txt;cmake/compiler/CelleratorCompilerTargets.cmake;cmake/package/CelleratorConfig.cmake.in;cmake/package/CelleratorConfigVersion.cmake.in;include/Cellerator/Cellerator.hh;include/Cellerator/compiler.hh;src/CMakeLists.txt;tests/CMakeLists.txt;tools/CMakeLists.txt,,"Inspect the cited read scope, implement map jbc tests and benchmarks to preserved behavior in the isolated A02 lane, add the focused ce_ccp1_a02_005 gate, and publish a source-linked receipt."
CE-CCP1-A02-006,CE-CCP1-A02-000,task,Map JBC interfaces and hidden assumptions,planned,849,serial_in_lane,a02;planning-jbc_migration;leaf,1,0,1,0,planning/cellerator-compiler-preledger-v1/inventories;planning/cellerator-compiler-preledger-v1/inventories/map_jbc_interfaces_and_hidden_assumptions.md;tests/compiler/a02/map_jbc_interfaces_and_hidden_assumptions_test.cc,components/CellShard;include/Cellerator/compute/decomposition;include/Cellerator/execution/joint_compiler;include/Cellerator/planner/external_cost;include/Cellerator/profiling/joint_compiler;planning/jbc-preledger-v1;tests/jbc,.gitmodules;CMakeLists.txt;bench/CMakeLists.txt;cmake/compiler/CelleratorCompilerTargets.cmake;cmake/package/CelleratorConfig.cmake.in;cmake/package/CelleratorConfigVersion.cmake.in;include/Cellerator/Cellerator.hh;include/Cellerator/compiler.hh;src/CMakeLists.txt;tests/CMakeLists.txt;tools/CMakeLists.txt,,"Inspect the cited read scope, implement map jbc interfaces and hidden assumptions in the isolated A02 lane, add the focused ce_ccp1_a02_006 gate, and publish a source-linked receipt."
CE-CCP1-A02-007,CE-CCP1-A02-000,task,Detect duplicated compiler mechanisms across repositories,planned,849,serial_in_lane,a02;planning-jbc_migration;leaf,1,0,1,0,planning/cellerator-compiler-preledger-v1/inventories;planning/cellerator-compiler-preledger-v1/inventories/detect_duplicated_compiler_mechanisms_across_repositorie.md;tests/compiler/a02/detect_duplicated_compiler_mechanisms_across_repositorie_test.cc,components/CellShard;include/Cellerator/compute/decomposition;include/Cellerator/execution/joint_compiler;include/Cellerator/planner/external_cost;include/Cellerator/profiling/joint_compiler;planning/jbc-preledger-v1;tests/jbc,.gitmodules;CMakeLists.txt;bench/CMakeLists.txt;cmake/compiler/CelleratorCompilerTargets.cmake;cmake/package/CelleratorConfig.cmake.in;cmake/package/CelleratorConfigVersion.cmake.in;include/Cellerator/Cellerator.hh;include/Cellerator/compiler.hh;src/CMakeLists.txt;tests/CMakeLists.txt;tools/CMakeLists.txt,,"Inspect the cited read scope, implement detect duplicated compiler mechanisms across repositories in the isolated A02 lane, add the focused ce_ccp1_a02_007 gate, and publish a source-linked receipt."
CE-CCP1-A02-008,CE-CCP1-A02-000,task,Determine migration order and thin-waist dependencies,planned,849,serial_in_lane,a02;planning-jbc_migration;leaf,1,0,1,0,planning/cellerator-compiler-preledger-v1/inventories;planning/cellerator-compiler-preledger-v1/inventories/determine_migration_order_and_thin_waist_dependencies.md;tests/compiler/a02/determine_migration_order_and_thin_waist_dependencies_test.cc,components/CellShard;include/Cellerator/compute/decomposition;include/Cellerator/execution/joint_compiler;include/Cellerator/planner/external_cost;include/Cellerator/profiling/joint_compiler;planning/jbc-preledger-v1;tests/jbc,.gitmodules;CMakeLists.txt;bench/CMakeLists.txt;cmake/compiler/CelleratorCompilerTargets.cmake;cmake/package/CelleratorConfig.cmake.in;cmake/package/CelleratorConfigVersion.cmake.in;include/Cellerator/Cellerator.hh;include/Cellerator/compiler.hh;src/CMakeLists.txt;tests/CMakeLists.txt;tools/CMakeLists.txt,,"Inspect the cited read scope, implement determine migration order and thin-waist dependencies in the isolated A02 lane, add the focused ce_ccp1_a02_008 gate, and publish a source-linked receipt."
CE-CCP1-A02-009,CE-CCP1-A02-000,task,Choose the cross-repository provenance method,planned,849,serial_in_lane,a02;planning-jbc_migration;leaf,1,0,1,0,planning/cellerator-compiler-preledger-v1/inventories;planning/cellerator-compiler-preledger-v1/inventories/choose_the_cross_repository_provenance_method.md;tests/compiler/a02/choose_the_cross_repository_provenance_method_test.cc,components/CellShard;include/Cellerator/compute/decomposition;include/Cellerator/execution/joint_compiler;include/Cellerator/planner/external_cost;include/Cellerator/profiling/joint_compiler;planning/jbc-preledger-v1;tests/jbc,.gitmodules;CMakeLists.txt;bench/CMakeLists.txt;cmake/compiler/CelleratorCompilerTargets.cmake;cmake/package/CelleratorConfig.cmake.in;cmake/package/CelleratorConfigVersion.cmake.in;include/Cellerator/Cellerator.hh;include/Cellerator/compiler.hh;src/CMakeLists.txt;tests/CMakeLists.txt;tools/CMakeLists.txt,,"Inspect the cited read scope, implement choose the cross-repository provenance method in the isolated A02 lane, add the focused ce_ccp1_a02_009 gate, and publish a source-linked receipt."
CE-CCP1-A02-010,CE-CCP1-A02-000,validation_task,"Audit licenses, generated files, and repository-local assumptions",planned,849,serial_in_lane,a02;planning-jbc_migration;leaf,1,0,1,0,planning/cellerator-compiler-preledger-v1/inventories;planning/cellerator-compiler-preledger-v1/inventories/audit_licenses_generated_files_and_repository_local_assu.md;tests/compiler/a02/audit_licenses_generated_files_and_repository_local_assu_test.cc,components/CellShard;include/Cellerator/compute/decomposition;include/Cellerator/execution/joint_compiler;include/Cellerator/planner/external_cost;include/Cellerator/profiling/joint_compiler;planning/jbc-preledger-v1;tests/jbc,.gitmodules;CMakeLists.txt;bench/CMakeLists.txt;cmake/compiler/CelleratorCompilerTargets.cmake;cmake/package/CelleratorConfig.cmake.in;cmake/package/CelleratorConfigVersion.cmake.in;include/Cellerator/Cellerator.hh;include/Cellerator/compiler.hh;src/CMakeLists.txt;tests/CMakeLists.txt;tools/CMakeLists.txt,,"Inspect the cited read scope, implement audit licenses, generated files, and repository-local assumptions in the isolated A02 lane, add the focused ce_ccp1_a02_010 gate, and publish a source-linked receipt."
CE-CCP1-A02-011,CE-CCP1-A02-000,task,Create the no-code-loss migration matrix,planned,849,serial_in_lane,a02;planning-jbc_migration;leaf,1,0,1,0,planning/cellerator-compiler-preledger-v1/inventories;planning/cellerator-compiler-preledger-v1/inventories/create_the_no_code_loss_migration_matrix.md;tests/compiler/a02/create_the_no_code_loss_migration_matrix_test.cc,components/CellShard;include/Cellerator/compute/decomposition;include/Cellerator/execution/joint_compiler;include/Cellerator/planner/external_cost;include/Cellerator/profiling/joint_compiler;planning/jbc-preledger-v1;tests/jbc,.gitmodules;CMakeLists.txt;bench/CMakeLists.txt;cmake/compiler/CelleratorCompilerTargets.cmake;cmake/package/CelleratorConfig.cmake.in;cmake/package/CelleratorConfigVersion.cmake.in;include/Cellerator/Cellerator.hh;include/Cellerator/compiler.hh;src/CMakeLists.txt;tests/CMakeLists.txt;tools/CMakeLists.txt,,"Inspect the cited read scope, implement create the no-code-loss migration matrix in the isolated A02 lane, add the focused ce_ccp1_a02_011 gate, and publish a source-linked receipt."
CE-CCP1-A02-012,CE-CCP1-A02-000,validation_task,Freeze the JBC provenance and migration inventory,planned,849,serial_in_lane,a02;planning-jbc_migration;leaf,2,1,1,1,planning/cellerator-compiler-preledger-v1/inventories;planning/cellerator-compiler-preledger-v1/inventories/freeze_the_jbc_provenance_and_migration_inventory.md;tests/compiler/a02/freeze_the_jbc_provenance_and_migration_inventory_test.cc,components/CellShard;include/Cellerator/compute/decomposition;include/Cellerator/execution/joint_compiler;include/Cellerator/planner/external_cost;include/Cellerator/profiling/joint_compiler;planning/jbc-preledger-v1;tests/jbc,.gitmodules;CMakeLists.txt;bench/CMakeLists.txt;cmake/compiler/CelleratorCompilerTargets.cmake;cmake/package/CelleratorConfig.cmake.in;cmake/package/CelleratorConfigVersion.cmake.in;include/Cellerator/Cellerator.hh;include/Cellerator/compiler.hh;src/CMakeLists.txt;tests/CMakeLists.txt;tools/CMakeLists.txt,,"Inspect the cited read scope, implement freeze the jbc provenance and migration inventory in the isolated A02 lane, add the focused ce_ccp1_a02_012 gate, and publish a source-linked receipt."
CE-CCP1-A03-000,CE-CCP1-P00,workstream,Cellerator and CellShard compiler-ownership rehoming design,planned,898,serial_lane,workstream;a03;compiler-migration,0,0,0,0,docs/compiler/migration;include/Cellerator/compiler/migration,components/CellShard/include/CellShard/compiler;components/CellShard/src/compiler;planning/jbc-preledger-v1;include/Cellerator,CMakeLists.txt;src/CMakeLists.txt;tools/CMakeLists.txt;tests/CMakeLists.txt;bench/CMakeLists.txt;include/Cellerator/Cellerator.hh;include/Cellerator/compiler.hh;.gitmodules;cmake/package/CelleratorConfig.cmake.in;cmake/package/CelleratorConfigVersion.cmake.in;cmake/compiler/CelleratorCompilerTargets.cmake,,Claim A03-001 after milestone prerequisites are reached.
CE-CCP1-A03-001,CE-CCP1-A03-000,task,Define Cellerator ownership of evidence and proposal discovery,planned,848,serial_in_lane,a03;compiler-migration;leaf,0,0,1,0,docs/compiler/migration;docs/compiler/migration/define_cellerator_ownership_of_evidence_and_proposal_dis.md;include/Cellerator/compiler/migration;include/Cellerator/compiler/migration/define_cellerator_ownership_of_evidence_and_proposal_dis_v1.hh;tests/compiler/a03/define_cellerator_ownership_of_evidence_and_proposal_dis_test.cc,components/CellShard/include/CellShard/compiler;components/CellShard/src/compiler;include/Cellerator;planning/jbc-preledger-v1,.gitmodules;CMakeLists.txt;bench/CMakeLists.txt;cmake/compiler/CelleratorCompilerTargets.cmake;cmake/package/CelleratorConfig.cmake.in;cmake/package/CelleratorConfigVersion.cmake.in;include/Cellerator/Cellerator.hh;include/Cellerator/compiler.hh;src/CMakeLists.txt;tests/CMakeLists.txt;tools/CMakeLists.txt,,"Inspect the cited read scope, implement define cellerator ownership of evidence and proposal discovery in the isolated A03 lane, add the focused ce_ccp1_a03_001 gate, and publish a source-linked receipt."
CE-CCP1-A03-002,CE-CCP1-A03-000,task,Define Cellerator ownership of exact certification,planned,848,serial_in_lane,a03;compiler-migration;leaf,1,0,1,0,docs/compiler/migration;docs/compiler/migration/define_cellerator_ownership_of_exact_certification.md;include/Cellerator/compiler/migration;include/Cellerator/compiler/migration/define_cellerator_ownership_of_exact_certification_v1.hh;tests/compiler/a03/define_cellerator_ownership_of_exact_certification_test.cc,components/CellShard/include/CellShard/compiler;components/CellShard/src/compiler;include/Cellerator;planning/jbc-preledger-v1,.gitmodules;CMakeLists.txt;bench/CMakeLists.txt;cmake/compiler/CelleratorCompilerTargets.cmake;cmake/package/CelleratorConfig.cmake.in;cmake/package/CelleratorConfigVersion.cmake.in;include/Cellerator/Cellerator.hh;include/Cellerator/compiler.hh;src/CMakeLists.txt;tests/CMakeLists.txt;tools/CMakeLists.txt,,"Inspect the cited read scope, implement define cellerator ownership of exact certification in the isolated A03 lane, add the focused ce_ccp1_a03_002 gate, and publish a source-linked receipt."
CE-CCP1-A03-003,CE-CCP1-A03-000,task,Define Cellerator ownership of atom semantics,planned,848,serial_in_lane,a03;compiler-migration;leaf,1,0,1,0,docs/compiler/migration;docs/compiler/migration/define_cellerator_ownership_of_atom_semantics.md;include/Cellerator/compiler/migration;include/Cellerator/compiler/migration/define_cellerator_ownership_of_atom_semantics_v1.hh;tests/compiler/a03/define_cellerator_ownership_of_atom_semantics_test.cc,components/CellShard/include/CellShard/compiler;components/CellShard/src/compiler;include/Cellerator;planning/jbc-preledger-v1,.gitmodules;CMakeLists.txt;bench/CMakeLists.txt;cmake/compiler/CelleratorCompilerTargets.cmake;cmake/package/CelleratorConfig.cmake.in;cmake/package/CelleratorConfigVersion.cmake.in;include/Cellerator/Cellerator.hh;include/Cellerator/compiler.hh;src/CMakeLists.txt;tests/CMakeLists.txt;tools/CMakeLists.txt,,"Inspect the cited read scope, implement define cellerator ownership of atom semantics in the isolated A03 lane, add the focused ce_ccp1_a03_003 gate, and publish a source-linked receipt."
CE-CCP1-A03-004,CE-CCP1-A03-000,task,Define Cellerator ownership of typed composition and grammar,planned,848,serial_in_lane,a03;compiler-migration;leaf,1,0,1,0,docs/compiler/migration;docs/compiler/migration/define_cellerator_ownership_of_typed_composition_and_gra.md;include/Cellerator/compiler/migration;include/Cellerator/compiler/migration/define_cellerator_ownership_of_typed_composition_and_gra_v1.hh;tests/compiler/a03/define_cellerator_ownership_of_typed_composition_and_gra_test.cc,components/CellShard/include/CellShard/compiler;components/CellShard/src/compiler;include/Cellerator;planning/jbc-preledger-v1,.gitmodules;CMakeLists.txt;bench/CMakeLists.txt;cmake/compiler/CelleratorCompilerTargets.cmake;cmake/package/CelleratorConfig.cmake.in;cmake/package/CelleratorConfigVersion.cmake.in;include/Cellerator/Cellerator.hh;include/Cellerator/compiler.hh;src/CMakeLists.txt;tests/CMakeLists.txt;tools/CMakeLists.txt,,"Inspect the cited read scope, implement define cellerator ownership of typed composition and grammar in the isolated A03 lane, add the focused ce_ccp1_a03_004 gate, and publish a source-linked receipt."
CE-CCP1-A03-005,CE-CCP1-A03-000,task,Define Cellerator ownership of basis selection,planned,848,serial_in_lane,a03;compiler-migration;leaf,1,0,1,0,docs/compiler/migration;docs/compiler/migration/define_cellerator_ownership_of_basis_selection.md;include/Cellerator/compiler/migration;include/Cellerator/compiler/migration/define_cellerator_ownership_of_basis_selection_v1.hh;tests/compiler/a03/define_cellerator_ownership_of_basis_selection_test.cc,components/CellShard/include/CellShard/compiler;components/CellShard/src/compiler;include/Cellerator;planning/jbc-preledger-v1,.gitmodules;CMakeLists.txt;bench/CMakeLists.txt;cmake/compiler/CelleratorCompilerTargets.cmake;cmake/package/CelleratorConfig.cmake.in;cmake/package/CelleratorConfigVersion.cmake.in;include/Cellerator/Cellerator.hh;include/Cellerator/compiler.hh;src/CMakeLists.txt;tests/CMakeLists.txt;tools/CMakeLists.txt,,"Inspect the cited read scope, implement define cellerator ownership of basis selection in the isolated A03 lane, add the focused ce_ccp1_a03_005 gate, and publish a source-linked receipt."
CE-CCP1-A03-006,CE-CCP1-A03-000,task,Define Cellerator ownership of superatom promotion,planned,848,serial_in_lane,a03;compiler-migration;leaf,1,0,1,0,docs/compiler/migration;docs/compiler/migration/define_cellerator_ownership_of_superatom_promotion.md;include/Cellerator/compiler/migration;include/Cellerator/compiler/migration/define_cellerator_ownership_of_superatom_promotion_v1.hh;tests/compiler/a03/define_cellerator_ownership_of_superatom_promotion_test.cc,components/CellShard/include/CellShard/compiler;components/CellShard/src/compiler;include/Cellerator;planning/jbc-preledger-v1,.gitmodules;CMakeLists.txt;bench/CMakeLists.txt;cmake/compiler/CelleratorCompilerTargets.cmake;cmake/package/CelleratorConfig.cmake.in;cmake/package/CelleratorConfigVersion.cmake.in;include/Cellerator/Cellerator.hh;include/Cellerator/compiler.hh;src/CMakeLists.txt;tests/CMakeLists.txt;tools/CMakeLists.txt,,"Inspect the cited read scope, implement define cellerator ownership of superatom promotion in the isolated A03 lane, add the focused ce_ccp1_a03_006 gate, and publish a source-linked receipt."
CE-CCP1-A03-007,CE-CCP1-A03-000,task,Split persistent partial semantics from partial storage,planned,848,serial_in_lane,a03;compiler-migration;leaf,1,0,1,0,docs/compiler/migration;docs/compiler/migration/split_persistent_partial_semantics_from_partial_storage.md;include/Cellerator/compiler/migration;include/Cellerator/compiler/migration/split_persistent_partial_semantics_from_partial_storage_v1.hh;tests/compiler/a03/split_persistent_partial_semantics_from_partial_storage_test.cc,components/CellShard/include/CellShard/compiler;components/CellShard/src/compiler;include/Cellerator;planning/jbc-preledger-v1,.gitmodules;CMakeLists.txt;bench/CMakeLists.txt;cmake/compiler/CelleratorCompilerTargets.cmake;cmake/package/CelleratorConfig.cmake.in;cmake/package/CelleratorConfigVersion.cmake.in;include/Cellerator/Cellerator.hh;include/Cellerator/compiler.hh;src/CMakeLists.txt;tests/CMakeLists.txt;tools/CMakeLists.txt,,"Inspect the cited read scope, implement split persistent partial semantics from partial storage in the isolated A03 lane, add the focused ce_ccp1_a03_007 gate, and publish a source-linked receipt."
CE-CCP1-A03-008,CE-CCP1-A03-000,task,Define Cellerator ownership of global operation/program IR,planned,848,serial_in_lane,a03;compiler-migration;leaf,1,0,1,0,docs/compiler/migration;docs/compiler/migration/define_cellerator_ownership_of_global_operation_program.md;include/Cellerator/compiler/migration;include/Cellerator/compiler/migration/define_cellerator_ownership_of_global_operation_program_v1.hh;tests/compiler/a03/define_cellerator_ownership_of_global_operation_program_test.cc,components/CellShard/include/CellShard/compiler;components/CellShard/src/compiler;include/Cellerator;planning/jbc-preledger-v1,.gitmodules;CMakeLists.txt;bench/CMakeLists.txt;cmake/compiler/CelleratorCompilerTargets.cmake;cmake/package/CelleratorConfig.cmake.in;cmake/package/CelleratorConfigVersion.cmake.in;include/Cellerator/Cellerator.hh;include/Cellerator/compiler.hh;src/CMakeLists.txt;tests/CMakeLists.txt;tools/CMakeLists.txt,,"Inspect the cited read scope, implement define cellerator ownership of global operation/program ir in the isolated A03 lane, add the focused ce_ccp1_a03_008 gate, and publish a source-linked receipt."
CE-CCP1-A03-009,CE-CCP1-A03-000,task,Define Cellerator ownership of portable schedule compilation,planned,848,serial_in_lane,a03;compiler-migration;leaf,1,0,1,0,docs/compiler/migration;docs/compiler/migration/define_cellerator_ownership_of_portable_schedule_compila.md;include/Cellerator/compiler/migration;include/Cellerator/compiler/migration/define_cellerator_ownership_of_portable_schedule_compila_v1.hh;tests/compiler/a03/define_cellerator_ownership_of_portable_schedule_compila_test.cc,components/CellShard/include/CellShard/compiler;components/CellShard/src/compiler;include/Cellerator;planning/jbc-preledger-v1,.gitmodules;CMakeLists.txt;bench/CMakeLists.txt;cmake/compiler/CelleratorCompilerTargets.cmake;cmake/package/CelleratorConfig.cmake.in;cmake/package/CelleratorConfigVersion.cmake.in;include/Cellerator/Cellerator.hh;include/Cellerator/compiler.hh;src/CMakeLists.txt;tests/CMakeLists.txt;tools/CMakeLists.txt,,"Inspect the cited read scope, implement define cellerator ownership of portable schedule compilation in the isolated A03 lane, add the focused ce_ccp1_a03_009 gate, and publish a source-linked receipt."
CE-CCP1-A03-010,CE-CCP1-A03-000,task,Define the retained CellShard concrete application boundary,planned,848,serial_in_lane,a03;compiler-migration;leaf,1,0,1,0,docs/compiler/migration;docs/compiler/migration/define_the_retained_cellshard_concrete_application_bound.md;include/Cellerator/compiler/migration;include/Cellerator/compiler/migration/define_the_retained_cellshard_concrete_application_bound_v1.hh;tests/compiler/a03/define_the_retained_cellshard_concrete_application_bound_test.cc,components/CellShard/include/CellShard/compiler;components/CellShard/src/compiler;include/Cellerator;planning/jbc-preledger-v1,.gitmodules;CMakeLists.txt;bench/CMakeLists.txt;cmake/compiler/CelleratorCompilerTargets.cmake;cmake/package/CelleratorConfig.cmake.in;cmake/package/CelleratorConfigVersion.cmake.in;include/Cellerator/Cellerator.hh;include/Cellerator/compiler.hh;src/CMakeLists.txt;tests/CMakeLists.txt;tools/CMakeLists.txt,,"Inspect the cited read scope, implement define the retained cellshard concrete application boundary in the isolated A03 lane, add the focused ce_ccp1_a03_010 gate, and publish a source-linked receipt."
CE-CCP1-A03-011,CE-CCP1-A03-000,task,Define temporary compiler-to-CellShard migration adapters,planned,848,serial_in_lane,a03;compiler-migration;leaf,1,0,1,0,docs/compiler/migration;docs/compiler/migration/define_temporary_compiler_to_cellshard_migration_adapter.md;include/Cellerator/compiler/migration;include/Cellerator/compiler/migration/define_temporary_compiler_to_cellshard_migration_adapter_v1.hh;tests/compiler/a03/define_temporary_compiler_to_cellshard_migration_adapter_test.cc,components/CellShard/include/CellShard/compiler;components/CellShard/src/compiler;include/Cellerator;planning/jbc-preledger-v1,.gitmodules;CMakeLists.txt;bench/CMakeLists.txt;cmake/compiler/CelleratorCompilerTargets.cmake;cmake/package/CelleratorConfig.cmake.in;cmake/package/CelleratorConfigVersion.cmake.in;include/Cellerator/Cellerator.hh;include/Cellerator/compiler.hh;src/CMakeLists.txt;tests/CMakeLists.txt;tools/CMakeLists.txt,,"Inspect the cited read scope, implement define temporary compiler-to-cellshard migration adapters in the isolated A03 lane, add the focused ce_ccp1_a03_011 gate, and publish a source-linked receipt."
CE-CCP1-A03-012,CE-CCP1-A03-000,task,Define Cellerator ruleset export consumed by CellShard,planned,848,serial_in_lane,a03;compiler-migration;leaf,1,0,1,0,docs/compiler/migration;docs/compiler/migration/define_cellerator_ruleset_export_consumed_by_cellshard.md;include/Cellerator/compiler/migration;include/Cellerator/compiler/migration/define_cellerator_ruleset_export_consumed_by_cellshard_v1.hh;tests/compiler/a03/define_cellerator_ruleset_export_consumed_by_cellshard_test.cc,components/CellShard/include/CellShard/compiler;components/CellShard/src/compiler;include/Cellerator;planning/jbc-preledger-v1,.gitmodules;CMakeLists.txt;bench/CMakeLists.txt;cmake/compiler/CelleratorCompilerTargets.cmake;cmake/package/CelleratorConfig.cmake.in;cmake/package/CelleratorConfigVersion.cmake.in;include/Cellerator/Cellerator.hh;include/Cellerator/compiler.hh;src/CMakeLists.txt;tests/CMakeLists.txt;tools/CMakeLists.txt,,"Inspect the cited read scope, implement define cellerator ruleset export consumed by cellshard in the isolated A03 lane, add the focused ce_ccp1_a03_012 gate, and publish a source-linked receipt."
CE-CCP1-A03-013,CE-CCP1-A03-000,task,Reconcile old JBC documentation and active-run status,planned,848,serial_in_lane,a03;compiler-migration;leaf,1,0,1,0,docs/compiler/migration;docs/compiler/migration/reconcile_old_jbc_documentation_and_active_run_status.md;include/Cellerator/compiler/migration;include/Cellerator/compiler/migration/reconcile_old_jbc_documentation_and_active_run_status_v1.hh;tests/compiler/a03/reconcile_old_jbc_documentation_and_active_run_status_test.cc,components/CellShard/include/CellShard/compiler;components/CellShard/src/compiler;include/Cellerator;planning/jbc-preledger-v1,.gitmodules;CMakeLists.txt;bench/CMakeLists.txt;cmake/compiler/CelleratorCompilerTargets.cmake;cmake/package/CelleratorConfig.cmake.in;cmake/package/CelleratorConfigVersion.cmake.in;include/Cellerator/Cellerator.hh;include/Cellerator/compiler.hh;src/CMakeLists.txt;tests/CMakeLists.txt;tools/CMakeLists.txt,,"Inspect the cited read scope, implement reconcile old jbc documentation and active-run status in the isolated A03 lane, add the focused ce_ccp1_a03_013 gate, and publish a source-linked receipt."
CE-CCP1-A03-014,CE-CCP1-A03-000,validation_task,Freeze the compiler-ownership rehoming contract,planned,848,serial_in_lane,a03;compiler-migration;leaf,2,1,1,1,docs/compiler/migration;docs/compiler/migration/freeze_the_compiler_ownership_rehoming_contract.md;include/Cellerator/compiler/migration;include/Cellerator/compiler/migration/freeze_the_compiler_ownership_rehoming_contract_v1.hh;tests/compiler/a03/freeze_the_compiler_ownership_rehoming_contract_test.cc,components/CellShard/include/CellShard/compiler;components/CellShard/src/compiler;include/Cellerator;planning/jbc-preledger-v1,.gitmodules;CMakeLists.txt;bench/CMakeLists.txt;cmake/compiler/CelleratorCompilerTargets.cmake;cmake/package/CelleratorConfig.cmake.in;cmake/package/CelleratorConfigVersion.cmake.in;include/Cellerator/Cellerator.hh;include/Cellerator/compiler.hh;src/CMakeLists.txt;tests/CMakeLists.txt;tools/CMakeLists.txt,,"Inspect the cited read scope, implement freeze the compiler-ownership rehoming contract in the isolated A03 lane, add the focused ce_ccp1_a03_014 gate, and publish a source-linked receipt."
CE-CCP1-A04-000,CE-CCP1-P00,workstream,Proposed compiler directory and central-file ownership structure,planned,897,serial_lane,workstream;a04;repository-layout,0,0,0,0,docs/compiler/source-layout,CMakeLists.txt;include/Cellerator;src;tools;tests;bench;cmake;docs/language,CMakeLists.txt;src/CMakeLists.txt;tools/CMakeLists.txt;tests/CMakeLists.txt;bench/CMakeLists.txt;include/Cellerator/Cellerator.hh;include/Cellerator/compiler.hh;.gitmodules;cmake/package/CelleratorConfig.cmake.in;cmake/package/CelleratorConfigVersion.cmake.in;cmake/compiler/CelleratorCompilerTargets.cmake,,Claim A04-001 after milestone prerequisites are reached.
CE-CCP1-A04-001,CE-CCP1-A04-000,validation_task,Freeze the public compiler header tree,planned,847,serial_in_lane,a04;repository-layout;leaf,0,0,1,0,docs/compiler/source-layout;docs/compiler/source-layout/freeze_the_public_compiler_header_tree.md;tests/compiler/a04/freeze_the_public_compiler_header_tree_test.cc,CMakeLists.txt;bench;cmake;docs/language;include/Cellerator;src;tests;tools,.gitmodules;CMakeLists.txt;bench/CMakeLists.txt;cmake/compiler/CelleratorCompilerTargets.cmake;cmake/package/CelleratorConfig.cmake.in;cmake/package/CelleratorConfigVersion.cmake.in;include/Cellerator/Cellerator.hh;include/Cellerator/compiler.hh;src/CMakeLists.txt;tests/CMakeLists.txt;tools/CMakeLists.txt,,"Inspect the cited read scope, implement freeze the public compiler header tree in the isolated A04 lane, add the focused ce_ccp1_a04_001 gate, and publish a source-linked receipt."
CE-CCP1-A04-002,CE-CCP1-A04-000,validation_task,Freeze the compiler implementation tree,planned,847,serial_in_lane,a04;repository-layout;leaf,1,0,1,0,docs/compiler/source-layout;docs/compiler/source-layout/freeze_the_compiler_implementation_tree.md;tests/compiler/a04/freeze_the_compiler_implementation_tree_test.cc,CMakeLists.txt;bench;cmake;docs/language;include/Cellerator;src;tests;tools,.gitmodules;CMakeLists.txt;bench/CMakeLists.txt;cmake/compiler/CelleratorCompilerTargets.cmake;cmake/package/CelleratorConfig.cmake.in;cmake/package/CelleratorConfigVersion.cmake.in;include/Cellerator/Cellerator.hh;include/Cellerator/compiler.hh;src/CMakeLists.txt;tests/CMakeLists.txt;tools/CMakeLists.txt,,"Inspect the cited read scope, implement freeze the compiler implementation tree in the isolated A04 lane, add the focused ce_ccp1_a04_002 gate, and publish a source-linked receipt."
CE-CCP1-A04-003,CE-CCP1-A04-000,validation_task,Freeze compiler executable locations,planned,847,serial_in_lane,a04;repository-layout;leaf,1,0,1,0,docs/compiler/source-layout;docs/compiler/source-layout/freeze_compiler_executable_locations.md;tests/compiler/a04/freeze_compiler_executable_locations_test.cc,CMakeLists.txt;bench;cmake;docs/language;include/Cellerator;src;tests;tools,.gitmodules;CMakeLists.txt;bench/CMakeLists.txt;cmake/compiler/CelleratorCompilerTargets.cmake;cmake/package/CelleratorConfig.cmake.in;cmake/package/CelleratorConfigVersion.cmake.in;include/Cellerator/Cellerator.hh;include/Cellerator/compiler.hh;src/CMakeLists.txt;tests/CMakeLists.txt;tools/CMakeLists.txt,,"Inspect the cited read scope, implement freeze compiler executable locations in the isolated A04 lane, add the focused ce_ccp1_a04_003 gate, and publish a source-linked receipt."
CE-CCP1-A04-004,CE-CCP1-A04-000,validation_task,Freeze standard-library and resource locations,planned,847,serial_in_lane,a04;repository-layout;leaf,1,0,1,0,docs/compiler/source-layout;docs/compiler/source-layout/freeze_standard_library_and_resource_locations.md;tests/compiler/a04/freeze_standard_library_and_resource_locations_test.cc,CMakeLists.txt;bench;cmake;docs/language;include/Cellerator;src;tests;tools,.gitmodules;CMakeLists.txt;bench/CMakeLists.txt;cmake/compiler/CelleratorCompilerTargets.cmake;cmake/package/CelleratorConfig.cmake.in;cmake/package/CelleratorConfigVersion.cmake.in;include/Cellerator/Cellerator.hh;include/Cellerator/compiler.hh;src/CMakeLists.txt;tests/CMakeLists.txt;tools/CMakeLists.txt,,"Inspect the cited read scope, implement freeze standard-library and resource locations in the isolated A04 lane, add the focused ce_ccp1_a04_004 gate, and publish a source-linked receipt."
CE-CCP1-A04-005,CE-CCP1-A04-000,validation_task,Freeze compiler test and benchmark locations,planned,847,serial_in_lane,a04;repository-layout;leaf,1,0,1,0,docs/compiler/source-layout;docs/compiler/source-layout/freeze_compiler_test_and_benchmark_locations.md;tests/compiler/a04/freeze_compiler_test_and_benchmark_locations_test.cc,CMakeLists.txt;bench;cmake;docs/language;include/Cellerator;src;tests;tools,.gitmodules;CMakeLists.txt;bench/CMakeLists.txt;cmake/compiler/CelleratorCompilerTargets.cmake;cmake/package/CelleratorConfig.cmake.in;cmake/package/CelleratorConfigVersion.cmake.in;include/Cellerator/Cellerator.hh;include/Cellerator/compiler.hh;src/CMakeLists.txt;tests/CMakeLists.txt;tools/CMakeLists.txt,,"Inspect the cited read scope, implement freeze compiler test and benchmark locations in the isolated A04 lane, add the focused ce_ccp1_a04_005 gate, and publish a source-linked receipt."
CE-CCP1-A04-006,CE-CCP1-A04-000,task,Define central registry and generated-manifest ownership,planned,847,serial_in_lane,a04;repository-layout;leaf,1,0,1,0,docs/compiler/source-layout;docs/compiler/source-layout/define_central_registry_and_generated_manifest_ownership.md;tests/compiler/a04/define_central_registry_and_generated_manifest_ownership_test.cc,CMakeLists.txt;bench;cmake;docs/language;include/Cellerator;src;tests;tools,.gitmodules;CMakeLists.txt;bench/CMakeLists.txt;cmake/compiler/CelleratorCompilerTargets.cmake;cmake/package/CelleratorConfig.cmake.in;cmake/package/CelleratorConfigVersion.cmake.in;include/Cellerator/Cellerator.hh;include/Cellerator/compiler.hh;src/CMakeLists.txt;tests/CMakeLists.txt;tools/CMakeLists.txt,,"Inspect the cited read scope, implement define central registry and generated-manifest ownership in the isolated A04 lane, add the focused ce_ccp1_a04_006 gate, and publish a source-linked receipt."
CE-CCP1-A04-007,CE-CCP1-A04-000,task,Split umbrella headers and public component imports,planned,847,serial_in_lane,a04;repository-layout;leaf,1,0,1,0,docs/compiler/source-layout;docs/compiler/source-layout/split_umbrella_headers_and_public_component_imports.md;tests/compiler/a04/split_umbrella_headers_and_public_component_imports_test.cc,CMakeLists.txt;bench;cmake;docs/language;include/Cellerator;src;tests;tools,.gitmodules;CMakeLists.txt;bench/CMakeLists.txt;cmake/compiler/CelleratorCompilerTargets.cmake;cmake/package/CelleratorConfig.cmake.in;cmake/package/CelleratorConfigVersion.cmake.in;include/Cellerator/Cellerator.hh;include/Cellerator/compiler.hh;src/CMakeLists.txt;tests/CMakeLists.txt;tools/CMakeLists.txt,,"Inspect the cited read scope, implement split umbrella headers and public component imports in the isolated A04 lane, add the focused ce_ccp1_a04_007 gate, and publish a source-linked receipt."
CE-CCP1-A04-008,CE-CCP1-A04-000,task,Define generated-source and build-tree boundaries,planned,847,serial_in_lane,a04;repository-layout;leaf,1,0,1,0,docs/compiler/source-layout;docs/compiler/source-layout/define_generated_source_and_build_tree_boundaries.md;tests/compiler/a04/define_generated_source_and_build_tree_boundaries_test.cc,CMakeLists.txt;bench;cmake;docs/language;include/Cellerator;src;tests;tools,.gitmodules;CMakeLists.txt;bench/CMakeLists.txt;cmake/compiler/CelleratorCompilerTargets.cmake;cmake/package/CelleratorConfig.cmake.in;cmake/package/CelleratorConfigVersion.cmake.in;include/Cellerator/Cellerator.hh;include/Cellerator/compiler.hh;src/CMakeLists.txt;tests/CMakeLists.txt;tools/CMakeLists.txt,,"Inspect the cited read scope, implement define generated-source and build-tree boundaries in the isolated A04 lane, add the focused ce_ccp1_a04_008 gate, and publish a source-linked receipt."
CE-CCP1-A04-009,CE-CCP1-A04-000,task,Define AGENTS and ownership inheritance,planned,847,serial_in_lane,a04;repository-layout;leaf,1,0,1,0,docs/compiler/source-layout;docs/compiler/source-layout/define_agents_and_ownership_inheritance.md;tests/compiler/a04/define_agents_and_ownership_inheritance_test.cc,CMakeLists.txt;bench;cmake;docs/language;include/Cellerator;src;tests;tools,.gitmodules;CMakeLists.txt;bench/CMakeLists.txt;cmake/compiler/CelleratorCompilerTargets.cmake;cmake/package/CelleratorConfig.cmake.in;cmake/package/CelleratorConfigVersion.cmake.in;include/Cellerator/Cellerator.hh;include/Cellerator/compiler.hh;src/CMakeLists.txt;tests/CMakeLists.txt;tools/CMakeLists.txt,,"Inspect the cited read scope, implement define agents and ownership inheritance in the isolated A04 lane, add the focused ce_ccp1_a04_009 gate, and publish a source-linked receipt."
CE-CCP1-A04-010,CE-CCP1-A04-000,validation_task,Freeze the source layout and ownership map,planned,847,serial_in_lane,a04;repository-layout;leaf,2,1,1,1,docs/compiler/source-layout;docs/compiler/source-layout/freeze_the_source_layout_and_ownership_map.md;tests/compiler/a04/freeze_the_source_layout_and_ownership_map_test.cc,CMakeLists.txt;bench;cmake;docs/language;include/Cellerator;src;tests;tools,.gitmodules;CMakeLists.txt;bench/CMakeLists.txt;cmake/compiler/CelleratorCompilerTargets.cmake;cmake/package/CelleratorConfig.cmake.in;cmake/package/CelleratorConfigVersion.cmake.in;include/Cellerator/Cellerator.hh;include/Cellerator/compiler.hh;src/CMakeLists.txt;tests/CMakeLists.txt;tools/CMakeLists.txt,,"Inspect the cited read scope, implement freeze the source layout and ownership map in the isolated A04 lane, add the focused ce_ccp1_a04_010 gate, and publish a source-linked receipt."
CE-CCP1-B01-000,CE-CCP1-P10,workstream,Host-only build partition and compiler target graph,planned,896,serial_lane,workstream;b01;build-compiler,1,0,0,0,cmake/compiler;src/compiler/CMakeLists.txt;include/Cellerator/compiler/build,CMakeLists.txt;src/runtime/CMakeLists.txt;src/compute;src/geometry;cmake/providers;modules,CMakeLists.txt;src/CMakeLists.txt;tools/CMakeLists.txt;tests/CMakeLists.txt;bench/CMakeLists.txt;include/Cellerator/Cellerator.hh;include/Cellerator/compiler.hh;.gitmodules;cmake/package/CelleratorConfig.cmake.in;cmake/package/CelleratorConfigVersion.cmake.in;cmake/compiler/CelleratorCompilerTargets.cmake,,Claim B01-001 after milestone prerequisites are reached.
CE-CCP1-B01-001,CE-CCP1-B01-000,task,Define the host-only root project contract,planned,846,serial_in_lane,b01;build-compiler;leaf,1,0,1,0,cmake/compiler;cmake/compiler/define_the_host_only_root_project_contract.cmake;include/Cellerator/compiler/build;include/Cellerator/compiler/build/define_the_host_only_root_project_contract_v1.hh;src/compiler/CMakeLists.txt;tests/compiler/b01/define_the_host_only_root_project_contract_test.cc,CMakeLists.txt;cmake/providers;modules;src/compute;src/geometry;src/runtime/CMakeLists.txt,.gitmodules;CMakeLists.txt;bench/CMakeLists.txt;cmake/package/CelleratorConfig.cmake.in;cmake/package/CelleratorConfigVersion.cmake.in;include/Cellerator/Cellerator.hh;include/Cellerator/compiler.hh;src/CMakeLists.txt;tests/CMakeLists.txt;tools/CMakeLists.txt,,"Inspect the cited read scope, implement define the host-only root project contract in the isolated B01 lane, add the focused ce_ccp1_b01_001 gate, and publish a source-linked receipt."
CE-CCP1-B01-002,CE-CCP1-B01-000,task,Define tri-state CUDA backend configuration,planned,846,serial_in_lane,b01;build-compiler;leaf,1,0,1,0,cmake/compiler;cmake/compiler/define_tri_state_cuda_backend_configuration.cmake;include/Cellerator/compiler/build;include/Cellerator/compiler/build/define_tri_state_cuda_backend_configuration_v1.hh;src/compiler/CMakeLists.txt;tests/compiler/b01/define_tri_state_cuda_backend_configuration_test.cc,CMakeLists.txt;cmake/providers;modules;src/compute;src/geometry;src/runtime/CMakeLists.txt,.gitmodules;CMakeLists.txt;bench/CMakeLists.txt;cmake/package/CelleratorConfig.cmake.in;cmake/package/CelleratorConfigVersion.cmake.in;include/Cellerator/Cellerator.hh;include/Cellerator/compiler.hh;src/CMakeLists.txt;tests/CMakeLists.txt;tools/CMakeLists.txt,,"Inspect the cited read scope, implement define tri-state cuda backend configuration in the isolated B01 lane, add the focused ce_ccp1_b01_002 gate, and publish a source-linked receipt."
CE-CCP1-B01-003,CE-CCP1-B01-000,task,Create compiler component target boundaries,planned,846,serial_in_lane,b01;build-compiler;leaf,1,0,1,0,cmake/compiler;cmake/compiler/create_compiler_component_target_boundaries.cmake;include/Cellerator/compiler/build;include/Cellerator/compiler/build/create_compiler_component_target_boundaries_v1.hh;src/compiler/CMakeLists.txt;tests/compiler/b01/create_compiler_component_target_boundaries_test.cc,CMakeLists.txt;cmake/providers;modules;src/compute;src/geometry;src/runtime/CMakeLists.txt,.gitmodules;CMakeLists.txt;bench/CMakeLists.txt;cmake/package/CelleratorConfig.cmake.in;cmake/package/CelleratorConfigVersion.cmake.in;include/Cellerator/Cellerator.hh;include/Cellerator/compiler.hh;src/CMakeLists.txt;tests/CMakeLists.txt;tools/CMakeLists.txt,,"Inspect the cited read scope, implement create compiler component target boundaries in the isolated B01 lane, add the focused ce_ccp1_b01_003 gate, and publish a source-linked receipt."
CE-CCP1-B01-004,CE-CCP1-B01-000,task,Set modern compiler/tooling language standards,planned,846,serial_in_lane,b01;build-compiler;leaf,1,0,1,0,cmake/compiler;cmake/compiler/set_modern_compiler_tooling_language_standards.cmake;include/Cellerator/compiler/build;include/Cellerator/compiler/build/set_modern_compiler_tooling_language_standards_v1.hh;src/compiler/CMakeLists.txt;tests/compiler/b01/set_modern_compiler_tooling_language_standards_test.cc,CMakeLists.txt;cmake/providers;modules;src/compute;src/geometry;src/runtime/CMakeLists.txt,.gitmodules;CMakeLists.txt;bench/CMakeLists.txt;cmake/package/CelleratorConfig.cmake.in;cmake/package/CelleratorConfigVersion.cmake.in;include/Cellerator/Cellerator.hh;include/Cellerator/compiler.hh;src/CMakeLists.txt;tests/CMakeLists.txt;tools/CMakeLists.txt,,"Inspect the cited read scope, implement set modern compiler/tooling language standards in the isolated B01 lane, add the focused ce_ccp1_b01_004 gate, and publish a source-linked receipt."
CE-CCP1-B01-005,CE-CCP1-B01-000,task,Isolate legacy CUDA target requirements,planned,846,serial_in_lane,b01;build-compiler;leaf,1,0,1,0,cmake/compiler;cmake/compiler/isolate_legacy_cuda_target_requirements.cmake;include/Cellerator/compiler/build;include/Cellerator/compiler/build/isolate_legacy_cuda_target_requirements_v1.hh;src/compiler/CMakeLists.txt;tests/compiler/b01/isolate_legacy_cuda_target_requirements_test.cc,CMakeLists.txt;cmake/providers;modules;src/compute;src/geometry;src/runtime/CMakeLists.txt,.gitmodules;CMakeLists.txt;bench/CMakeLists.txt;cmake/package/CelleratorConfig.cmake.in;cmake/package/CelleratorConfigVersion.cmake.in;include/Cellerator/Cellerator.hh;include/Cellerator/compiler.hh;src/CMakeLists.txt;tests/CMakeLists.txt;tools/CMakeLists.txt,,"Inspect the cited read scope, implement isolate legacy cuda target requirements in the isolated B01 lane, add the focused ce_ccp1_b01_005 gate, and publish a source-linked receipt."
CE-CCP1-B01-006,CE-CCP1-B01-000,task,Define optional LLVM and Clang library discovery,planned,846,serial_in_lane,b01;build-compiler;leaf,1,0,1,0,cmake/compiler;cmake/compiler/define_optional_llvm_and_clang_library_discovery.cmake;include/Cellerator/compiler/build;include/Cellerator/compiler/build/define_optional_llvm_and_clang_library_discovery_v1.hh;src/compiler/CMakeLists.txt;tests/compiler/b01/define_optional_llvm_and_clang_library_discovery_test.cc,CMakeLists.txt;cmake/providers;modules;src/compute;src/geometry;src/runtime/CMakeLists.txt,.gitmodules;CMakeLists.txt;bench/CMakeLists.txt;cmake/package/CelleratorConfig.cmake.in;cmake/package/CelleratorConfigVersion.cmake.in;include/Cellerator/Cellerator.hh;include/Cellerator/compiler.hh;src/CMakeLists.txt;tests/CMakeLists.txt;tools/CMakeLists.txt,,"Inspect the cited read scope, implement define optional llvm and clang library discovery in the isolated B01 lane, add the focused ce_ccp1_b01_006 gate, and publish a source-linked receipt."
CE-CCP1-B01-007,CE-CCP1-B01-000,task,Define backend resource discovery manifests,planned,846,serial_in_lane,b01;build-compiler;leaf,1,0,1,0,cmake/compiler;cmake/compiler/define_backend_resource_discovery_manifests.cmake;include/Cellerator/compiler/build;include/Cellerator/compiler/build/define_backend_resource_discovery_manifests_v1.hh;src/compiler/CMakeLists.txt;tests/compiler/b01/define_backend_resource_discovery_manifests_test.cc,CMakeLists.txt;cmake/providers;modules;src/compute;src/geometry;src/runtime/CMakeLists.txt,.gitmodules;CMakeLists.txt;bench/CMakeLists.txt;cmake/package/CelleratorConfig.cmake.in;cmake/package/CelleratorConfigVersion.cmake.in;include/Cellerator/Cellerator.hh;include/Cellerator/compiler.hh;src/CMakeLists.txt;tests/CMakeLists.txt;tools/CMakeLists.txt,,"Inspect the cited read scope, implement define backend resource discovery manifests in the isolated B01 lane, add the focused ce_ccp1_b01_007 gate, and publish a source-linked receipt."
CE-CCP1-B01-008,CE-CCP1-B01-000,task,Define build-tree generated header ownership,planned,846,serial_in_lane,b01;build-compiler;leaf,1,0,1,0,cmake/compiler;cmake/compiler/define_build_tree_generated_header_ownership.cmake;include/Cellerator/compiler/build;include/Cellerator/compiler/build/define_build_tree_generated_header_ownership_v1.hh;src/compiler/CMakeLists.txt;tests/compiler/b01/define_build_tree_generated_header_ownership_test.cc,CMakeLists.txt;cmake/providers;modules;src/compute;src/geometry;src/runtime/CMakeLists.txt,.gitmodules;CMakeLists.txt;bench/CMakeLists.txt;cmake/package/CelleratorConfig.cmake.in;cmake/package/CelleratorConfigVersion.cmake.in;include/Cellerator/Cellerator.hh;include/Cellerator/compiler.hh;src/CMakeLists.txt;tests/CMakeLists.txt;tools/CMakeLists.txt,,"Inspect the cited read scope, implement define build-tree generated header ownership in the isolated B01 lane, add the focused ce_ccp1_b01_008 gate, and publish a source-linked receipt."
CE-CCP1-B01-009,CE-CCP1-B01-000,task,Create host-only compiler smoke targets,planned,846,serial_in_lane,b01;build-compiler;leaf,1,0,1,0,cmake/compiler;cmake/compiler/create_host_only_compiler_smoke_targets.cmake;include/Cellerator/compiler/build;include/Cellerator/compiler/build/create_host_only_compiler_smoke_targets_v1.hh;src/compiler/CMakeLists.txt;tests/compiler/b01/create_host_only_compiler_smoke_targets_test.cc,CMakeLists.txt;cmake/providers;modules;src/compute;src/geometry;src/runtime/CMakeLists.txt,.gitmodules;CMakeLists.txt;bench/CMakeLists.txt;cmake/package/CelleratorConfig.cmake.in;cmake/package/CelleratorConfigVersion.cmake.in;include/Cellerator/Cellerator.hh;include/Cellerator/compiler.hh;src/CMakeLists.txt;tests/CMakeLists.txt;tools/CMakeLists.txt,,"Inspect the cited read scope, implement create host-only compiler smoke targets in the isolated B01 lane, add the focused ce_ccp1_b01_009 gate, and publish a source-linked receipt."
CE-CCP1-B01-010,CE-CCP1-B01-000,task,Create accelerator-enabled compiler smoke targets,planned,846,serial_in_lane,b01;build-compiler;leaf,1,0,1,0,cmake/compiler;cmake/compiler/create_accelerator_enabled_compiler_smoke_targets.cmake;include/Cellerator/compiler/build;include/Cellerator/compiler/build/create_accelerator_enabled_compiler_smoke_targets_v1.hh;src/compiler/CMakeLists.txt;tests/compiler/b01/create_accelerator_enabled_compiler_smoke_targets_test.cc,CMakeLists.txt;cmake/providers;modules;src/compute;src/geometry;src/runtime/CMakeLists.txt,.gitmodules;CMakeLists.txt;bench/CMakeLists.txt;cmake/package/CelleratorConfig.cmake.in;cmake/package/CelleratorConfigVersion.cmake.in;include/Cellerator/Cellerator.hh;include/Cellerator/compiler.hh;src/CMakeLists.txt;tests/CMakeLists.txt;tools/CMakeLists.txt,,"Inspect the cited read scope, implement create accelerator-enabled compiler smoke targets in the isolated B01 lane, add the focused ce_ccp1_b01_010 gate, and publish a source-linked receipt."
CE-CCP1-B01-011,CE-CCP1-B01-000,task,Define build presets and CI matrix,planned,846,serial_in_lane,b01;build-compiler;leaf,1,0,1,0,cmake/compiler;cmake/compiler/define_build_presets_and_ci_matrix.cmake;include/Cellerator/compiler/build;include/Cellerator/compiler/build/define_build_presets_and_ci_matrix_v1.hh;src/compiler/CMakeLists.txt;tests/compiler/b01/define_build_presets_and_ci_matrix_test.cc,CMakeLists.txt;cmake/providers;modules;src/compute;src/geometry;src/runtime/CMakeLists.txt,.gitmodules;CMakeLists.txt;bench/CMakeLists.txt;cmake/package/CelleratorConfig.cmake.in;cmake/package/CelleratorConfigVersion.cmake.in;include/Cellerator/Cellerator.hh;include/Cellerator/compiler.hh;src/CMakeLists.txt;tests/CMakeLists.txt;tools/CMakeLists.txt,,"Inspect the cited read scope, implement define build presets and ci matrix in the isolated B01 lane, add the focused ce_ccp1_b01_011 gate, and publish a source-linked receipt."
CE-CCP1-B01-012,CE-CCP1-B01-000,validation_task,Freeze the compiler target graph,planned,846,serial_in_lane,b01;build-compiler;leaf,2,1,1,1,cmake/compiler;cmake/compiler/freeze_the_compiler_target_graph.cmake;include/Cellerator/compiler/build;include/Cellerator/compiler/build/freeze_the_compiler_target_graph_v1.hh;src/compiler/CMakeLists.txt;tests/compiler/b01/freeze_the_compiler_target_graph_test.cc,CMakeLists.txt;cmake/providers;modules;src/compute;src/geometry;src/runtime/CMakeLists.txt,.gitmodules;CMakeLists.txt;bench/CMakeLists.txt;cmake/package/CelleratorConfig.cmake.in;cmake/package/CelleratorConfigVersion.cmake.in;include/Cellerator/Cellerator.hh;include/Cellerator/compiler.hh;src/CMakeLists.txt;tests/CMakeLists.txt;tools/CMakeLists.txt,,"Inspect the cited read scope, implement freeze the compiler target graph in the isolated B01 lane, add the focused ce_ccp1_b01_012 gate, and publish a source-linked receipt."
CE-CCP1-B02-000,CE-CCP1-P10,workstream,Compiler driver and NVCC-like downstream toolchain selection,planned,895,serial_lane,workstream;b02;compiler-driver,1,0,0,0,include/Cellerator/compiler/driver;src/compiler/driver;tools/cellerator,CMakeLists.txt;cmake/providers;docs/language;tools;include/Cellerator/execution/lowering_resumption,CMakeLists.txt;src/CMakeLists.txt;tools/CMakeLists.txt;tests/CMakeLists.txt;bench/CMakeLists.txt;include/Cellerator/Cellerator.hh;include/Cellerator/compiler.hh;.gitmodules;cmake/package/CelleratorConfig.cmake.in;cmake/package/CelleratorConfigVersion.cmake.in;cmake/compiler/CelleratorCompilerTargets.cmake,,Claim B02-001 after milestone prerequisites are reached.
CE-CCP1-B02-001,CE-CCP1-B02-000,task,Define the compiler invocation and action graph,planned,845,serial_in_lane,b02;compiler-driver;leaf,1,0,1,0,include/Cellerator/compiler/driver;include/Cellerator/compiler/driver/define_the_compiler_invocation_and_action_graph_v1.hh;src/compiler/driver;src/compiler/driver/define_the_compiler_invocation_and_action_graph.cc;tests/compiler/b02/define_the_compiler_invocation_and_action_graph_test.cc;tools/cellerator;tools/cellerator/define_the_compiler_invocation_and_action_graph.cc,CMakeLists.txt;cmake/providers;docs/language;include/Cellerator/execution/lowering_resumption;tools,.gitmodules;CMakeLists.txt;bench/CMakeLists.txt;cmake/compiler/CelleratorCompilerTargets.cmake;cmake/package/CelleratorConfig.cmake.in;cmake/package/CelleratorConfigVersion.cmake.in;include/Cellerator/Cellerator.hh;include/Cellerator/compiler.hh;src/CMakeLists.txt;tests/CMakeLists.txt;tools/CMakeLists.txt,,"Inspect the cited read scope, implement define the compiler invocation and action graph in the isolated B02 lane, add the focused ce_ccp1_b02_001 gate, and publish a source-linked receipt."
CE-CCP1-B02-002,CE-CCP1-B02-000,task,Implement response-file and argv normalization contracts,planned,845,serial_in_lane,b02;compiler-driver;leaf,1,0,1,0,include/Cellerator/compiler/driver;include/Cellerator/compiler/driver/implement_response_file_and_argv_normalization_contracts_v1.hh;src/compiler/driver;src/compiler/driver/implement_response_file_and_argv_normalization_contracts.cc;tests/compiler/b02/implement_response_file_and_argv_normalization_contracts_test.cc;tools/cellerator;tools/cellerator/implement_response_file_and_argv_normalization_contracts.cc,CMakeLists.txt;cmake/providers;docs/language;include/Cellerator/execution/lowering_resumption;tools,.gitmodules;CMakeLists.txt;bench/CMakeLists.txt;cmake/compiler/CelleratorCompilerTargets.cmake;cmake/package/CelleratorConfig.cmake.in;cmake/package/CelleratorConfigVersion.cmake.in;include/Cellerator/Cellerator.hh;include/Cellerator/compiler.hh;src/CMakeLists.txt;tests/CMakeLists.txt;tools/CMakeLists.txt,,"Inspect the cited read scope, implement implement response-file and argv normalization contracts in the isolated B02 lane, add the focused ce_ccp1_b02_002 gate, and publish a source-linked receipt."
CE-CCP1-B02-003,CE-CCP1-B02-000,task,Discover host Clang toolchains,planned,845,serial_in_lane,b02;compiler-driver;leaf,1,0,1,0,include/Cellerator/compiler/driver;include/Cellerator/compiler/driver/discover_host_clang_toolchains_v1.hh;src/compiler/driver;src/compiler/driver/discover_host_clang_toolchains.cc;tests/compiler/b02/discover_host_clang_toolchains_test.cc;tools/cellerator;tools/cellerator/discover_host_clang_toolchains.cc,CMakeLists.txt;cmake/providers;docs/language;include/Cellerator/execution/lowering_resumption;tools,.gitmodules;CMakeLists.txt;bench/CMakeLists.txt;cmake/compiler/CelleratorCompilerTargets.cmake;cmake/package/CelleratorConfig.cmake.in;cmake/package/CelleratorConfigVersion.cmake.in;include/Cellerator/Cellerator.hh;include/Cellerator/compiler.hh;src/CMakeLists.txt;tests/CMakeLists.txt;tools/CMakeLists.txt,,"Inspect the cited read scope, implement discover host clang toolchains in the isolated B02 lane, add the focused ce_ccp1_b02_003 gate, and publish a source-linked receipt."
CE-CCP1-B02-004,CE-CCP1-B02-000,task,Discover host GCC toolchains,planned,845,serial_in_lane,b02;compiler-driver;leaf,1,0,1,0,include/Cellerator/compiler/driver;include/Cellerator/compiler/driver/discover_host_gcc_toolchains_v1.hh;src/compiler/driver;src/compiler/driver/discover_host_gcc_toolchains.cc;tests/compiler/b02/discover_host_gcc_toolchains_test.cc;tools/cellerator;tools/cellerator/discover_host_gcc_toolchains.cc,CMakeLists.txt;cmake/providers;docs/language;include/Cellerator/execution/lowering_resumption;tools,.gitmodules;CMakeLists.txt;bench/CMakeLists.txt;cmake/compiler/CelleratorCompilerTargets.cmake;cmake/package/CelleratorConfig.cmake.in;cmake/package/CelleratorConfigVersion.cmake.in;include/Cellerator/Cellerator.hh;include/Cellerator/compiler.hh;src/CMakeLists.txt;tests/CMakeLists.txt;tools/CMakeLists.txt,,"Inspect the cited read scope, implement discover host gcc toolchains in the isolated B02 lane, add the focused ce_ccp1_b02_004 gate, and publish a source-linked receipt."
CE-CCP1-B02-005,CE-CCP1-B02-000,task,Discover NVCC toolchains,planned,845,serial_in_lane,b02;compiler-driver;leaf,1,0,1,0,include/Cellerator/compiler/driver;include/Cellerator/compiler/driver/discover_nvcc_toolchains_v1.hh;src/compiler/driver;src/compiler/driver/discover_nvcc_toolchains.cc;tests/compiler/b02/discover_nvcc_toolchains_test.cc;tools/cellerator;tools/cellerator/discover_nvcc_toolchains.cc,CMakeLists.txt;cmake/providers;docs/language;include/Cellerator/execution/lowering_resumption;tools,.gitmodules;CMakeLists.txt;bench/CMakeLists.txt;cmake/compiler/CelleratorCompilerTargets.cmake;cmake/package/CelleratorConfig.cmake.in;cmake/package/CelleratorConfigVersion.cmake.in;include/Cellerator/Cellerator.hh;include/Cellerator/compiler.hh;src/CMakeLists.txt;tests/CMakeLists.txt;tools/CMakeLists.txt,,"Inspect the cited read scope, implement discover nvcc toolchains in the isolated B02 lane, add the focused ce_ccp1_b02_005 gate, and publish a source-linked receipt."
CE-CCP1-B02-006,CE-CCP1-B02-000,task,Discover Clang CUDA and LLVM/NVPTX toolchains,planned,845,serial_in_lane,b02;compiler-driver;leaf,1,0,1,0,include/Cellerator/compiler/driver;include/Cellerator/compiler/driver/discover_clang_cuda_and_llvm_nvptx_toolchains_v1.hh;src/compiler/driver;src/compiler/driver/discover_clang_cuda_and_llvm_nvptx_toolchains.cc;tests/compiler/b02/discover_clang_cuda_and_llvm_nvptx_toolchains_test.cc;tools/cellerator;tools/cellerator/discover_clang_cuda_and_llvm_nvptx_toolchains.cc,CMakeLists.txt;cmake/providers;docs/language;include/Cellerator/execution/lowering_resumption;tools,.gitmodules;CMakeLists.txt;bench/CMakeLists.txt;cmake/compiler/CelleratorCompilerTargets.cmake;cmake/package/CelleratorConfig.cmake.in;cmake/package/CelleratorConfigVersion.cmake.in;include/Cellerator/Cellerator.hh;include/Cellerator/compiler.hh;src/CMakeLists.txt;tests/CMakeLists.txt;tools/CMakeLists.txt,,"Inspect the cited read scope, implement discover clang cuda and llvm/nvptx toolchains in the isolated B02 lane, add the focused ce_ccp1_b02_006 gate, and publish a source-linked receipt."
CE-CCP1-B02-007,CE-CCP1-B02-000,task,Define toolchain override precedence,planned,845,serial_in_lane,b02;compiler-driver;leaf,1,0,1,0,include/Cellerator/compiler/driver;include/Cellerator/compiler/driver/define_toolchain_override_precedence_v1.hh;src/compiler/driver;src/compiler/driver/define_toolchain_override_precedence.cc;tests/compiler/b02/define_toolchain_override_precedence_test.cc;tools/cellerator;tools/cellerator/define_toolchain_override_precedence.cc,CMakeLists.txt;cmake/providers;docs/language;include/Cellerator/execution/lowering_resumption;tools,.gitmodules;CMakeLists.txt;bench/CMakeLists.txt;cmake/compiler/CelleratorCompilerTargets.cmake;cmake/package/CelleratorConfig.cmake.in;cmake/package/CelleratorConfigVersion.cmake.in;include/Cellerator/Cellerator.hh;include/Cellerator/compiler.hh;src/CMakeLists.txt;tests/CMakeLists.txt;tools/CMakeLists.txt,,"Inspect the cited read scope, implement define toolchain override precedence in the isolated B02 lane, add the focused ce_ccp1_b02_007 gate, and publish a source-linked receipt."
CE-CCP1-B02-008,CE-CCP1-B02-000,task,Track downstream C++ language and ABI mode,planned,845,serial_in_lane,b02;compiler-driver;leaf,1,0,1,0,include/Cellerator/compiler/driver;include/Cellerator/compiler/driver/track_downstream_c_language_and_abi_mode_v1.hh;src/compiler/driver;src/compiler/driver/track_downstream_c_language_and_abi_mode.cc;tests/compiler/b02/track_downstream_c_language_and_abi_mode_test.cc;tools/cellerator;tools/cellerator/track_downstream_c_language_and_abi_mode.cc,CMakeLists.txt;cmake/providers;docs/language;include/Cellerator/execution/lowering_resumption;tools,.gitmodules;CMakeLists.txt;bench/CMakeLists.txt;cmake/compiler/CelleratorCompilerTargets.cmake;cmake/package/CelleratorConfig.cmake.in;cmake/package/CelleratorConfigVersion.cmake.in;include/Cellerator/Cellerator.hh;include/Cellerator/compiler.hh;src/CMakeLists.txt;tests/CMakeLists.txt;tools/CMakeLists.txt,,"Inspect the cited read scope, implement track downstream c++ language and abi mode in the isolated B02 lane, add the focused ce_ccp1_b02_008 gate, and publish a source-linked receipt."
CE-CCP1-B02-009,CE-CCP1-B02-000,task,Implement plain C++ passthrough planning,planned,845,serial_in_lane,b02;compiler-driver;leaf,1,0,1,0,include/Cellerator/compiler/driver;include/Cellerator/compiler/driver/implement_plain_c_passthrough_planning_v1.hh;src/compiler/driver;src/compiler/driver/implement_plain_c_passthrough_planning.cc;tests/compiler/b02/implement_plain_c_passthrough_planning_test.cc;tools/cellerator;tools/cellerator/implement_plain_c_passthrough_planning.cc,CMakeLists.txt;cmake/providers;docs/language;include/Cellerator/execution/lowering_resumption;tools,.gitmodules;CMakeLists.txt;bench/CMakeLists.txt;cmake/compiler/CelleratorCompilerTargets.cmake;cmake/package/CelleratorConfig.cmake.in;cmake/package/CelleratorConfigVersion.cmake.in;include/Cellerator/Cellerator.hh;include/Cellerator/compiler.hh;src/CMakeLists.txt;tests/CMakeLists.txt;tools/CMakeLists.txt,,"Inspect the cited read scope, implement implement plain c++ passthrough planning in the isolated B02 lane, add the focused ce_ccp1_b02_009 gate, and publish a source-linked receipt."
CE-CCP1-B02-010,CE-CCP1-B02-000,task,Define compilation database and dependency-file behavior,planned,845,serial_in_lane,b02;compiler-driver;leaf,1,0,1,0,include/Cellerator/compiler/driver;include/Cellerator/compiler/driver/define_compilation_database_and_dependency_file_behavior_v1.hh;src/compiler/driver;src/compiler/driver/define_compilation_database_and_dependency_file_behavior.cc;tests/compiler/b02/define_compilation_database_and_dependency_file_behavior_test.cc;tools/cellerator;tools/cellerator/define_compilation_database_and_dependency_file_behavior.cc,CMakeLists.txt;cmake/providers;docs/language;include/Cellerator/execution/lowering_resumption;tools,.gitmodules;CMakeLists.txt;bench/CMakeLists.txt;cmake/compiler/CelleratorCompilerTargets.cmake;cmake/package/CelleratorConfig.cmake.in;cmake/package/CelleratorConfigVersion.cmake.in;include/Cellerator/Cellerator.hh;include/Cellerator/compiler.hh;src/CMakeLists.txt;tests/CMakeLists.txt;tools/CMakeLists.txt,,"Inspect the cited read scope, implement define compilation database and dependency-file behavior in the isolated B02 lane, add the focused ce_ccp1_b02_010 gate, and publish a source-linked receipt."
CE-CCP1-B02-011,CE-CCP1-B02-000,task,Define temporary artifact and cache policy,planned,845,serial_in_lane,b02;compiler-driver;leaf,1,0,1,0,include/Cellerator/compiler/driver;include/Cellerator/compiler/driver/define_temporary_artifact_and_cache_policy_v1.hh;src/compiler/driver;src/compiler/driver/define_temporary_artifact_and_cache_policy.cc;tests/compiler/b02/define_temporary_artifact_and_cache_policy_test.cc;tools/cellerator;tools/cellerator/define_temporary_artifact_and_cache_policy.cc,CMakeLists.txt;cmake/providers;docs/language;include/Cellerator/execution/lowering_resumption;tools,.gitmodules;CMakeLists.txt;bench/CMakeLists.txt;cmake/compiler/CelleratorCompilerTargets.cmake;cmake/package/CelleratorConfig.cmake.in;cmake/package/CelleratorConfigVersion.cmake.in;include/Cellerator/Cellerator.hh;include/Cellerator/compiler.hh;src/CMakeLists.txt;tests/CMakeLists.txt;tools/CMakeLists.txt,,"Inspect the cited read scope, implement define temporary artifact and cache policy in the isolated B02 lane, add the focused ce_ccp1_b02_011 gate, and publish a source-linked receipt."
CE-CCP1-B02-012,CE-CCP1-B02-000,task,Forward and remap downstream diagnostics,planned,845,serial_in_lane,b02;compiler-driver;leaf,1,0,1,0,include/Cellerator/compiler/driver;include/Cellerator/compiler/driver/forward_and_remap_downstream_diagnostics_v1.hh;src/compiler/driver;src/compiler/driver/forward_and_remap_downstream_diagnostics.cc;tests/compiler/b02/forward_and_remap_downstream_diagnostics_test.cc;tools/cellerator;tools/cellerator/forward_and_remap_downstream_diagnostics.cc,CMakeLists.txt;cmake/providers;docs/language;include/Cellerator/execution/lowering_resumption;tools,.gitmodules;CMakeLists.txt;bench/CMakeLists.txt;cmake/compiler/CelleratorCompilerTargets.cmake;cmake/package/CelleratorConfig.cmake.in;cmake/package/CelleratorConfigVersion.cmake.in;include/Cellerator/Cellerator.hh;include/Cellerator/compiler.hh;src/CMakeLists.txt;tests/CMakeLists.txt;tools/CMakeLists.txt,,"Inspect the cited read scope, implement forward and remap downstream diagnostics in the isolated B02 lane, add the focused ce_ccp1_b02_012 gate, and publish a source-linked receipt."
CE-CCP1-B02-013,CE-CCP1-B02-000,task,Fingerprint toolchains for artifacts and resumption,planned,845,serial_in_lane,b02;compiler-driver;leaf,1,0,1,0,include/Cellerator/compiler/driver;include/Cellerator/compiler/driver/fingerprint_toolchains_for_artifacts_and_resumption_v1.hh;src/compiler/driver;src/compiler/driver/fingerprint_toolchains_for_artifacts_and_resumption.cc;tests/compiler/b02/fingerprint_toolchains_for_artifacts_and_resumption_test.cc;tools/cellerator;tools/cellerator/fingerprint_toolchains_for_artifacts_and_resumption.cc,CMakeLists.txt;cmake/providers;docs/language;include/Cellerator/execution/lowering_resumption;tools,.gitmodules;CMakeLists.txt;bench/CMakeLists.txt;cmake/compiler/CelleratorCompilerTargets.cmake;cmake/package/CelleratorConfig.cmake.in;cmake/package/CelleratorConfigVersion.cmake.in;include/Cellerator/Cellerator.hh;include/Cellerator/compiler.hh;src/CMakeLists.txt;tests/CMakeLists.txt;tools/CMakeLists.txt,,"Inspect the cited read scope, implement fingerprint toolchains for artifacts and resumption in the isolated B02 lane, add the focused ce_ccp1_b02_013 gate, and publish a source-linked receipt."
CE-CCP1-B02-014,CE-CCP1-B02-000,validation_task,Deliver the driver passthrough milestone,planned,845,serial_in_lane,b02;compiler-driver;leaf,2,1,1,1,include/Cellerator/compiler/driver;include/Cellerator/compiler/driver/deliver_the_driver_passthrough_milestone_v1.hh;src/compiler/driver;src/compiler/driver/deliver_the_driver_passthrough_milestone.cc;tests/compiler/b02/deliver_the_driver_passthrough_milestone_test.cc;tools/cellerator;tools/cellerator/deliver_the_driver_passthrough_milestone.cc,CMakeLists.txt;cmake/providers;docs/language;include/Cellerator/execution/lowering_resumption;tools,.gitmodules;CMakeLists.txt;bench/CMakeLists.txt;cmake/compiler/CelleratorCompilerTargets.cmake;cmake/package/CelleratorConfig.cmake.in;cmake/package/CelleratorConfigVersion.cmake.in;include/Cellerator/Cellerator.hh;include/Cellerator/compiler.hh;src/CMakeLists.txt;tests/CMakeLists.txt;tools/CMakeLists.txt,,"Inspect the cited read scope, implement deliver the driver passthrough milestone in the isolated B02 lane, add the focused ce_ccp1_b02_014 gate, and publish a source-linked receipt."
CE-CCP1-B03-000,CE-CCP1-P10,workstream,"Source manager, preprocessing, file-local pragma, and shadow C++",planned,894,serial_lane,workstream;b03;compiler-frontend-source,1,0,0,0,include/Cellerator/compiler/frontend/source;src/compiler/frontend/source;tests/compiler/source,docs/language;modules;include/Cellerator;tools,CMakeLists.txt;src/CMakeLists.txt;tools/CMakeLists.txt;tests/CMakeLists.txt;bench/CMakeLists.txt;include/Cellerator/Cellerator.hh;include/Cellerator/compiler.hh;.gitmodules;cmake/package/CelleratorConfig.cmake.in;cmake/package/CelleratorConfigVersion.cmake.in;cmake/compiler/CelleratorCompilerTargets.cmake,,Claim B03-001 after milestone prerequisites are reached.
CE-CCP1-B03-001,CE-CCP1-B03-000,task,Define the unified source-location model,planned,844,serial_in_lane,b03;compiler-frontend-source;leaf,1,0,1,0,include/Cellerator/compiler/frontend/source;include/Cellerator/compiler/frontend/source/define_the_unified_source_location_model_v1.hh;src/compiler/frontend/source;src/compiler/frontend/source/define_the_unified_source_location_model.cc;tests/compiler/source;tests/compiler/source/define_the_unified_source_location_model_test.cc,docs/language;include/Cellerator;modules;tools,.gitmodules;CMakeLists.txt;bench/CMakeLists.txt;cmake/compiler/CelleratorCompilerTargets.cmake;cmake/package/CelleratorConfig.cmake.in;cmake/package/CelleratorConfigVersion.cmake.in;include/Cellerator/Cellerator.hh;include/Cellerator/compiler.hh;src/CMakeLists.txt;tests/CMakeLists.txt;tools/CMakeLists.txt,,"Inspect the cited read scope, implement define the unified source-location model in the isolated B03 lane, add the focused ce_ccp1_b03_001 gate, and publish a source-linked receipt."
CE-CCP1-B03-002,CE-CCP1-B03-000,task,Classify source inputs independently of extension,planned,844,serial_in_lane,b03;compiler-frontend-source;leaf,1,0,1,0,include/Cellerator/compiler/frontend/source;include/Cellerator/compiler/frontend/source/classify_source_inputs_independently_of_extension_v1.hh;src/compiler/frontend/source;src/compiler/frontend/source/classify_source_inputs_independently_of_extension.cc;tests/compiler/source;tests/compiler/source/classify_source_inputs_independently_of_extension_test.cc,docs/language;include/Cellerator;modules;tools,.gitmodules;CMakeLists.txt;bench/CMakeLists.txt;cmake/compiler/CelleratorCompilerTargets.cmake;cmake/package/CelleratorConfig.cmake.in;cmake/package/CelleratorConfigVersion.cmake.in;include/Cellerator/Cellerator.hh;include/Cellerator/compiler.hh;src/CMakeLists.txt;tests/CMakeLists.txt;tools/CMakeLists.txt,,"Inspect the cited read scope, implement classify source inputs independently of extension in the isolated B03 lane, add the focused ce_ccp1_b03_002 gate, and publish a source-linked receipt."
CE-CCP1-B03-003,CE-CCP1-B03-000,task,Register the #pragma cellerator preprocessor contract,planned,844,serial_in_lane,b03;compiler-frontend-source;leaf,1,0,1,0,include/Cellerator/compiler/frontend/source;include/Cellerator/compiler/frontend/source/register_the_pragma_cellerator_preprocessor_contract_v1.hh;src/compiler/frontend/source;src/compiler/frontend/source/register_the_pragma_cellerator_preprocessor_contract.cc;tests/compiler/source;tests/compiler/source/register_the_pragma_cellerator_preprocessor_contract_test.cc,docs/language;include/Cellerator;modules;tools,.gitmodules;CMakeLists.txt;bench/CMakeLists.txt;cmake/compiler/CelleratorCompilerTargets.cmake;cmake/package/CelleratorConfig.cmake.in;cmake/package/CelleratorConfigVersion.cmake.in;include/Cellerator/Cellerator.hh;include/Cellerator/compiler.hh;src/CMakeLists.txt;tests/CMakeLists.txt;tools/CMakeLists.txt,,"Inspect the cited read scope, implement register the #pragma cellerator preprocessor contract in the isolated B03 lane, add the focused ce_ccp1_b03_003 gate, and publish a source-linked receipt."
CE-CCP1-B03-004,CE-CCP1-B03-000,task,Implement file-local dialect state,planned,844,serial_in_lane,b03;compiler-frontend-source;leaf,1,0,1,0,include/Cellerator/compiler/frontend/source;include/Cellerator/compiler/frontend/source/implement_file_local_dialect_state_v1.hh;src/compiler/frontend/source;src/compiler/frontend/source/implement_file_local_dialect_state.cc;tests/compiler/source;tests/compiler/source/implement_file_local_dialect_state_test.cc,docs/language;include/Cellerator;modules;tools,.gitmodules;CMakeLists.txt;bench/CMakeLists.txt;cmake/compiler/CelleratorCompilerTargets.cmake;cmake/package/CelleratorConfig.cmake.in;cmake/package/CelleratorConfigVersion.cmake.in;include/Cellerator/Cellerator.hh;include/Cellerator/compiler.hh;src/CMakeLists.txt;tests/CMakeLists.txt;tools/CMakeLists.txt,,"Inspect the cited read scope, implement implement file-local dialect state in the isolated B03 lane, add the focused ce_ccp1_b03_004 gate, and publish a source-linked receipt."
CE-CCP1-B03-005,CE-CCP1-B03-000,task,Define pragma interaction with preprocessing conditionals,planned,844,serial_in_lane,b03;compiler-frontend-source;leaf,1,0,1,0,include/Cellerator/compiler/frontend/source;include/Cellerator/compiler/frontend/source/define_pragma_interaction_with_preprocessing_conditional_v1.hh;src/compiler/frontend/source;src/compiler/frontend/source/define_pragma_interaction_with_preprocessing_conditional.cc;tests/compiler/source;tests/compiler/source/define_pragma_interaction_with_preprocessing_conditional_test.cc,docs/language;include/Cellerator;modules;tools,.gitmodules;CMakeLists.txt;bench/CMakeLists.txt;cmake/compiler/CelleratorCompilerTargets.cmake;cmake/package/CelleratorConfig.cmake.in;cmake/package/CelleratorConfigVersion.cmake.in;include/Cellerator/Cellerator.hh;include/Cellerator/compiler.hh;src/CMakeLists.txt;tests/CMakeLists.txt;tools/CMakeLists.txt,,"Inspect the cited read scope, implement define pragma interaction with preprocessing conditionals in the isolated B03 lane, add the focused ce_ccp1_b03_005 gate, and publish a source-linked receipt."
CE-CCP1-B03-006,CE-CCP1-B03-000,task,Build a lossless raw-token stream,planned,844,serial_in_lane,b03;compiler-frontend-source;leaf,1,0,1,0,include/Cellerator/compiler/frontend/source;include/Cellerator/compiler/frontend/source/build_a_lossless_raw_token_stream_v1.hh;src/compiler/frontend/source;src/compiler/frontend/source/build_a_lossless_raw_token_stream.cc;tests/compiler/source;tests/compiler/source/build_a_lossless_raw_token_stream_test.cc,docs/language;include/Cellerator;modules;tools,.gitmodules;CMakeLists.txt;bench/CMakeLists.txt;cmake/compiler/CelleratorCompilerTargets.cmake;cmake/package/CelleratorConfig.cmake.in;cmake/package/CelleratorConfigVersion.cmake.in;include/Cellerator/Cellerator.hh;include/Cellerator/compiler.hh;src/CMakeLists.txt;tests/CMakeLists.txt;tools/CMakeLists.txt,,"Inspect the cited read scope, implement build a lossless raw-token stream in the isolated B03 lane, add the focused ce_ccp1_b03_006 gate, and publish a source-linked receipt."
CE-CCP1-B03-007,CE-CCP1-B03-000,task,Define macro expansion semantics for Cellerator tokens,planned,844,serial_in_lane,b03;compiler-frontend-source;leaf,1,0,1,0,include/Cellerator/compiler/frontend/source;include/Cellerator/compiler/frontend/source/define_macro_expansion_semantics_for_cellerator_tokens_v1.hh;src/compiler/frontend/source;src/compiler/frontend/source/define_macro_expansion_semantics_for_cellerator_tokens.cc;tests/compiler/source;tests/compiler/source/define_macro_expansion_semantics_for_cellerator_tokens_test.cc,docs/language;include/Cellerator;modules;tools,.gitmodules;CMakeLists.txt;bench/CMakeLists.txt;cmake/compiler/CelleratorCompilerTargets.cmake;cmake/package/CelleratorConfig.cmake.in;cmake/package/CelleratorConfigVersion.cmake.in;include/Cellerator/Cellerator.hh;include/Cellerator/compiler.hh;src/CMakeLists.txt;tests/CMakeLists.txt;tools/CMakeLists.txt,,"Inspect the cited read scope, implement define macro expansion semantics for cellerator tokens in the isolated B03 lane, add the focused ce_ccp1_b03_007 gate, and publish a source-linked receipt."
CE-CCP1-B03-008,CE-CCP1-B03-000,task,Recognize Cellerator execution-field token islands,planned,844,serial_in_lane,b03;compiler-frontend-source;leaf,1,0,1,0,include/Cellerator/compiler/frontend/source;include/Cellerator/compiler/frontend/source/recognize_cellerator_execution_field_token_islands_v1.hh;src/compiler/frontend/source;src/compiler/frontend/source/recognize_cellerator_execution_field_token_islands.cc;tests/compiler/source;tests/compiler/source/recognize_cellerator_execution_field_token_islands_test.cc,docs/language;include/Cellerator;modules;tools,.gitmodules;CMakeLists.txt;bench/CMakeLists.txt;cmake/compiler/CelleratorCompilerTargets.cmake;cmake/package/CelleratorConfig.cmake.in;cmake/package/CelleratorConfigVersion.cmake.in;include/Cellerator/Cellerator.hh;include/Cellerator/compiler.hh;src/CMakeLists.txt;tests/CMakeLists.txt;tools/CMakeLists.txt,,"Inspect the cited read scope, implement recognize cellerator execution-field token islands in the isolated B03 lane, add the focused ce_ccp1_b03_008 gate, and publish a source-linked receipt."
CE-CCP1-B03-009,CE-CCP1-B03-000,task,Recognize relation and operation token forms,planned,844,serial_in_lane,b03;compiler-frontend-source;leaf,1,0,1,0,include/Cellerator/compiler/frontend/source;include/Cellerator/compiler/frontend/source/recognize_relation_and_operation_token_forms_v1.hh;src/compiler/frontend/source;src/compiler/frontend/source/recognize_relation_and_operation_token_forms.cc;tests/compiler/source;tests/compiler/source/recognize_relation_and_operation_token_forms_test.cc,docs/language;include/Cellerator;modules;tools,.gitmodules;CMakeLists.txt;bench/CMakeLists.txt;cmake/compiler/CelleratorCompilerTargets.cmake;cmake/package/CelleratorConfig.cmake.in;cmake/package/CelleratorConfigVersion.cmake.in;include/Cellerator/Cellerator.hh;include/Cellerator/compiler.hh;src/CMakeLists.txt;tests/CMakeLists.txt;tools/CMakeLists.txt,,"Inspect the cited read scope, implement recognize relation and operation token forms in the isolated B03 lane, add the focused ce_ccp1_b03_009 gate, and publish a source-linked receipt."
CE-CCP1-B03-010,CE-CCP1-B03-000,task,Construct shadow C++ placeholders,planned,844,serial_in_lane,b03;compiler-frontend-source;leaf,1,0,1,0,include/Cellerator/compiler/frontend/source;include/Cellerator/compiler/frontend/source/construct_shadow_c_placeholders_v1.hh;src/compiler/frontend/source;src/compiler/frontend/source/construct_shadow_c_placeholders.cc;tests/compiler/source;tests/compiler/source/construct_shadow_c_placeholders_test.cc,docs/language;include/Cellerator;modules;tools,.gitmodules;CMakeLists.txt;bench/CMakeLists.txt;cmake/compiler/CelleratorCompilerTargets.cmake;cmake/package/CelleratorConfig.cmake.in;cmake/package/CelleratorConfigVersion.cmake.in;include/Cellerator/Cellerator.hh;include/Cellerator/compiler.hh;src/CMakeLists.txt;tests/CMakeLists.txt;tools/CMakeLists.txt,,"Inspect the cited read scope, implement construct shadow c++ placeholders in the isolated B03 lane, add the focused ce_ccp1_b03_010 gate, and publish a source-linked receipt."
CE-CCP1-B03-011,CE-CCP1-B03-000,task,Map shadow AST nodes back to Cellerator syntax,planned,844,serial_in_lane,b03;compiler-frontend-source;leaf,1,0,1,0,include/Cellerator/compiler/frontend/source;include/Cellerator/compiler/frontend/source/map_shadow_ast_nodes_back_to_cellerator_syntax_v1.hh;src/compiler/frontend/source;src/compiler/frontend/source/map_shadow_ast_nodes_back_to_cellerator_syntax.cc;tests/compiler/source;tests/compiler/source/map_shadow_ast_nodes_back_to_cellerator_syntax_test.cc,docs/language;include/Cellerator;modules;tools,.gitmodules;CMakeLists.txt;bench/CMakeLists.txt;cmake/compiler/CelleratorCompilerTargets.cmake;cmake/package/CelleratorConfig.cmake.in;cmake/package/CelleratorConfigVersion.cmake.in;include/Cellerator/Cellerator.hh;include/Cellerator/compiler.hh;src/CMakeLists.txt;tests/CMakeLists.txt;tools/CMakeLists.txt,,"Inspect the cited read scope, implement map shadow ast nodes back to cellerator syntax in the isolated B03 lane, add the focused ce_ccp1_b03_011 gate, and publish a source-linked receipt."
CE-CCP1-B03-012,CE-CCP1-B03-000,task,Define generated identifier hygiene,planned,844,serial_in_lane,b03;compiler-frontend-source;leaf,1,0,1,0,include/Cellerator/compiler/frontend/source;include/Cellerator/compiler/frontend/source/define_generated_identifier_hygiene_v1.hh;src/compiler/frontend/source;src/compiler/frontend/source/define_generated_identifier_hygiene.cc;tests/compiler/source;tests/compiler/source/define_generated_identifier_hygiene_test.cc,docs/language;include/Cellerator;modules;tools,.gitmodules;CMakeLists.txt;bench/CMakeLists.txt;cmake/compiler/CelleratorCompilerTargets.cmake;cmake/package/CelleratorConfig.cmake.in;cmake/package/CelleratorConfigVersion.cmake.in;include/Cellerator/Cellerator.hh;include/Cellerator/compiler.hh;src/CMakeLists.txt;tests/CMakeLists.txt;tools/CMakeLists.txt,,"Inspect the cited read scope, implement define generated identifier hygiene in the isolated B03 lane, add the focused ce_ccp1_b03_012 gate, and publish a source-linked receipt."
CE-CCP1-B03-013,CE-CCP1-B03-000,task,Cache preprocessed activated headers safely,planned,844,serial_in_lane,b03;compiler-frontend-source;leaf,1,0,1,0,include/Cellerator/compiler/frontend/source;include/Cellerator/compiler/frontend/source/cache_preprocessed_activated_headers_safely_v1.hh;src/compiler/frontend/source;src/compiler/frontend/source/cache_preprocessed_activated_headers_safely.cc;tests/compiler/source;tests/compiler/source/cache_preprocessed_activated_headers_safely_test.cc,docs/language;include/Cellerator;modules;tools,.gitmodules;CMakeLists.txt;bench/CMakeLists.txt;cmake/compiler/CelleratorCompilerTargets.cmake;cmake/package/CelleratorConfig.cmake.in;cmake/package/CelleratorConfigVersion.cmake.in;include/Cellerator/Cellerator.hh;include/Cellerator/compiler.hh;src/CMakeLists.txt;tests/CMakeLists.txt;tools/CMakeLists.txt,,"Inspect the cited read scope, implement cache preprocessed activated headers safely in the isolated B03 lane, add the focused ce_ccp1_b03_013 gate, and publish a source-linked receipt."
CE-CCP1-B03-014,CE-CCP1-B03-000,task,Expose source-pipeline diagnostics and dumps,planned,844,serial_in_lane,b03;compiler-frontend-source;leaf,1,0,1,0,include/Cellerator/compiler/frontend/source;include/Cellerator/compiler/frontend/source/expose_source_pipeline_diagnostics_and_dumps_v1.hh;src/compiler/frontend/source;src/compiler/frontend/source/expose_source_pipeline_diagnostics_and_dumps.cc;tests/compiler/source;tests/compiler/source/expose_source_pipeline_diagnostics_and_dumps_test.cc,docs/language;include/Cellerator;modules;tools,.gitmodules;CMakeLists.txt;bench/CMakeLists.txt;cmake/compiler/CelleratorCompilerTargets.cmake;cmake/package/CelleratorConfig.cmake.in;cmake/package/CelleratorConfigVersion.cmake.in;include/Cellerator/Cellerator.hh;include/Cellerator/compiler.hh;src/CMakeLists.txt;tests/CMakeLists.txt;tools/CMakeLists.txt,,"Inspect the cited read scope, implement expose source-pipeline diagnostics and dumps in the isolated B03 lane, add the focused ce_ccp1_b03_014 gate, and publish a source-linked receipt."
CE-CCP1-B03-015,CE-CCP1-B03-000,validation_task,Deliver the pragma-aware source milestone,planned,844,serial_in_lane,b03;compiler-frontend-source;leaf,2,1,1,1,include/Cellerator/compiler/frontend/source;include/Cellerator/compiler/frontend/source/deliver_the_pragma_aware_source_milestone_v1.hh;src/compiler/frontend/source;src/compiler/frontend/source/deliver_the_pragma_aware_source_milestone.cc;tests/compiler/source;tests/compiler/source/deliver_the_pragma_aware_source_milestone_test.cc,docs/language;include/Cellerator;modules;tools,.gitmodules;CMakeLists.txt;bench/CMakeLists.txt;cmake/compiler/CelleratorCompilerTargets.cmake;cmake/package/CelleratorConfig.cmake.in;cmake/package/CelleratorConfigVersion.cmake.in;include/Cellerator/Cellerator.hh;include/Cellerator/compiler.hh;src/CMakeLists.txt;tests/CMakeLists.txt;tools/CMakeLists.txt,,"Inspect the cited read scope, implement deliver the pragma-aware source milestone in the isolated B03 lane, add the focused ce_ccp1_b03_015 gate, and publish a source-linked receipt."
CE-CCP1-B04-000,CE-CCP1-P10,workstream,Upstream Clang semantic bridge and ordinary C++ fallthrough,planned,893,serial_lane,workstream;b04;compiler-frontend-cxx,1,0,0,0,include/Cellerator/compiler/frontend/cxx;src/compiler/frontend/cxx;tests/compiler/cxx_bridge,docs/language;modules;include/Cellerator/memory/compiler_hints.hh;bench/ce_ptr,CMakeLists.txt;src/CMakeLists.txt;tools/CMakeLists.txt;tests/CMakeLists.txt;bench/CMakeLists.txt;include/Cellerator/Cellerator.hh;include/Cellerator/compiler.hh;.gitmodules;cmake/package/CelleratorConfig.cmake.in;cmake/package/CelleratorConfigVersion.cmake.in;cmake/compiler/CelleratorCompilerTargets.cmake,,Claim B04-001 after milestone prerequisites are reached.
CE-CCP1-B04-001,CE-CCP1-B04-000,validation_task,Freeze the upstream Clang adapter boundary,planned,843,serial_in_lane,b04;compiler-frontend-cxx;leaf,1,0,1,0,include/Cellerator/compiler/frontend/cxx;include/Cellerator/compiler/frontend/cxx/freeze_the_upstream_clang_adapter_boundary_v1.hh;src/compiler/frontend/cxx;src/compiler/frontend/cxx/freeze_the_upstream_clang_adapter_boundary.cc;tests/compiler/cxx_bridge;tests/compiler/cxx_bridge/freeze_the_upstream_clang_adapter_boundary_test.cc,bench/ce_ptr;docs/language;include/Cellerator/memory/compiler_hints.hh;modules,.gitmodules;CMakeLists.txt;bench/CMakeLists.txt;cmake/compiler/CelleratorCompilerTargets.cmake;cmake/package/CelleratorConfig.cmake.in;cmake/package/CelleratorConfigVersion.cmake.in;include/Cellerator/Cellerator.hh;include/Cellerator/compiler.hh;src/CMakeLists.txt;tests/CMakeLists.txt;tools/CMakeLists.txt,,"Inspect the cited read scope, implement freeze the upstream clang adapter boundary in the isolated B04 lane, add the focused ce_ccp1_b04_001 gate, and publish a source-linked receipt."
CE-CCP1-B04-002,CE-CCP1-B04-000,task,Create the C++ compilation invocation bridge,planned,843,serial_in_lane,b04;compiler-frontend-cxx;leaf,1,0,1,0,include/Cellerator/compiler/frontend/cxx;include/Cellerator/compiler/frontend/cxx/create_the_c_compilation_invocation_bridge_v1.hh;src/compiler/frontend/cxx;src/compiler/frontend/cxx/create_the_c_compilation_invocation_bridge.cc;tests/compiler/cxx_bridge;tests/compiler/cxx_bridge/create_the_c_compilation_invocation_bridge_test.cc,bench/ce_ptr;docs/language;include/Cellerator/memory/compiler_hints.hh;modules,.gitmodules;CMakeLists.txt;bench/CMakeLists.txt;cmake/compiler/CelleratorCompilerTargets.cmake;cmake/package/CelleratorConfig.cmake.in;cmake/package/CelleratorConfigVersion.cmake.in;include/Cellerator/Cellerator.hh;include/Cellerator/compiler.hh;src/CMakeLists.txt;tests/CMakeLists.txt;tools/CMakeLists.txt,,"Inspect the cited read scope, implement create the c++ compilation invocation bridge in the isolated B04 lane, add the focused ce_ccp1_b04_002 gate, and publish a source-linked receipt."
CE-CCP1-B04-003,CE-CCP1-B04-000,task,Parse shadow translation units with full C++ semantics,planned,843,serial_in_lane,b04;compiler-frontend-cxx;leaf,1,0,1,0,include/Cellerator/compiler/frontend/cxx;include/Cellerator/compiler/frontend/cxx/parse_shadow_translation_units_with_full_c_semantics_v1.hh;src/compiler/frontend/cxx;src/compiler/frontend/cxx/parse_shadow_translation_units_with_full_c_semantics.cc;tests/compiler/cxx_bridge;tests/compiler/cxx_bridge/parse_shadow_translation_units_with_full_c_semantics_test.cc,bench/ce_ptr;docs/language;include/Cellerator/memory/compiler_hints.hh;modules,.gitmodules;CMakeLists.txt;bench/CMakeLists.txt;cmake/compiler/CelleratorCompilerTargets.cmake;cmake/package/CelleratorConfig.cmake.in;cmake/package/CelleratorConfigVersion.cmake.in;include/Cellerator/Cellerator.hh;include/Cellerator/compiler.hh;src/CMakeLists.txt;tests/CMakeLists.txt;tools/CMakeLists.txt,,"Inspect the cited read scope, implement parse shadow translation units with full c++ semantics in the isolated B04 lane, add the focused ce_ccp1_b04_003 gate, and publish a source-linked receipt."
CE-CCP1-B04-004,CE-CCP1-B04-000,task,Bind source captures to C++ declarations and expressions,planned,843,serial_in_lane,b04;compiler-frontend-cxx;leaf,1,0,1,0,include/Cellerator/compiler/frontend/cxx;include/Cellerator/compiler/frontend/cxx/bind_source_captures_to_c_declarations_and_expressions_v1.hh;src/compiler/frontend/cxx;src/compiler/frontend/cxx/bind_source_captures_to_c_declarations_and_expressions.cc;tests/compiler/cxx_bridge;tests/compiler/cxx_bridge/bind_source_captures_to_c_declarations_and_expressions_test.cc,bench/ce_ptr;docs/language;include/Cellerator/memory/compiler_hints.hh;modules,.gitmodules;CMakeLists.txt;bench/CMakeLists.txt;cmake/compiler/CelleratorCompilerTargets.cmake;cmake/package/CelleratorConfig.cmake.in;cmake/package/CelleratorConfigVersion.cmake.in;include/Cellerator/Cellerator.hh;include/Cellerator/compiler.hh;src/CMakeLists.txt;tests/CMakeLists.txt;tools/CMakeLists.txt,,"Inspect the cited read scope, implement bind source captures to c++ declarations and expressions in the isolated B04 lane, add the focused ce_ccp1_b04_004 gate, and publish a source-linked receipt."
CE-CCP1-B04-005,CE-CCP1-B04-000,task,Extract canonical and spelled C++ types,planned,843,serial_in_lane,b04;compiler-frontend-cxx;leaf,1,0,1,0,include/Cellerator/compiler/frontend/cxx;include/Cellerator/compiler/frontend/cxx/extract_canonical_and_spelled_c_types_v1.hh;src/compiler/frontend/cxx;src/compiler/frontend/cxx/extract_canonical_and_spelled_c_types.cc;tests/compiler/cxx_bridge;tests/compiler/cxx_bridge/extract_canonical_and_spelled_c_types_test.cc,bench/ce_ptr;docs/language;include/Cellerator/memory/compiler_hints.hh;modules,.gitmodules;CMakeLists.txt;bench/CMakeLists.txt;cmake/compiler/CelleratorCompilerTargets.cmake;cmake/package/CelleratorConfig.cmake.in;cmake/package/CelleratorConfigVersion.cmake.in;include/Cellerator/Cellerator.hh;include/Cellerator/compiler.hh;src/CMakeLists.txt;tests/CMakeLists.txt;tools/CMakeLists.txt,,"Inspect the cited read scope, implement extract canonical and spelled c++ types in the isolated B04 lane, add the focused ce_ccp1_b04_005 gate, and publish a source-linked receipt."
CE-CCP1-B04-006,CE-CCP1-B04-000,task,Integrate template instantiation with typed biological operations,planned,843,serial_in_lane,b04;compiler-frontend-cxx;leaf,1,0,1,0,include/Cellerator/compiler/frontend/cxx;include/Cellerator/compiler/frontend/cxx/integrate_template_instantiation_with_typed_biological_o_v1.hh;src/compiler/frontend/cxx;src/compiler/frontend/cxx/integrate_template_instantiation_with_typed_biological_o.cc;tests/compiler/cxx_bridge;tests/compiler/cxx_bridge/integrate_template_instantiation_with_typed_biological_o_test.cc,bench/ce_ptr;docs/language;include/Cellerator/memory/compiler_hints.hh;modules,.gitmodules;CMakeLists.txt;bench/CMakeLists.txt;cmake/compiler/CelleratorCompilerTargets.cmake;cmake/package/CelleratorConfig.cmake.in;cmake/package/CelleratorConfigVersion.cmake.in;include/Cellerator/Cellerator.hh;include/Cellerator/compiler.hh;src/CMakeLists.txt;tests/CMakeLists.txt;tools/CMakeLists.txt,,"Inspect the cited read scope, implement integrate template instantiation with typed biological operations in the isolated B04 lane, add the focused ce_ccp1_b04_006 gate, and publish a source-linked receipt."
CE-CCP1-B04-007,CE-CCP1-B04-000,task,Integrate overload resolution and Cellerator semantic candidates,planned,843,serial_in_lane,b04;compiler-frontend-cxx;leaf,1,0,1,0,include/Cellerator/compiler/frontend/cxx;include/Cellerator/compiler/frontend/cxx/integrate_overload_resolution_and_cellerator_semantic_ca_v1.hh;src/compiler/frontend/cxx;src/compiler/frontend/cxx/integrate_overload_resolution_and_cellerator_semantic_ca.cc;tests/compiler/cxx_bridge;tests/compiler/cxx_bridge/integrate_overload_resolution_and_cellerator_semantic_ca_test.cc,bench/ce_ptr;docs/language;include/Cellerator/memory/compiler_hints.hh;modules,.gitmodules;CMakeLists.txt;bench/CMakeLists.txt;cmake/compiler/CelleratorCompilerTargets.cmake;cmake/package/CelleratorConfig.cmake.in;cmake/package/CelleratorConfigVersion.cmake.in;include/Cellerator/Cellerator.hh;include/Cellerator/compiler.hh;src/CMakeLists.txt;tests/CMakeLists.txt;tools/CMakeLists.txt,,"Inspect the cited read scope, implement integrate overload resolution and cellerator semantic candidates in the isolated B04 lane, add the focused ce_ccp1_b04_007 gate, and publish a source-linked receipt."
CE-CCP1-B04-008,CE-CCP1-B04-000,task,Expose constexpr and constant-evaluation results,planned,843,serial_in_lane,b04;compiler-frontend-cxx;leaf,1,0,1,0,include/Cellerator/compiler/frontend/cxx;include/Cellerator/compiler/frontend/cxx/expose_constexpr_and_constant_evaluation_results_v1.hh;src/compiler/frontend/cxx;src/compiler/frontend/cxx/expose_constexpr_and_constant_evaluation_results.cc;tests/compiler/cxx_bridge;tests/compiler/cxx_bridge/expose_constexpr_and_constant_evaluation_results_test.cc,bench/ce_ptr;docs/language;include/Cellerator/memory/compiler_hints.hh;modules,.gitmodules;CMakeLists.txt;bench/CMakeLists.txt;cmake/compiler/CelleratorCompilerTargets.cmake;cmake/package/CelleratorConfig.cmake.in;cmake/package/CelleratorConfigVersion.cmake.in;include/Cellerator/Cellerator.hh;include/Cellerator/compiler.hh;src/CMakeLists.txt;tests/CMakeLists.txt;tools/CMakeLists.txt,,"Inspect the cited read scope, implement expose constexpr and constant-evaluation results in the isolated B04 lane, add the focused ce_ccp1_b04_008 gate, and publish a source-linked receipt."
CE-CCP1-B04-009,CE-CCP1-B04-000,task,Model opaque native calls,planned,843,serial_in_lane,b04;compiler-frontend-cxx;leaf,1,0,1,0,include/Cellerator/compiler/frontend/cxx;include/Cellerator/compiler/frontend/cxx/model_opaque_native_calls_v1.hh;src/compiler/frontend/cxx;src/compiler/frontend/cxx/model_opaque_native_calls.cc;tests/compiler/cxx_bridge;tests/compiler/cxx_bridge/model_opaque_native_calls_test.cc,bench/ce_ptr;docs/language;include/Cellerator/memory/compiler_hints.hh;modules,.gitmodules;CMakeLists.txt;bench/CMakeLists.txt;cmake/compiler/CelleratorCompilerTargets.cmake;cmake/package/CelleratorConfig.cmake.in;cmake/package/CelleratorConfigVersion.cmake.in;include/Cellerator/Cellerator.hh;include/Cellerator/compiler.hh;src/CMakeLists.txt;tests/CMakeLists.txt;tools/CMakeLists.txt,,"Inspect the cited read scope, implement model opaque native calls in the isolated B04 lane, add the focused ce_ccp1_b04_009 gate, and publish a source-linked receipt."
CE-CCP1-B04-010,CE-CCP1-B04-000,task,Bind native effect contracts,planned,843,serial_in_lane,b04;compiler-frontend-cxx;leaf,1,0,1,0,include/Cellerator/compiler/frontend/cxx;include/Cellerator/compiler/frontend/cxx/bind_native_effect_contracts_v1.hh;src/compiler/frontend/cxx;src/compiler/frontend/cxx/bind_native_effect_contracts.cc;tests/compiler/cxx_bridge;tests/compiler/cxx_bridge/bind_native_effect_contracts_test.cc,bench/ce_ptr;docs/language;include/Cellerator/memory/compiler_hints.hh;modules,.gitmodules;CMakeLists.txt;bench/CMakeLists.txt;cmake/compiler/CelleratorCompilerTargets.cmake;cmake/package/CelleratorConfig.cmake.in;cmake/package/CelleratorConfigVersion.cmake.in;include/Cellerator/Cellerator.hh;include/Cellerator/compiler.hh;src/CMakeLists.txt;tests/CMakeLists.txt;tools/CMakeLists.txt,,"Inspect the cited read scope, implement bind native effect contracts in the isolated B04 lane, add the focused ce_ccp1_b04_010 gate, and publish a source-linked receipt."
CE-CCP1-B04-011,CE-CCP1-B04-000,task,Reconcile GCC-hosted ABI and library semantics,planned,843,serial_in_lane,b04;compiler-frontend-cxx;leaf,1,0,1,0,include/Cellerator/compiler/frontend/cxx;include/Cellerator/compiler/frontend/cxx/reconcile_gcc_hosted_abi_and_library_semantics_v1.hh;src/compiler/frontend/cxx;src/compiler/frontend/cxx/reconcile_gcc_hosted_abi_and_library_semantics.cc;tests/compiler/cxx_bridge;tests/compiler/cxx_bridge/reconcile_gcc_hosted_abi_and_library_semantics_test.cc,bench/ce_ptr;docs/language;include/Cellerator/memory/compiler_hints.hh;modules,.gitmodules;CMakeLists.txt;bench/CMakeLists.txt;cmake/compiler/CelleratorCompilerTargets.cmake;cmake/package/CelleratorConfig.cmake.in;cmake/package/CelleratorConfigVersion.cmake.in;include/Cellerator/Cellerator.hh;include/Cellerator/compiler.hh;src/CMakeLists.txt;tests/CMakeLists.txt;tools/CMakeLists.txt,,"Inspect the cited read scope, implement reconcile gcc-hosted abi and library semantics in the isolated B04 lane, add the focused ce_ccp1_b04_011 gate, and publish a source-linked receipt."
CE-CCP1-B04-012,CE-CCP1-B04-000,task,Preserve pure C++ fallthrough exactly,planned,843,serial_in_lane,b04;compiler-frontend-cxx;leaf,1,0,1,0,include/Cellerator/compiler/frontend/cxx;include/Cellerator/compiler/frontend/cxx/preserve_pure_c_fallthrough_exactly_v1.hh;src/compiler/frontend/cxx;src/compiler/frontend/cxx/preserve_pure_c_fallthrough_exactly.cc;tests/compiler/cxx_bridge;tests/compiler/cxx_bridge/preserve_pure_c_fallthrough_exactly_test.cc,bench/ce_ptr;docs/language;include/Cellerator/memory/compiler_hints.hh;modules,.gitmodules;CMakeLists.txt;bench/CMakeLists.txt;cmake/compiler/CelleratorCompilerTargets.cmake;cmake/package/CelleratorConfig.cmake.in;cmake/package/CelleratorConfigVersion.cmake.in;include/Cellerator/Cellerator.hh;include/Cellerator/compiler.hh;src/CMakeLists.txt;tests/CMakeLists.txt;tools/CMakeLists.txt,,"Inspect the cited read scope, implement preserve pure c++ fallthrough exactly in the isolated B04 lane, add the focused ce_ccp1_b04_012 gate, and publish a source-linked receipt."
CE-CCP1-B04-013,CE-CCP1-B04-000,task,Expose reusable frontend sessions,planned,843,serial_in_lane,b04;compiler-frontend-cxx;leaf,1,0,1,0,include/Cellerator/compiler/frontend/cxx;include/Cellerator/compiler/frontend/cxx/expose_reusable_frontend_sessions_v1.hh;src/compiler/frontend/cxx;src/compiler/frontend/cxx/expose_reusable_frontend_sessions.cc;tests/compiler/cxx_bridge;tests/compiler/cxx_bridge/expose_reusable_frontend_sessions_test.cc,bench/ce_ptr;docs/language;include/Cellerator/memory/compiler_hints.hh;modules,.gitmodules;CMakeLists.txt;bench/CMakeLists.txt;cmake/compiler/CelleratorCompilerTargets.cmake;cmake/package/CelleratorConfig.cmake.in;cmake/package/CelleratorConfigVersion.cmake.in;include/Cellerator/Cellerator.hh;include/Cellerator/compiler.hh;src/CMakeLists.txt;tests/CMakeLists.txt;tools/CMakeLists.txt,,"Inspect the cited read scope, implement expose reusable frontend sessions in the isolated B04 lane, add the focused ce_ccp1_b04_013 gate, and publish a source-linked receipt."
CE-CCP1-B04-014,CE-CCP1-B04-000,validation_task,Freeze the C++ semantic bridge milestone,planned,843,serial_in_lane,b04;compiler-frontend-cxx;leaf,3,1,1,3,include/Cellerator/compiler/frontend/cxx;include/Cellerator/compiler/frontend/cxx/freeze_the_c_semantic_bridge_milestone_v1.hh;src/compiler/frontend/cxx;src/compiler/frontend/cxx/freeze_the_c_semantic_bridge_milestone.cc;tests/compiler/cxx_bridge;tests/compiler/cxx_bridge/freeze_the_c_semantic_bridge_milestone_test.cc,bench/ce_ptr;docs/language;include/Cellerator/memory/compiler_hints.hh;modules,.gitmodules;CMakeLists.txt;bench/CMakeLists.txt;cmake/compiler/CelleratorCompilerTargets.cmake;cmake/package/CelleratorConfig.cmake.in;cmake/package/CelleratorConfigVersion.cmake.in;include/Cellerator/Cellerator.hh;include/Cellerator/compiler.hh;src/CMakeLists.txt;tests/CMakeLists.txt;tools/CMakeLists.txt,,"Inspect the cited read scope, implement freeze the c++ semantic bridge milestone in the isolated B04 lane, add the focused ce_ccp1_b04_014 gate, and publish a source-linked receipt."
CE-CCP1-C01-000,CE-CCP1-P20,workstream,Cellerator lexical grammar and parser,planned,892,serial_lane,workstream;c01;compiler-frontend-parser,1,0,0,0,include/Cellerator/compiler/frontend/parser;src/compiler/frontend/parser;tests/compiler/parser,docs/language;include/Cellerator/compute/operation;include/Cellerator/execution,CMakeLists.txt;src/CMakeLists.txt;tools/CMakeLists.txt;tests/CMakeLists.txt;bench/CMakeLists.txt;include/Cellerator/Cellerator.hh;include/Cellerator/compiler.hh;.gitmodules;cmake/package/CelleratorConfig.cmake.in;cmake/package/CelleratorConfigVersion.cmake.in;cmake/compiler/CelleratorCompilerTargets.cmake,,Claim C01-001 after milestone prerequisites are reached.
CE-CCP1-C01-001,CE-CCP1-C01-000,validation_task,Freeze the executable grammar revision and token vocabulary,planned,842,serial_in_lane,c01;compiler-frontend-parser;leaf,1,0,1,0,include/Cellerator/compiler/frontend/parser;include/Cellerator/compiler/frontend/parser/freeze_the_executable_grammar_revision_and_token_vocabul_v1.hh;src/compiler/frontend/parser;src/compiler/frontend/parser/freeze_the_executable_grammar_revision_and_token_vocabul.cc;tests/compiler/parser;tests/compiler/parser/freeze_the_executable_grammar_revision_and_token_vocabul_test.cc,docs/language;include/Cellerator/compute/operation;include/Cellerator/execution,.gitmodules;CMakeLists.txt;bench/CMakeLists.txt;cmake/compiler/CelleratorCompilerTargets.cmake;cmake/package/CelleratorConfig.cmake.in;cmake/package/CelleratorConfigVersion.cmake.in;include/Cellerator/Cellerator.hh;include/Cellerator/compiler.hh;src/CMakeLists.txt;tests/CMakeLists.txt;tools/CMakeLists.txt,,"Inspect the cited read scope, implement freeze the executable grammar revision and token vocabulary in the isolated C01 lane, add the focused ce_ccp1_c01_001 gate, and publish a source-linked receipt."
CE-CCP1-C01-002,CE-CCP1-C01-000,task,Implement parser cursor and bounded lookahead,planned,842,serial_in_lane,c01;compiler-frontend-parser;leaf,1,0,1,0,include/Cellerator/compiler/frontend/parser;include/Cellerator/compiler/frontend/parser/implement_parser_cursor_and_bounded_lookahead_v1.hh;src/compiler/frontend/parser;src/compiler/frontend/parser/implement_parser_cursor_and_bounded_lookahead.cc;tests/compiler/parser;tests/compiler/parser/implement_parser_cursor_and_bounded_lookahead_test.cc,docs/language;include/Cellerator/compute/operation;include/Cellerator/execution,.gitmodules;CMakeLists.txt;bench/CMakeLists.txt;cmake/compiler/CelleratorCompilerTargets.cmake;cmake/package/CelleratorConfig.cmake.in;cmake/package/CelleratorConfigVersion.cmake.in;include/Cellerator/Cellerator.hh;include/Cellerator/compiler.hh;src/CMakeLists.txt;tests/CMakeLists.txt;tools/CMakeLists.txt,,"Inspect the cited read scope, implement implement parser cursor and bounded lookahead in the isolated C01 lane, add the focused ce_ccp1_c01_002 gate, and publish a source-linked receipt."
CE-CCP1-C01-003,CE-CCP1-C01-000,task,Parse compiler-semantic declarations,planned,842,serial_in_lane,c01;compiler-frontend-parser;leaf,1,0,1,0,include/Cellerator/compiler/frontend/parser;include/Cellerator/compiler/frontend/parser/parse_compiler_semantic_declarations_v1.hh;src/compiler/frontend/parser;src/compiler/frontend/parser/parse_compiler_semantic_declarations.cc;tests/compiler/parser;tests/compiler/parser/parse_compiler_semantic_declarations_test.cc,docs/language;include/Cellerator/compute/operation;include/Cellerator/execution,.gitmodules;CMakeLists.txt;bench/CMakeLists.txt;cmake/compiler/CelleratorCompilerTargets.cmake;cmake/package/CelleratorConfig.cmake.in;cmake/package/CelleratorConfigVersion.cmake.in;include/Cellerator/Cellerator.hh;include/Cellerator/compiler.hh;src/CMakeLists.txt;tests/CMakeLists.txt;tools/CMakeLists.txt,,"Inspect the cited read scope, implement parse compiler-semantic declarations in the isolated C01 lane, add the focused ce_ccp1_c01_003 gate, and publish a source-linked receipt."
CE-CCP1-C01-004,CE-CCP1-C01-000,task,Parse biological type constructors and qualifiers,planned,842,serial_in_lane,c01;compiler-frontend-parser;leaf,1,0,1,0,include/Cellerator/compiler/frontend/parser;include/Cellerator/compiler/frontend/parser/parse_biological_type_constructors_and_qualifiers_v1.hh;src/compiler/frontend/parser;src/compiler/frontend/parser/parse_biological_type_constructors_and_qualifiers.cc;tests/compiler/parser;tests/compiler/parser/parse_biological_type_constructors_and_qualifiers_test.cc,docs/language;include/Cellerator/compute/operation;include/Cellerator/execution,.gitmodules;CMakeLists.txt;bench/CMakeLists.txt;cmake/compiler/CelleratorCompilerTargets.cmake;cmake/package/CelleratorConfig.cmake.in;cmake/package/CelleratorConfigVersion.cmake.in;include/Cellerator/Cellerator.hh;include/Cellerator/compiler.hh;src/CMakeLists.txt;tests/CMakeLists.txt;tools/CMakeLists.txt,,"Inspect the cited read scope, implement parse biological type constructors and qualifiers in the isolated C01 lane, add the focused ce_ccp1_c01_004 gate, and publish a source-linked receipt."
CE-CCP1-C01-005,CE-CCP1-C01-000,task,Parse anonymous execution fields,planned,842,serial_in_lane,c01;compiler-frontend-parser;leaf,1,0,1,0,include/Cellerator/compiler/frontend/parser;include/Cellerator/compiler/frontend/parser/parse_anonymous_execution_fields_v1.hh;src/compiler/frontend/parser;src/compiler/frontend/parser/parse_anonymous_execution_fields.cc;tests/compiler/parser;tests/compiler/parser/parse_anonymous_execution_fields_test.cc,docs/language;include/Cellerator/compute/operation;include/Cellerator/execution,.gitmodules;CMakeLists.txt;bench/CMakeLists.txt;cmake/compiler/CelleratorCompilerTargets.cmake;cmake/package/CelleratorConfig.cmake.in;cmake/package/CelleratorConfigVersion.cmake.in;include/Cellerator/Cellerator.hh;include/Cellerator/compiler.hh;src/CMakeLists.txt;tests/CMakeLists.txt;tools/CMakeLists.txt,,"Inspect the cited read scope, implement parse anonymous execution fields in the isolated C01 lane, add the focused ce_ccp1_c01_005 gate, and publish a source-linked receipt."
CE-CCP1-C01-006,CE-CCP1-C01-000,task,Parse named execution fields and references,planned,842,serial_in_lane,c01;compiler-frontend-parser;leaf,1,0,1,0,include/Cellerator/compiler/frontend/parser;include/Cellerator/compiler/frontend/parser/parse_named_execution_fields_and_references_v1.hh;src/compiler/frontend/parser;src/compiler/frontend/parser/parse_named_execution_fields_and_references.cc;tests/compiler/parser;tests/compiler/parser/parse_named_execution_fields_and_references_test.cc,docs/language;include/Cellerator/compute/operation;include/Cellerator/execution,.gitmodules;CMakeLists.txt;bench/CMakeLists.txt;cmake/compiler/CelleratorCompilerTargets.cmake;cmake/package/CelleratorConfig.cmake.in;cmake/package/CelleratorConfigVersion.cmake.in;include/Cellerator/Cellerator.hh;include/Cellerator/compiler.hh;src/CMakeLists.txt;tests/CMakeLists.txt;tools/CMakeLists.txt,,"Inspect the cited read scope, implement parse named execution fields and references in the isolated C01 lane, add the focused ce_ccp1_c01_006 gate, and publish a source-linked receipt."
CE-CCP1-C01-007,CE-CCP1-C01-000,task,Parse relation application,planned,842,serial_in_lane,c01;compiler-frontend-parser;leaf,1,0,1,0,include/Cellerator/compiler/frontend/parser;include/Cellerator/compiler/frontend/parser/parse_relation_application_v1.hh;src/compiler/frontend/parser;src/compiler/frontend/parser/parse_relation_application.cc;tests/compiler/parser;tests/compiler/parser/parse_relation_application_test.cc,docs/language;include/Cellerator/compute/operation;include/Cellerator/execution,.gitmodules;CMakeLists.txt;bench/CMakeLists.txt;cmake/compiler/CelleratorCompilerTargets.cmake;cmake/package/CelleratorConfig.cmake.in;cmake/package/CelleratorConfigVersion.cmake.in;include/Cellerator/Cellerator.hh;include/Cellerator/compiler.hh;src/CMakeLists.txt;tests/CMakeLists.txt;tools/CMakeLists.txt,,"Inspect the cited read scope, implement parse relation application in the isolated C01 lane, add the focused ce_ccp1_c01_007 gate, and publish a source-linked receipt."
CE-CCP1-C01-008,CE-CCP1-C01-000,task,Parse non-relation operation families,planned,842,serial_in_lane,c01;compiler-frontend-parser;leaf,1,0,1,0,include/Cellerator/compiler/frontend/parser;include/Cellerator/compiler/frontend/parser/parse_non_relation_operation_families_v1.hh;src/compiler/frontend/parser;src/compiler/frontend/parser/parse_non_relation_operation_families.cc;tests/compiler/parser;tests/compiler/parser/parse_non_relation_operation_families_test.cc,docs/language;include/Cellerator/compute/operation;include/Cellerator/execution,.gitmodules;CMakeLists.txt;bench/CMakeLists.txt;cmake/compiler/CelleratorCompilerTargets.cmake;cmake/package/CelleratorConfig.cmake.in;cmake/package/CelleratorConfigVersion.cmake.in;include/Cellerator/Cellerator.hh;include/Cellerator/compiler.hh;src/CMakeLists.txt;tests/CMakeLists.txt;tools/CMakeLists.txt,,"Inspect the cited read scope, implement parse non-relation operation families in the isolated C01 lane, add the focused ce_ccp1_c01_008 gate, and publish a source-linked receipt."
CE-CCP1-C01-009,CE-CCP1-C01-000,task,"Parse planning facts, preferences, and hard constraints",planned,842,serial_in_lane,c01;compiler-frontend-parser;leaf,1,0,1,0,include/Cellerator/compiler/frontend/parser;include/Cellerator/compiler/frontend/parser/parse_planning_facts_preferences_and_hard_constraints_v1.hh;src/compiler/frontend/parser;src/compiler/frontend/parser/parse_planning_facts_preferences_and_hard_constraints.cc;tests/compiler/parser;tests/compiler/parser/parse_planning_facts_preferences_and_hard_constraints_test.cc,docs/language;include/Cellerator/compute/operation;include/Cellerator/execution,.gitmodules;CMakeLists.txt;bench/CMakeLists.txt;cmake/compiler/CelleratorCompilerTargets.cmake;cmake/package/CelleratorConfig.cmake.in;cmake/package/CelleratorConfigVersion.cmake.in;include/Cellerator/Cellerator.hh;include/Cellerator/compiler.hh;src/CMakeLists.txt;tests/CMakeLists.txt;tools/CMakeLists.txt,,"Inspect the cited read scope, implement parse planning facts, preferences, and hard constraints in the isolated C01 lane, add the focused ce_ccp1_c01_009 gate, and publish a source-linked receipt."
CE-CCP1-C01-010,CE-CCP1-C01-000,task,"Parse effects, mutation, generations, and epochs",planned,842,serial_in_lane,c01;compiler-frontend-parser;leaf,1,0,1,0,include/Cellerator/compiler/frontend/parser;include/Cellerator/compiler/frontend/parser/parse_effects_mutation_generations_and_epochs_v1.hh;src/compiler/frontend/parser;src/compiler/frontend/parser/parse_effects_mutation_generations_and_epochs.cc;tests/compiler/parser;tests/compiler/parser/parse_effects_mutation_generations_and_epochs_test.cc,docs/language;include/Cellerator/compute/operation;include/Cellerator/execution,.gitmodules;CMakeLists.txt;bench/CMakeLists.txt;cmake/compiler/CelleratorCompilerTargets.cmake;cmake/package/CelleratorConfig.cmake.in;cmake/package/CelleratorConfigVersion.cmake.in;include/Cellerator/Cellerator.hh;include/Cellerator/compiler.hh;src/CMakeLists.txt;tests/CMakeLists.txt;tools/CMakeLists.txt,,"Inspect the cited read scope, implement parse effects, mutation, generations, and epochs in the isolated C01 lane, add the focused ce_ccp1_c01_010 gate, and publish a source-linked receipt."
CE-CCP1-C01-011,CE-CCP1-C01-000,task,Parse inline CEIR blocks,planned,842,serial_in_lane,c01;compiler-frontend-parser;leaf,1,0,1,0,include/Cellerator/compiler/frontend/parser;include/Cellerator/compiler/frontend/parser/parse_inline_ceir_blocks_v1.hh;src/compiler/frontend/parser;src/compiler/frontend/parser/parse_inline_ceir_blocks.cc;tests/compiler/parser;tests/compiler/parser/parse_inline_ceir_blocks_test.cc,docs/language;include/Cellerator/compute/operation;include/Cellerator/execution,.gitmodules;CMakeLists.txt;bench/CMakeLists.txt;cmake/compiler/CelleratorCompilerTargets.cmake;cmake/package/CelleratorConfig.cmake.in;cmake/package/CelleratorConfigVersion.cmake.in;include/Cellerator/Cellerator.hh;include/Cellerator/compiler.hh;src/CMakeLists.txt;tests/CMakeLists.txt;tools/CMakeLists.txt,,"Inspect the cited read scope, implement parse inline ceir blocks in the isolated C01 lane, add the focused ce_ccp1_c01_011 gate, and publish a source-linked receipt."
CE-CCP1-C01-012,CE-CCP1-C01-000,task,Parse reflection and compiler-transform constructs,planned,842,serial_in_lane,c01;compiler-frontend-parser;leaf,1,0,1,0,include/Cellerator/compiler/frontend/parser;include/Cellerator/compiler/frontend/parser/parse_reflection_and_compiler_transform_constructs_v1.hh;src/compiler/frontend/parser;src/compiler/frontend/parser/parse_reflection_and_compiler_transform_constructs.cc;tests/compiler/parser;tests/compiler/parser/parse_reflection_and_compiler_transform_constructs_test.cc,docs/language;include/Cellerator/compute/operation;include/Cellerator/execution,.gitmodules;CMakeLists.txt;bench/CMakeLists.txt;cmake/compiler/CelleratorCompilerTargets.cmake;cmake/package/CelleratorConfig.cmake.in;cmake/package/CelleratorConfigVersion.cmake.in;include/Cellerator/Cellerator.hh;include/Cellerator/compiler.hh;src/CMakeLists.txt;tests/CMakeLists.txt;tools/CMakeLists.txt,,"Inspect the cited read scope, implement parse reflection and compiler-transform constructs in the isolated C01 lane, add the focused ce_ccp1_c01_012 gate, and publish a source-linked receipt."
CE-CCP1-C01-013,CE-CCP1-C01-000,task,Parse native/backend fragments,planned,842,serial_in_lane,c01;compiler-frontend-parser;leaf,1,0,1,0,include/Cellerator/compiler/frontend/parser;include/Cellerator/compiler/frontend/parser/parse_native_backend_fragments_v1.hh;src/compiler/frontend/parser;src/compiler/frontend/parser/parse_native_backend_fragments.cc;tests/compiler/parser;tests/compiler/parser/parse_native_backend_fragments_test.cc,docs/language;include/Cellerator/compute/operation;include/Cellerator/execution,.gitmodules;CMakeLists.txt;bench/CMakeLists.txt;cmake/compiler/CelleratorCompilerTargets.cmake;cmake/package/CelleratorConfig.cmake.in;cmake/package/CelleratorConfigVersion.cmake.in;include/Cellerator/Cellerator.hh;include/Cellerator/compiler.hh;src/CMakeLists.txt;tests/CMakeLists.txt;tools/CMakeLists.txt,,"Inspect the cited read scope, implement parse native/backend fragments in the isolated C01 lane, add the focused ce_ccp1_c01_013 gate, and publish a source-linked receipt."
CE-CCP1-C01-014,CE-CCP1-C01-000,task,Implement structured parser recovery,planned,842,serial_in_lane,c01;compiler-frontend-parser;leaf,1,0,1,0,include/Cellerator/compiler/frontend/parser;include/Cellerator/compiler/frontend/parser/implement_structured_parser_recovery_v1.hh;src/compiler/frontend/parser;src/compiler/frontend/parser/implement_structured_parser_recovery.cc;tests/compiler/parser;tests/compiler/parser/implement_structured_parser_recovery_test.cc,docs/language;include/Cellerator/compute/operation;include/Cellerator/execution,.gitmodules;CMakeLists.txt;bench/CMakeLists.txt;cmake/compiler/CelleratorCompilerTargets.cmake;cmake/package/CelleratorConfig.cmake.in;cmake/package/CelleratorConfigVersion.cmake.in;include/Cellerator/Cellerator.hh;include/Cellerator/compiler.hh;src/CMakeLists.txt;tests/CMakeLists.txt;tools/CMakeLists.txt,,"Inspect the cited read scope, implement implement structured parser recovery in the isolated C01 lane, add the focused ce_ccp1_c01_014 gate, and publish a source-linked receipt."
CE-CCP1-C01-015,CE-CCP1-C01-000,task,Expose parser library and parse-tree dump APIs,planned,842,serial_in_lane,c01;compiler-frontend-parser;leaf,1,0,1,0,include/Cellerator/compiler/frontend/parser;include/Cellerator/compiler/frontend/parser/expose_parser_library_and_parse_tree_dump_apis_v1.hh;src/compiler/frontend/parser;src/compiler/frontend/parser/expose_parser_library_and_parse_tree_dump_apis.cc;tests/compiler/parser;tests/compiler/parser/expose_parser_library_and_parse_tree_dump_apis_test.cc,docs/language;include/Cellerator/compute/operation;include/Cellerator/execution,.gitmodules;CMakeLists.txt;bench/CMakeLists.txt;cmake/compiler/CelleratorCompilerTargets.cmake;cmake/package/CelleratorConfig.cmake.in;cmake/package/CelleratorConfigVersion.cmake.in;include/Cellerator/Cellerator.hh;include/Cellerator/compiler.hh;src/CMakeLists.txt;tests/CMakeLists.txt;tools/CMakeLists.txt,,"Inspect the cited read scope, implement expose parser library and parse-tree dump apis in the isolated C01 lane, add the focused ce_ccp1_c01_015 gate, and publish a source-linked receipt."
CE-CCP1-C01-016,CE-CCP1-C01-000,validation_task,Deliver full grammar conformance,planned,842,serial_in_lane,c01;compiler-frontend-parser;leaf,2,1,1,1,include/Cellerator/compiler/frontend/parser;include/Cellerator/compiler/frontend/parser/deliver_full_grammar_conformance_v1.hh;src/compiler/frontend/parser;src/compiler/frontend/parser/deliver_full_grammar_conformance.cc;tests/compiler/parser;tests/compiler/parser/deliver_full_grammar_conformance_test.cc,docs/language;include/Cellerator/compute/operation;include/Cellerator/execution,.gitmodules;CMakeLists.txt;bench/CMakeLists.txt;cmake/compiler/CelleratorCompilerTargets.cmake;cmake/package/CelleratorConfig.cmake.in;cmake/package/CelleratorConfigVersion.cmake.in;include/Cellerator/Cellerator.hh;include/Cellerator/compiler.hh;src/CMakeLists.txt;tests/CMakeLists.txt;tools/CMakeLists.txt,,"Inspect the cited read scope, implement deliver full grammar conformance in the isolated C01 lane, add the focused ce_ccp1_c01_016 gate, and publish a source-linked receipt."
CE-CCP1-C02-000,CE-CCP1-P20,workstream,"Cellerator AST, symbols, source mapping, and frontend diagnostics",planned,891,serial_lane,workstream;c02;compiler-ast,1,0,0,0,include/Cellerator/compiler/ast;src/compiler/ast;tests/compiler/ast,include/Cellerator/compiler/frontend;docs/language,CMakeLists.txt;src/CMakeLists.txt;tools/CMakeLists.txt;tests/CMakeLists.txt;bench/CMakeLists.txt;include/Cellerator/Cellerator.hh;include/Cellerator/compiler.hh;.gitmodules;cmake/package/CelleratorConfig.cmake.in;cmake/package/CelleratorConfigVersion.cmake.in;cmake/compiler/CelleratorCompilerTargets.cmake,,Claim C02-001 after milestone prerequisites are reached.
CE-CCP1-C02-001,CE-CCP1-C02-000,validation_task,Freeze AST node ownership and lifetime,planned,841,serial_in_lane,c02;compiler-ast;leaf,1,0,1,0,include/Cellerator/compiler/ast;include/Cellerator/compiler/ast/freeze_ast_node_ownership_and_lifetime_v1.hh;src/compiler/ast;src/compiler/ast/freeze_ast_node_ownership_and_lifetime.cc;tests/compiler/ast;tests/compiler/ast/freeze_ast_node_ownership_and_lifetime_test.cc,docs/language;include/Cellerator/compiler/frontend,.gitmodules;CMakeLists.txt;bench/CMakeLists.txt;cmake/compiler/CelleratorCompilerTargets.cmake;cmake/package/CelleratorConfig.cmake.in;cmake/package/CelleratorConfigVersion.cmake.in;include/Cellerator/Cellerator.hh;include/Cellerator/compiler.hh;src/CMakeLists.txt;tests/CMakeLists.txt;tools/CMakeLists.txt,,"Inspect the cited read scope, implement freeze ast node ownership and lifetime in the isolated C02 lane, add the focused ce_ccp1_c02_001 gate, and publish a source-linked receipt."
CE-CCP1-C02-002,CE-CCP1-C02-000,task,Define source-level AST node families,planned,841,serial_in_lane,c02;compiler-ast;leaf,1,0,1,0,include/Cellerator/compiler/ast;include/Cellerator/compiler/ast/define_source_level_ast_node_families_v1.hh;src/compiler/ast;src/compiler/ast/define_source_level_ast_node_families.cc;tests/compiler/ast;tests/compiler/ast/define_source_level_ast_node_families_test.cc,docs/language;include/Cellerator/compiler/frontend,.gitmodules;CMakeLists.txt;bench/CMakeLists.txt;cmake/compiler/CelleratorCompilerTargets.cmake;cmake/package/CelleratorConfig.cmake.in;cmake/package/CelleratorConfigVersion.cmake.in;include/Cellerator/Cellerator.hh;include/Cellerator/compiler.hh;src/CMakeLists.txt;tests/CMakeLists.txt;tools/CMakeLists.txt,,"Inspect the cited read scope, implement define source-level ast node families in the isolated C02 lane, add the focused ce_ccp1_c02_002 gate, and publish a source-linked receipt."
CE-CCP1-C02-003,CE-CCP1-C02-000,task,Bind C++ AST references safely,planned,841,serial_in_lane,c02;compiler-ast;leaf,1,0,1,0,include/Cellerator/compiler/ast;include/Cellerator/compiler/ast/bind_c_ast_references_safely_v1.hh;src/compiler/ast;src/compiler/ast/bind_c_ast_references_safely.cc;tests/compiler/ast;tests/compiler/ast/bind_c_ast_references_safely_test.cc,docs/language;include/Cellerator/compiler/frontend,.gitmodules;CMakeLists.txt;bench/CMakeLists.txt;cmake/compiler/CelleratorCompilerTargets.cmake;cmake/package/CelleratorConfig.cmake.in;cmake/package/CelleratorConfigVersion.cmake.in;include/Cellerator/Cellerator.hh;include/Cellerator/compiler.hh;src/CMakeLists.txt;tests/CMakeLists.txt;tools/CMakeLists.txt,,"Inspect the cited read scope, implement bind c++ ast references safely in the isolated C02 lane, add the focused ce_ccp1_c02_003 gate, and publish a source-linked receipt."
CE-CCP1-C02-004,CE-CCP1-C02-000,task,Implement Cellerator symbol tables and scopes,planned,841,serial_in_lane,c02;compiler-ast;leaf,1,0,1,0,include/Cellerator/compiler/ast;include/Cellerator/compiler/ast/implement_cellerator_symbol_tables_and_scopes_v1.hh;src/compiler/ast;src/compiler/ast/implement_cellerator_symbol_tables_and_scopes.cc;tests/compiler/ast;tests/compiler/ast/implement_cellerator_symbol_tables_and_scopes_test.cc,docs/language;include/Cellerator/compiler/frontend,.gitmodules;CMakeLists.txt;bench/CMakeLists.txt;cmake/compiler/CelleratorCompilerTargets.cmake;cmake/package/CelleratorConfig.cmake.in;cmake/package/CelleratorConfigVersion.cmake.in;include/Cellerator/Cellerator.hh;include/Cellerator/compiler.hh;src/CMakeLists.txt;tests/CMakeLists.txt;tools/CMakeLists.txt,,"Inspect the cited read scope, implement implement cellerator symbol tables and scopes in the isolated C02 lane, add the focused ce_ccp1_c02_004 gate, and publish a source-linked receipt."
CE-CCP1-C02-005,CE-CCP1-C02-000,task,Assign deterministic source identities,planned,841,serial_in_lane,c02;compiler-ast;leaf,1,0,1,0,include/Cellerator/compiler/ast;include/Cellerator/compiler/ast/assign_deterministic_source_identities_v1.hh;src/compiler/ast;src/compiler/ast/assign_deterministic_source_identities.cc;tests/compiler/ast;tests/compiler/ast/assign_deterministic_source_identities_test.cc,docs/language;include/Cellerator/compiler/frontend,.gitmodules;CMakeLists.txt;bench/CMakeLists.txt;cmake/compiler/CelleratorCompilerTargets.cmake;cmake/package/CelleratorConfig.cmake.in;cmake/package/CelleratorConfigVersion.cmake.in;include/Cellerator/Cellerator.hh;include/Cellerator/compiler.hh;src/CMakeLists.txt;tests/CMakeLists.txt;tools/CMakeLists.txt,,"Inspect the cited read scope, implement assign deterministic source identities in the isolated C02 lane, add the focused ce_ccp1_c02_005 gate, and publish a source-linked receipt."
CE-CCP1-C02-006,CE-CCP1-C02-000,task,Preserve token and macro provenance,planned,841,serial_in_lane,c02;compiler-ast;leaf,1,0,1,0,include/Cellerator/compiler/ast;include/Cellerator/compiler/ast/preserve_token_and_macro_provenance_v1.hh;src/compiler/ast;src/compiler/ast/preserve_token_and_macro_provenance.cc;tests/compiler/ast;tests/compiler/ast/preserve_token_and_macro_provenance_test.cc,docs/language;include/Cellerator/compiler/frontend,.gitmodules;CMakeLists.txt;bench/CMakeLists.txt;cmake/compiler/CelleratorCompilerTargets.cmake;cmake/package/CelleratorConfig.cmake.in;cmake/package/CelleratorConfigVersion.cmake.in;include/Cellerator/Cellerator.hh;include/Cellerator/compiler.hh;src/CMakeLists.txt;tests/CMakeLists.txt;tools/CMakeLists.txt,,"Inspect the cited read scope, implement preserve token and macro provenance in the isolated C02 lane, add the focused ce_ccp1_c02_006 gate, and publish a source-linked receipt."
CE-CCP1-C02-007,CE-CCP1-C02-000,task,"Implement AST visitors, matchers, and queries",planned,841,serial_in_lane,c02;compiler-ast;leaf,1,0,1,0,include/Cellerator/compiler/ast;include/Cellerator/compiler/ast/implement_ast_visitors_matchers_and_queries_v1.hh;src/compiler/ast;src/compiler/ast/implement_ast_visitors_matchers_and_queries.cc;tests/compiler/ast;tests/compiler/ast/implement_ast_visitors_matchers_and_queries_test.cc,docs/language;include/Cellerator/compiler/frontend,.gitmodules;CMakeLists.txt;bench/CMakeLists.txt;cmake/compiler/CelleratorCompilerTargets.cmake;cmake/package/CelleratorConfig.cmake.in;cmake/package/CelleratorConfigVersion.cmake.in;include/Cellerator/Cellerator.hh;include/Cellerator/compiler.hh;src/CMakeLists.txt;tests/CMakeLists.txt;tools/CMakeLists.txt,,"Inspect the cited read scope, implement implement ast visitors, matchers, and queries in the isolated C02 lane, add the focused ce_ccp1_c02_007 gate, and publish a source-linked receipt."
CE-CCP1-C02-008,CE-CCP1-C02-000,task,Create structured frontend diagnostic records,planned,841,serial_in_lane,c02;compiler-ast;leaf,1,0,1,0,include/Cellerator/compiler/ast;include/Cellerator/compiler/ast/create_structured_frontend_diagnostic_records_v1.hh;src/compiler/ast;src/compiler/ast/create_structured_frontend_diagnostic_records.cc;tests/compiler/ast;tests/compiler/ast/create_structured_frontend_diagnostic_records_test.cc,docs/language;include/Cellerator/compiler/frontend,.gitmodules;CMakeLists.txt;bench/CMakeLists.txt;cmake/compiler/CelleratorCompilerTargets.cmake;cmake/package/CelleratorConfig.cmake.in;cmake/package/CelleratorConfigVersion.cmake.in;include/Cellerator/Cellerator.hh;include/Cellerator/compiler.hh;src/CMakeLists.txt;tests/CMakeLists.txt;tools/CMakeLists.txt,,"Inspect the cited read scope, implement create structured frontend diagnostic records in the isolated C02 lane, add the focused ce_ccp1_c02_008 gate, and publish a source-linked receipt."
CE-CCP1-C02-009,CE-CCP1-C02-000,task,Implement source-aware fix-its,planned,841,serial_in_lane,c02;compiler-ast;leaf,1,0,1,0,include/Cellerator/compiler/ast;include/Cellerator/compiler/ast/implement_source_aware_fix_its_v1.hh;src/compiler/ast;src/compiler/ast/implement_source_aware_fix_its.cc;tests/compiler/ast;tests/compiler/ast/implement_source_aware_fix_its_test.cc,docs/language;include/Cellerator/compiler/frontend,.gitmodules;CMakeLists.txt;bench/CMakeLists.txt;cmake/compiler/CelleratorCompilerTargets.cmake;cmake/package/CelleratorConfig.cmake.in;cmake/package/CelleratorConfigVersion.cmake.in;include/Cellerator/Cellerator.hh;include/Cellerator/compiler.hh;src/CMakeLists.txt;tests/CMakeLists.txt;tools/CMakeLists.txt,,"Inspect the cited read scope, implement implement source-aware fix-its in the isolated C02 lane, add the focused ce_ccp1_c02_009 gate, and publish a source-linked receipt."
CE-CCP1-C02-010,CE-CCP1-C02-000,task,Create deterministic AST dump and snapshot formats,planned,841,serial_in_lane,c02;compiler-ast;leaf,1,0,1,0,include/Cellerator/compiler/ast;include/Cellerator/compiler/ast/create_deterministic_ast_dump_and_snapshot_formats_v1.hh;src/compiler/ast;src/compiler/ast/create_deterministic_ast_dump_and_snapshot_formats.cc;tests/compiler/ast;tests/compiler/ast/create_deterministic_ast_dump_and_snapshot_formats_test.cc,docs/language;include/Cellerator/compiler/frontend,.gitmodules;CMakeLists.txt;bench/CMakeLists.txt;cmake/compiler/CelleratorCompilerTargets.cmake;cmake/package/CelleratorConfig.cmake.in;cmake/package/CelleratorConfigVersion.cmake.in;include/Cellerator/Cellerator.hh;include/Cellerator/compiler.hh;src/CMakeLists.txt;tests/CMakeLists.txt;tools/CMakeLists.txt,,"Inspect the cited read scope, implement create deterministic ast dump and snapshot formats in the isolated C02 lane, add the focused ce_ccp1_c02_010 gate, and publish a source-linked receipt."
CE-CCP1-C02-011,CE-CCP1-C02-000,task,Support incremental AST identity reuse,planned,841,serial_in_lane,c02;compiler-ast;leaf,1,0,1,0,include/Cellerator/compiler/ast;include/Cellerator/compiler/ast/support_incremental_ast_identity_reuse_v1.hh;src/compiler/ast;src/compiler/ast/support_incremental_ast_identity_reuse.cc;tests/compiler/ast;tests/compiler/ast/support_incremental_ast_identity_reuse_test.cc,docs/language;include/Cellerator/compiler/frontend,.gitmodules;CMakeLists.txt;bench/CMakeLists.txt;cmake/compiler/CelleratorCompilerTargets.cmake;cmake/package/CelleratorConfig.cmake.in;cmake/package/CelleratorConfigVersion.cmake.in;include/Cellerator/Cellerator.hh;include/Cellerator/compiler.hh;src/CMakeLists.txt;tests/CMakeLists.txt;tools/CMakeLists.txt,,"Inspect the cited read scope, implement support incremental ast identity reuse in the isolated C02 lane, add the focused ce_ccp1_c02_011 gate, and publish a source-linked receipt."
CE-CCP1-C02-012,CE-CCP1-C02-000,validation_task,Freeze the AST and source-diagnostics interface,planned,841,serial_in_lane,c02;compiler-ast;leaf,4,1,1,3,include/Cellerator/compiler/ast;include/Cellerator/compiler/ast/freeze_the_ast_and_source_diagnostics_interface_v1.hh;src/compiler/ast;src/compiler/ast/freeze_the_ast_and_source_diagnostics_interface.cc;tests/compiler/ast;tests/compiler/ast/freeze_the_ast_and_source_diagnostics_interface_test.cc,docs/language;include/Cellerator/compiler/frontend,.gitmodules;CMakeLists.txt;bench/CMakeLists.txt;cmake/compiler/CelleratorCompilerTargets.cmake;cmake/package/CelleratorConfig.cmake.in;cmake/package/CelleratorConfigVersion.cmake.in;include/Cellerator/Cellerator.hh;include/Cellerator/compiler.hh;src/CMakeLists.txt;tests/CMakeLists.txt;tools/CMakeLists.txt,,"Inspect the cited read scope, implement freeze the ast and source-diagnostics interface in the isolated C02 lane, add the focused ce_ccp1_c02_012 gate, and publish a source-linked receipt."
CE-CCP1-C03-000,CE-CCP1-P20,workstream,"Biological semantic types, relations, and typed operation analysis",planned,890,serial_lane,workstream;c03;compiler-sema-biology,1,0,0,0,include/Cellerator/compiler/sema;src/compiler/sema;tests/compiler/sema,include/Cellerator/compute/operation/operation_core_v2;include/Cellerator/compute/operation/relation_algebra_v2;include/Cellerator/execution/biological_abi.hh;docs/language,CMakeLists.txt;src/CMakeLists.txt;tools/CMakeLists.txt;tests/CMakeLists.txt;bench/CMakeLists.txt;include/Cellerator/Cellerator.hh;include/Cellerator/compiler.hh;.gitmodules;cmake/package/CelleratorConfig.cmake.in;cmake/package/CelleratorConfigVersion.cmake.in;cmake/compiler/CelleratorCompilerTargets.cmake,,Claim C03-001 after milestone prerequisites are reached.
CE-CCP1-C03-001,CE-CCP1-C03-000,validation_task,Freeze compiler-semantic type categories,planned,840,serial_in_lane,c03;compiler-sema-biology;leaf,1,0,1,0,include/Cellerator/compiler/sema;include/Cellerator/compiler/sema/freeze_compiler_semantic_type_categories_v1.hh;src/compiler/sema;src/compiler/sema/freeze_compiler_semantic_type_categories.cc;tests/compiler/sema;tests/compiler/sema/freeze_compiler_semantic_type_categories_test.cc,docs/language;include/Cellerator/compute/operation/operation_core_v2;include/Cellerator/compute/operation/relation_algebra_v2;include/Cellerator/execution/biological_abi.hh,.gitmodules;CMakeLists.txt;bench/CMakeLists.txt;cmake/compiler/CelleratorCompilerTargets.cmake;cmake/package/CelleratorConfig.cmake.in;cmake/package/CelleratorConfigVersion.cmake.in;include/Cellerator/Cellerator.hh;include/Cellerator/compiler.hh;src/CMakeLists.txt;tests/CMakeLists.txt;tools/CMakeLists.txt,,"Inspect the cited read scope, implement freeze compiler-semantic type categories in the isolated C03 lane, add the focused ce_ccp1_c03_001 gate, and publish a source-linked receipt."
CE-CCP1-C03-002,CE-CCP1-C03-000,task,Implement domain and human biological tag semantics,planned,840,serial_in_lane,c03;compiler-sema-biology;leaf,1,0,1,0,include/Cellerator/compiler/sema;include/Cellerator/compiler/sema/implement_domain_and_human_biological_tag_semantics_v1.hh;src/compiler/sema;src/compiler/sema/implement_domain_and_human_biological_tag_semantics.cc;tests/compiler/sema;tests/compiler/sema/implement_domain_and_human_biological_tag_semantics_test.cc,docs/language;include/Cellerator/compute/operation/operation_core_v2;include/Cellerator/compute/operation/relation_algebra_v2;include/Cellerator/execution/biological_abi.hh,.gitmodules;CMakeLists.txt;bench/CMakeLists.txt;cmake/compiler/CelleratorCompilerTargets.cmake;cmake/package/CelleratorConfig.cmake.in;cmake/package/CelleratorConfigVersion.cmake.in;include/Cellerator/Cellerator.hh;include/Cellerator/compiler.hh;src/CMakeLists.txt;tests/CMakeLists.txt;tools/CMakeLists.txt,,"Inspect the cited read scope, implement implement domain and human biological tag semantics in the isolated C03 lane, add the focused ce_ccp1_c03_002 gate, and publish a source-linked receipt."
CE-CCP1-C03-003,CE-CCP1-C03-000,task,Implement axis semantics,planned,840,serial_in_lane,c03;compiler-sema-biology;leaf,1,0,1,0,include/Cellerator/compiler/sema;include/Cellerator/compiler/sema/implement_axis_semantics_v1.hh;src/compiler/sema;src/compiler/sema/implement_axis_semantics.cc;tests/compiler/sema;tests/compiler/sema/implement_axis_semantics_test.cc,docs/language;include/Cellerator/compute/operation/operation_core_v2;include/Cellerator/compute/operation/relation_algebra_v2;include/Cellerator/execution/biological_abi.hh,.gitmodules;CMakeLists.txt;bench/CMakeLists.txt;cmake/compiler/CelleratorCompilerTargets.cmake;cmake/package/CelleratorConfig.cmake.in;cmake/package/CelleratorConfigVersion.cmake.in;include/Cellerator/Cellerator.hh;include/Cellerator/compiler.hh;src/CMakeLists.txt;tests/CMakeLists.txt;tools/CMakeLists.txt,,"Inspect the cited read scope, implement implement axis semantics in the isolated C03 lane, add the focused ce_ccp1_c03_003 gate, and publish a source-linked receipt."
CE-CCP1-C03-004,CE-CCP1-C03-000,task,Implement state semantics,planned,840,serial_in_lane,c03;compiler-sema-biology;leaf,1,0,1,0,include/Cellerator/compiler/sema;include/Cellerator/compiler/sema/implement_state_semantics_v1.hh;src/compiler/sema;src/compiler/sema/implement_state_semantics.cc;tests/compiler/sema;tests/compiler/sema/implement_state_semantics_test.cc,docs/language;include/Cellerator/compute/operation/operation_core_v2;include/Cellerator/compute/operation/relation_algebra_v2;include/Cellerator/execution/biological_abi.hh,.gitmodules;CMakeLists.txt;bench/CMakeLists.txt;cmake/compiler/CelleratorCompilerTargets.cmake;cmake/package/CelleratorConfig.cmake.in;cmake/package/CelleratorConfigVersion.cmake.in;include/Cellerator/Cellerator.hh;include/Cellerator/compiler.hh;src/CMakeLists.txt;tests/CMakeLists.txt;tools/CMakeLists.txt,,"Inspect the cited read scope, implement implement state semantics in the isolated C03 lane, add the focused ce_ccp1_c03_004 gate, and publish a source-linked receipt."
CE-CCP1-C03-005,CE-CCP1-C03-000,task,Implement relation endpoint semantics,planned,840,serial_in_lane,c03;compiler-sema-biology;leaf,1,0,1,0,include/Cellerator/compiler/sema;include/Cellerator/compiler/sema/implement_relation_endpoint_semantics_v1.hh;src/compiler/sema;src/compiler/sema/implement_relation_endpoint_semantics.cc;tests/compiler/sema;tests/compiler/sema/implement_relation_endpoint_semantics_test.cc,docs/language;include/Cellerator/compute/operation/operation_core_v2;include/Cellerator/compute/operation/relation_algebra_v2;include/Cellerator/execution/biological_abi.hh,.gitmodules;CMakeLists.txt;bench/CMakeLists.txt;cmake/compiler/CelleratorCompilerTargets.cmake;cmake/package/CelleratorConfig.cmake.in;cmake/package/CelleratorConfigVersion.cmake.in;include/Cellerator/Cellerator.hh;include/Cellerator/compiler.hh;src/CMakeLists.txt;tests/CMakeLists.txt;tools/CMakeLists.txt,,"Inspect the cited read scope, implement implement relation endpoint semantics in the isolated C03 lane, add the focused ce_ccp1_c03_005 gate, and publish a source-linked receipt."
CE-CCP1-C03-006,CE-CCP1-C03-000,task,Implement support and logical edge identity semantics,planned,840,serial_in_lane,c03;compiler-sema-biology;leaf,1,0,1,0,include/Cellerator/compiler/sema;include/Cellerator/compiler/sema/implement_support_and_logical_edge_identity_semantics_v1.hh;src/compiler/sema;src/compiler/sema/implement_support_and_logical_edge_identity_semantics.cc;tests/compiler/sema;tests/compiler/sema/implement_support_and_logical_edge_identity_semantics_test.cc,docs/language;include/Cellerator/compute/operation/operation_core_v2;include/Cellerator/compute/operation/relation_algebra_v2;include/Cellerator/execution/biological_abi.hh,.gitmodules;CMakeLists.txt;bench/CMakeLists.txt;cmake/compiler/CelleratorCompilerTargets.cmake;cmake/package/CelleratorConfig.cmake.in;cmake/package/CelleratorConfigVersion.cmake.in;include/Cellerator/Cellerator.hh;include/Cellerator/compiler.hh;src/CMakeLists.txt;tests/CMakeLists.txt;tools/CMakeLists.txt,,"Inspect the cited read scope, implement implement support and logical edge identity semantics in the isolated C03 lane, add the focused ce_ccp1_c03_006 gate, and publish a source-linked receipt."
CE-CCP1-C03-007,CE-CCP1-C03-000,task,Implement orientation and transpose semantics,planned,840,serial_in_lane,c03;compiler-sema-biology;leaf,1,0,1,0,include/Cellerator/compiler/sema;include/Cellerator/compiler/sema/implement_orientation_and_transpose_semantics_v1.hh;src/compiler/sema;src/compiler/sema/implement_orientation_and_transpose_semantics.cc;tests/compiler/sema;tests/compiler/sema/implement_orientation_and_transpose_semantics_test.cc,docs/language;include/Cellerator/compute/operation/operation_core_v2;include/Cellerator/compute/operation/relation_algebra_v2;include/Cellerator/execution/biological_abi.hh,.gitmodules;CMakeLists.txt;bench/CMakeLists.txt;cmake/compiler/CelleratorCompilerTargets.cmake;cmake/package/CelleratorConfig.cmake.in;cmake/package/CelleratorConfigVersion.cmake.in;include/Cellerator/Cellerator.hh;include/Cellerator/compiler.hh;src/CMakeLists.txt;tests/CMakeLists.txt;tools/CMakeLists.txt,,"Inspect the cited read scope, implement implement orientation and transpose semantics in the isolated C03 lane, add the focused ce_ccp1_c03_007 gate, and publish a source-linked receipt."
CE-CCP1-C03-008,CE-CCP1-C03-000,task,Implement numerical tuple semantics,planned,840,serial_in_lane,c03;compiler-sema-biology;leaf,1,0,1,0,include/Cellerator/compiler/sema;include/Cellerator/compiler/sema/implement_numerical_tuple_semantics_v1.hh;src/compiler/sema;src/compiler/sema/implement_numerical_tuple_semantics.cc;tests/compiler/sema;tests/compiler/sema/implement_numerical_tuple_semantics_test.cc,docs/language;include/Cellerator/compute/operation/operation_core_v2;include/Cellerator/compute/operation/relation_algebra_v2;include/Cellerator/execution/biological_abi.hh,.gitmodules;CMakeLists.txt;bench/CMakeLists.txt;cmake/compiler/CelleratorCompilerTargets.cmake;cmake/package/CelleratorConfig.cmake.in;cmake/package/CelleratorConfigVersion.cmake.in;include/Cellerator/Cellerator.hh;include/Cellerator/compiler.hh;src/CMakeLists.txt;tests/CMakeLists.txt;tools/CMakeLists.txt,,"Inspect the cited read scope, implement implement numerical tuple semantics in the isolated C03 lane, add the focused ce_ccp1_c03_008 gate, and publish a source-linked receipt."
CE-CCP1-C03-009,CE-CCP1-C03-000,task,Implement operation-kind resolution,planned,840,serial_in_lane,c03;compiler-sema-biology;leaf,1,0,1,0,include/Cellerator/compiler/sema;include/Cellerator/compiler/sema/implement_operation_kind_resolution_v1.hh;src/compiler/sema;src/compiler/sema/implement_operation_kind_resolution.cc;tests/compiler/sema;tests/compiler/sema/implement_operation_kind_resolution_test.cc,docs/language;include/Cellerator/compute/operation/operation_core_v2;include/Cellerator/compute/operation/relation_algebra_v2;include/Cellerator/execution/biological_abi.hh,.gitmodules;CMakeLists.txt;bench/CMakeLists.txt;cmake/compiler/CelleratorCompilerTargets.cmake;cmake/package/CelleratorConfig.cmake.in;cmake/package/CelleratorConfigVersion.cmake.in;include/Cellerator/Cellerator.hh;include/Cellerator/compiler.hh;src/CMakeLists.txt;tests/CMakeLists.txt;tools/CMakeLists.txt,,"Inspect the cited read scope, implement implement operation-kind resolution in the isolated C03 lane, add the focused ce_ccp1_c03_009 gate, and publish a source-linked receipt."
CE-CCP1-C03-010,CE-CCP1-C03-000,task,Implement output/update effect semantics,planned,840,serial_in_lane,c03;compiler-sema-biology;leaf,1,0,1,0,include/Cellerator/compiler/sema;include/Cellerator/compiler/sema/implement_output_update_effect_semantics_v1.hh;src/compiler/sema;src/compiler/sema/implement_output_update_effect_semantics.cc;tests/compiler/sema;tests/compiler/sema/implement_output_update_effect_semantics_test.cc,docs/language;include/Cellerator/compute/operation/operation_core_v2;include/Cellerator/compute/operation/relation_algebra_v2;include/Cellerator/execution/biological_abi.hh,.gitmodules;CMakeLists.txt;bench/CMakeLists.txt;cmake/compiler/CelleratorCompilerTargets.cmake;cmake/package/CelleratorConfig.cmake.in;cmake/package/CelleratorConfigVersion.cmake.in;include/Cellerator/Cellerator.hh;include/Cellerator/compiler.hh;src/CMakeLists.txt;tests/CMakeLists.txt;tools/CMakeLists.txt,,"Inspect the cited read scope, implement implement output/update effect semantics in the isolated C03 lane, add the focused ce_ccp1_c03_010 gate, and publish a source-linked receipt."
CE-CCP1-C03-011,CE-CCP1-C03-000,task,"Implement structure, value, and support generation typing",planned,840,serial_in_lane,c03;compiler-sema-biology;leaf,1,0,1,0,include/Cellerator/compiler/sema;include/Cellerator/compiler/sema/implement_structure_value_and_support_generation_typing_v1.hh;src/compiler/sema;src/compiler/sema/implement_structure_value_and_support_generation_typing.cc;tests/compiler/sema;tests/compiler/sema/implement_structure_value_and_support_generation_typing_test.cc,docs/language;include/Cellerator/compute/operation/operation_core_v2;include/Cellerator/compute/operation/relation_algebra_v2;include/Cellerator/execution/biological_abi.hh,.gitmodules;CMakeLists.txt;bench/CMakeLists.txt;cmake/compiler/CelleratorCompilerTargets.cmake;cmake/package/CelleratorConfig.cmake.in;cmake/package/CelleratorConfigVersion.cmake.in;include/Cellerator/Cellerator.hh;include/Cellerator/compiler.hh;src/CMakeLists.txt;tests/CMakeLists.txt;tools/CMakeLists.txt,,"Inspect the cited read scope, implement implement structure, value, and support generation typing in the isolated C03 lane, add the focused ce_ccp1_c03_011 gate, and publish a source-linked receipt."
CE-CCP1-C03-012,CE-CCP1-C03-000,task,Implement persistence and identity typing,planned,840,serial_in_lane,c03;compiler-sema-biology;leaf,1,0,1,0,include/Cellerator/compiler/sema;include/Cellerator/compiler/sema/implement_persistence_and_identity_typing_v1.hh;src/compiler/sema;src/compiler/sema/implement_persistence_and_identity_typing.cc;tests/compiler/sema;tests/compiler/sema/implement_persistence_and_identity_typing_test.cc,docs/language;include/Cellerator/compute/operation/operation_core_v2;include/Cellerator/compute/operation/relation_algebra_v2;include/Cellerator/execution/biological_abi.hh,.gitmodules;CMakeLists.txt;bench/CMakeLists.txt;cmake/compiler/CelleratorCompilerTargets.cmake;cmake/package/CelleratorConfig.cmake.in;cmake/package/CelleratorConfigVersion.cmake.in;include/Cellerator/Cellerator.hh;include/Cellerator/compiler.hh;src/CMakeLists.txt;tests/CMakeLists.txt;tools/CMakeLists.txt,,"Inspect the cited read scope, implement implement persistence and identity typing in the isolated C03 lane, add the focused ce_ccp1_c03_012 gate, and publish a source-linked receipt."
CE-CCP1-C03-013,CE-CCP1-C03-000,task,Integrate C++ templates and concepts with biological constraints,planned,840,serial_in_lane,c03;compiler-sema-biology;leaf,1,0,1,0,include/Cellerator/compiler/sema;include/Cellerator/compiler/sema/integrate_c_templates_and_concepts_with_biological_const_v1.hh;src/compiler/sema;src/compiler/sema/integrate_c_templates_and_concepts_with_biological_const.cc;tests/compiler/sema;tests/compiler/sema/integrate_c_templates_and_concepts_with_biological_const_test.cc,docs/language;include/Cellerator/compute/operation/operation_core_v2;include/Cellerator/compute/operation/relation_algebra_v2;include/Cellerator/execution/biological_abi.hh,.gitmodules;CMakeLists.txt;bench/CMakeLists.txt;cmake/compiler/CelleratorCompilerTargets.cmake;cmake/package/CelleratorConfig.cmake.in;cmake/package/CelleratorConfigVersion.cmake.in;include/Cellerator/Cellerator.hh;include/Cellerator/compiler.hh;src/CMakeLists.txt;tests/CMakeLists.txt;tools/CMakeLists.txt,,"Inspect the cited read scope, implement integrate c++ templates and concepts with biological constraints in the isolated C03 lane, add the focused ce_ccp1_c03_013 gate, and publish a source-linked receipt."
CE-CCP1-C03-014,CE-CCP1-C03-000,task,Implement explicit low-level casts and escape hatches,planned,840,serial_in_lane,c03;compiler-sema-biology;leaf,1,0,1,0,include/Cellerator/compiler/sema;include/Cellerator/compiler/sema/implement_explicit_low_level_casts_and_escape_hatches_v1.hh;src/compiler/sema;src/compiler/sema/implement_explicit_low_level_casts_and_escape_hatches.cc;tests/compiler/sema;tests/compiler/sema/implement_explicit_low_level_casts_and_escape_hatches_test.cc,docs/language;include/Cellerator/compute/operation/operation_core_v2;include/Cellerator/compute/operation/relation_algebra_v2;include/Cellerator/execution/biological_abi.hh,.gitmodules;CMakeLists.txt;bench/CMakeLists.txt;cmake/compiler/CelleratorCompilerTargets.cmake;cmake/package/CelleratorConfig.cmake.in;cmake/package/CelleratorConfigVersion.cmake.in;include/Cellerator/Cellerator.hh;include/Cellerator/compiler.hh;src/CMakeLists.txt;tests/CMakeLists.txt;tools/CMakeLists.txt,,"Inspect the cited read scope, implement implement explicit low-level casts and escape hatches in the isolated C03 lane, add the focused ce_ccp1_c03_014 gate, and publish a source-linked receipt."
CE-CCP1-C03-015,CE-CCP1-C03-000,task,Create semantic validation and explanation APIs,planned,840,serial_in_lane,c03;compiler-sema-biology;leaf,1,0,1,0,include/Cellerator/compiler/sema;include/Cellerator/compiler/sema/create_semantic_validation_and_explanation_apis_v1.hh;src/compiler/sema;src/compiler/sema/create_semantic_validation_and_explanation_apis.cc;tests/compiler/sema;tests/compiler/sema/create_semantic_validation_and_explanation_apis_test.cc,docs/language;include/Cellerator/compute/operation/operation_core_v2;include/Cellerator/compute/operation/relation_algebra_v2;include/Cellerator/execution/biological_abi.hh,.gitmodules;CMakeLists.txt;bench/CMakeLists.txt;cmake/compiler/CelleratorCompilerTargets.cmake;cmake/package/CelleratorConfig.cmake.in;cmake/package/CelleratorConfigVersion.cmake.in;include/Cellerator/Cellerator.hh;include/Cellerator/compiler.hh;src/CMakeLists.txt;tests/CMakeLists.txt;tools/CMakeLists.txt,,"Inspect the cited read scope, implement create semantic validation and explanation apis in the isolated C03 lane, add the focused ce_ccp1_c03_015 gate, and publish a source-linked receipt."
CE-CCP1-C03-016,CE-CCP1-C03-000,validation_task,Freeze biological Sema conformance,planned,840,serial_in_lane,c03;compiler-sema-biology;leaf,3,1,1,2,include/Cellerator/compiler/sema;include/Cellerator/compiler/sema/freeze_biological_sema_conformance_v1.hh;src/compiler/sema;src/compiler/sema/freeze_biological_sema_conformance.cc;tests/compiler/sema;tests/compiler/sema/freeze_biological_sema_conformance_test.cc,docs/language;include/Cellerator/compute/operation/operation_core_v2;include/Cellerator/compute/operation/relation_algebra_v2;include/Cellerator/execution/biological_abi.hh,.gitmodules;CMakeLists.txt;bench/CMakeLists.txt;cmake/compiler/CelleratorCompilerTargets.cmake;cmake/package/CelleratorConfig.cmake.in;cmake/package/CelleratorConfigVersion.cmake.in;include/Cellerator/Cellerator.hh;include/Cellerator/compiler.hh;src/CMakeLists.txt;tests/CMakeLists.txt;tools/CMakeLists.txt,,"Inspect the cited read scope, implement freeze biological sema conformance in the isolated C03 lane, add the focused ce_ccp1_c03_016 gate, and publish a source-linked receipt."
CE-CCP1-C04-000,CE-CCP1-P20,workstream,"Execution fields, effects, lifetimes, profiles, and compiler-control hierarchy",planned,889,serial_lane,workstream;c04;compiler-sema-fields,1,0,0,0,include/Cellerator/compiler/sema/field;src/compiler/sema/field;tests/compiler/fields,docs/language;include/Cellerator/geometry/compiler/workload_profile_v2.hh;include/Cellerator/execution;include/Cellerator/planner,CMakeLists.txt;src/CMakeLists.txt;tools/CMakeLists.txt;tests/CMakeLists.txt;bench/CMakeLists.txt;include/Cellerator/Cellerator.hh;include/Cellerator/compiler.hh;.gitmodules;cmake/package/CelleratorConfig.cmake.in;cmake/package/CelleratorConfigVersion.cmake.in;cmake/compiler/CelleratorCompilerTargets.cmake,,Claim C04-001 after milestone prerequisites are reached.
CE-CCP1-C04-001,CE-CCP1-C04-000,task,Define execution-field semantic ownership,planned,839,serial_in_lane,c04;compiler-sema-fields;leaf,1,0,1,0,include/Cellerator/compiler/sema/field;include/Cellerator/compiler/sema/field/define_execution_field_semantic_ownership_v1.hh;src/compiler/sema/field;src/compiler/sema/field/define_execution_field_semantic_ownership.cc;tests/compiler/fields;tests/compiler/fields/define_execution_field_semantic_ownership_test.cc,docs/language;include/Cellerator/execution;include/Cellerator/geometry/compiler/workload_profile_v2.hh;include/Cellerator/planner,.gitmodules;CMakeLists.txt;bench/CMakeLists.txt;cmake/compiler/CelleratorCompilerTargets.cmake;cmake/package/CelleratorConfig.cmake.in;cmake/package/CelleratorConfigVersion.cmake.in;include/Cellerator/Cellerator.hh;include/Cellerator/compiler.hh;src/CMakeLists.txt;tests/CMakeLists.txt;tools/CMakeLists.txt,,"Inspect the cited read scope, implement define execution-field semantic ownership in the isolated C04 lane, add the focused ce_ccp1_c04_001 gate, and publish a source-linked receipt."
CE-CCP1-C04-002,CE-CCP1-C04-000,task,Resolve and implement nested-field semantics,planned,839,serial_in_lane,c04;compiler-sema-fields;leaf,1,0,1,0,include/Cellerator/compiler/sema/field;include/Cellerator/compiler/sema/field/resolve_and_implement_nested_field_semantics_v1.hh;src/compiler/sema/field;src/compiler/sema/field/resolve_and_implement_nested_field_semantics.cc;tests/compiler/fields;tests/compiler/fields/resolve_and_implement_nested_field_semantics_test.cc,docs/language;include/Cellerator/execution;include/Cellerator/geometry/compiler/workload_profile_v2.hh;include/Cellerator/planner,.gitmodules;CMakeLists.txt;bench/CMakeLists.txt;cmake/compiler/CelleratorCompilerTargets.cmake;cmake/package/CelleratorConfig.cmake.in;cmake/package/CelleratorConfigVersion.cmake.in;include/Cellerator/Cellerator.hh;include/Cellerator/compiler.hh;src/CMakeLists.txt;tests/CMakeLists.txt;tools/CMakeLists.txt,,"Inspect the cited read scope, implement resolve and implement nested-field semantics in the isolated C04 lane, add the focused ce_ccp1_c04_002 gate, and publish a source-linked receipt."
CE-CCP1-C04-003,CE-CCP1-C04-000,task,Implement statement ordering and observable effects,planned,839,serial_in_lane,c04;compiler-sema-fields;leaf,1,0,1,0,include/Cellerator/compiler/sema/field;include/Cellerator/compiler/sema/field/implement_statement_ordering_and_observable_effects_v1.hh;src/compiler/sema/field;src/compiler/sema/field/implement_statement_ordering_and_observable_effects.cc;tests/compiler/fields;tests/compiler/fields/implement_statement_ordering_and_observable_effects_test.cc,docs/language;include/Cellerator/execution;include/Cellerator/geometry/compiler/workload_profile_v2.hh;include/Cellerator/planner,.gitmodules;CMakeLists.txt;bench/CMakeLists.txt;cmake/compiler/CelleratorCompilerTargets.cmake;cmake/package/CelleratorConfig.cmake.in;cmake/package/CelleratorConfigVersion.cmake.in;include/Cellerator/Cellerator.hh;include/Cellerator/compiler.hh;src/CMakeLists.txt;tests/CMakeLists.txt;tools/CMakeLists.txt,,"Inspect the cited read scope, implement implement statement ordering and observable effects in the isolated C04 lane, add the focused ce_ccp1_c04_003 gate, and publish a source-linked receipt."
CE-CCP1-C04-004,CE-CCP1-C04-000,task,Implement opaque native-call barriers,planned,839,serial_in_lane,c04;compiler-sema-fields;leaf,1,0,1,0,include/Cellerator/compiler/sema/field;include/Cellerator/compiler/sema/field/implement_opaque_native_call_barriers_v1.hh;src/compiler/sema/field;src/compiler/sema/field/implement_opaque_native_call_barriers.cc;tests/compiler/fields;tests/compiler/fields/implement_opaque_native_call_barriers_test.cc,docs/language;include/Cellerator/execution;include/Cellerator/geometry/compiler/workload_profile_v2.hh;include/Cellerator/planner,.gitmodules;CMakeLists.txt;bench/CMakeLists.txt;cmake/compiler/CelleratorCompilerTargets.cmake;cmake/package/CelleratorConfig.cmake.in;cmake/package/CelleratorConfigVersion.cmake.in;include/Cellerator/Cellerator.hh;include/Cellerator/compiler.hh;src/CMakeLists.txt;tests/CMakeLists.txt;tools/CMakeLists.txt,,"Inspect the cited read scope, implement implement opaque native-call barriers in the isolated C04 lane, add the focused ce_ccp1_c04_004 gate, and publish a source-linked receipt."
CE-CCP1-C04-005,CE-CCP1-C04-000,task,Implement native effect contracts,planned,839,serial_in_lane,c04;compiler-sema-fields;leaf,1,0,1,0,include/Cellerator/compiler/sema/field;include/Cellerator/compiler/sema/field/implement_native_effect_contracts_v1.hh;src/compiler/sema/field;src/compiler/sema/field/implement_native_effect_contracts.cc;tests/compiler/fields;tests/compiler/fields/implement_native_effect_contracts_test.cc,docs/language;include/Cellerator/execution;include/Cellerator/geometry/compiler/workload_profile_v2.hh;include/Cellerator/planner,.gitmodules;CMakeLists.txt;bench/CMakeLists.txt;cmake/compiler/CelleratorCompilerTargets.cmake;cmake/package/CelleratorConfig.cmake.in;cmake/package/CelleratorConfigVersion.cmake.in;include/Cellerator/Cellerator.hh;include/Cellerator/compiler.hh;src/CMakeLists.txt;tests/CMakeLists.txt;tools/CMakeLists.txt,,"Inspect the cited read scope, implement implement native effect contracts in the isolated C04 lane, add the focused ce_ccp1_c04_005 gate, and publish a source-linked receipt."
CE-CCP1-C04-006,CE-CCP1-C04-000,task,Implement automatic lifetime and generation transfer,planned,839,serial_in_lane,c04;compiler-sema-fields;leaf,1,0,1,0,include/Cellerator/compiler/sema/field;include/Cellerator/compiler/sema/field/implement_automatic_lifetime_and_generation_transfer_v1.hh;src/compiler/sema/field;src/compiler/sema/field/implement_automatic_lifetime_and_generation_transfer.cc;tests/compiler/fields;tests/compiler/fields/implement_automatic_lifetime_and_generation_transfer_test.cc,docs/language;include/Cellerator/execution;include/Cellerator/geometry/compiler/workload_profile_v2.hh;include/Cellerator/planner,.gitmodules;CMakeLists.txt;bench/CMakeLists.txt;cmake/compiler/CelleratorCompilerTargets.cmake;cmake/package/CelleratorConfig.cmake.in;cmake/package/CelleratorConfigVersion.cmake.in;include/Cellerator/Cellerator.hh;include/Cellerator/compiler.hh;src/CMakeLists.txt;tests/CMakeLists.txt;tools/CMakeLists.txt,,"Inspect the cited read scope, implement implement automatic lifetime and generation transfer in the isolated C04 lane, add the focused ce_ccp1_c04_006 gate, and publish a source-linked receipt."
CE-CCP1-C04-007,CE-CCP1-C04-000,task,Implement persistence and reuse facts,planned,839,serial_in_lane,c04;compiler-sema-fields;leaf,1,0,1,0,include/Cellerator/compiler/sema/field;include/Cellerator/compiler/sema/field/implement_persistence_and_reuse_facts_v1.hh;src/compiler/sema/field;src/compiler/sema/field/implement_persistence_and_reuse_facts.cc;tests/compiler/fields;tests/compiler/fields/implement_persistence_and_reuse_facts_test.cc,docs/language;include/Cellerator/execution;include/Cellerator/geometry/compiler/workload_profile_v2.hh;include/Cellerator/planner,.gitmodules;CMakeLists.txt;bench/CMakeLists.txt;cmake/compiler/CelleratorCompilerTargets.cmake;cmake/package/CelleratorConfig.cmake.in;cmake/package/CelleratorConfigVersion.cmake.in;include/Cellerator/Cellerator.hh;include/Cellerator/compiler.hh;src/CMakeLists.txt;tests/CMakeLists.txt;tools/CMakeLists.txt,,"Inspect the cited read scope, implement implement persistence and reuse facts in the isolated C04 lane, add the focused ce_ccp1_c04_007 gate, and publish a source-linked receipt."
CE-CCP1-C04-008,CE-CCP1-C04-000,task,Implement named representative-profile binding,planned,839,serial_in_lane,c04;compiler-sema-fields;leaf,1,0,1,0,include/Cellerator/compiler/sema/field;include/Cellerator/compiler/sema/field/implement_named_representative_profile_binding_v1.hh;src/compiler/sema/field;src/compiler/sema/field/implement_named_representative_profile_binding.cc;tests/compiler/fields;tests/compiler/fields/implement_named_representative_profile_binding_test.cc,docs/language;include/Cellerator/execution;include/Cellerator/geometry/compiler/workload_profile_v2.hh;include/Cellerator/planner,.gitmodules;CMakeLists.txt;bench/CMakeLists.txt;cmake/compiler/CelleratorCompilerTargets.cmake;cmake/package/CelleratorConfig.cmake.in;cmake/package/CelleratorConfigVersion.cmake.in;include/Cellerator/Cellerator.hh;include/Cellerator/compiler.hh;src/CMakeLists.txt;tests/CMakeLists.txt;tools/CMakeLists.txt,,"Inspect the cited read scope, implement implement named representative-profile binding in the isolated C04 lane, add the focused ce_ccp1_c04_008 gate, and publish a source-linked receipt."
CE-CCP1-C04-009,CE-CCP1-C04-000,task,Implement expected data-state transformation hints,planned,839,serial_in_lane,c04;compiler-sema-fields;leaf,1,0,1,0,include/Cellerator/compiler/sema/field;include/Cellerator/compiler/sema/field/implement_expected_data_state_transformation_hints_v1.hh;src/compiler/sema/field;src/compiler/sema/field/implement_expected_data_state_transformation_hints.cc;tests/compiler/fields;tests/compiler/fields/implement_expected_data_state_transformation_hints_test.cc,docs/language;include/Cellerator/execution;include/Cellerator/geometry/compiler/workload_profile_v2.hh;include/Cellerator/planner,.gitmodules;CMakeLists.txt;bench/CMakeLists.txt;cmake/compiler/CelleratorCompilerTargets.cmake;cmake/package/CelleratorConfig.cmake.in;cmake/package/CelleratorConfigVersion.cmake.in;include/Cellerator/Cellerator.hh;include/Cellerator/compiler.hh;src/CMakeLists.txt;tests/CMakeLists.txt;tools/CMakeLists.txt,,"Inspect the cited read scope, implement implement expected data-state transformation hints in the isolated C04 lane, add the focused ce_ccp1_c04_009 gate, and publish a source-linked receipt."
CE-CCP1-C04-010,CE-CCP1-C04-000,task,Implement conditional profile alternatives and joins,planned,839,serial_in_lane,c04;compiler-sema-fields;leaf,1,0,1,0,include/Cellerator/compiler/sema/field;include/Cellerator/compiler/sema/field/implement_conditional_profile_alternatives_and_joins_v1.hh;src/compiler/sema/field;src/compiler/sema/field/implement_conditional_profile_alternatives_and_joins.cc;tests/compiler/fields;tests/compiler/fields/implement_conditional_profile_alternatives_and_joins_test.cc,docs/language;include/Cellerator/execution;include/Cellerator/geometry/compiler/workload_profile_v2.hh;include/Cellerator/planner,.gitmodules;CMakeLists.txt;bench/CMakeLists.txt;cmake/compiler/CelleratorCompilerTargets.cmake;cmake/package/CelleratorConfig.cmake.in;cmake/package/CelleratorConfigVersion.cmake.in;include/Cellerator/Cellerator.hh;include/Cellerator/compiler.hh;src/CMakeLists.txt;tests/CMakeLists.txt;tools/CMakeLists.txt,,"Inspect the cited read scope, implement implement conditional profile alternatives and joins in the isolated C04 lane, add the focused ce_ccp1_c04_010 gate, and publish a source-linked receipt."
CE-CCP1-C04-011,CE-CCP1-C04-000,task,Implement planning facts and preferences,planned,839,serial_in_lane,c04;compiler-sema-fields;leaf,1,0,1,0,include/Cellerator/compiler/sema/field;include/Cellerator/compiler/sema/field/implement_planning_facts_and_preferences_v1.hh;src/compiler/sema/field;src/compiler/sema/field/implement_planning_facts_and_preferences.cc;tests/compiler/fields;tests/compiler/fields/implement_planning_facts_and_preferences_test.cc,docs/language;include/Cellerator/execution;include/Cellerator/geometry/compiler/workload_profile_v2.hh;include/Cellerator/planner,.gitmodules;CMakeLists.txt;bench/CMakeLists.txt;cmake/compiler/CelleratorCompilerTargets.cmake;cmake/package/CelleratorConfig.cmake.in;cmake/package/CelleratorConfigVersion.cmake.in;include/Cellerator/Cellerator.hh;include/Cellerator/compiler.hh;src/CMakeLists.txt;tests/CMakeLists.txt;tools/CMakeLists.txt,,"Inspect the cited read scope, implement implement planning facts and preferences in the isolated C04 lane, add the focused ce_ccp1_c04_011 gate, and publish a source-linked receipt."
CE-CCP1-C04-012,CE-CCP1-C04-000,task,Implement hard semantic and execution constraints,planned,839,serial_in_lane,c04;compiler-sema-fields;leaf,1,0,1,0,include/Cellerator/compiler/sema/field;include/Cellerator/compiler/sema/field/implement_hard_semantic_and_execution_constraints_v1.hh;src/compiler/sema/field;src/compiler/sema/field/implement_hard_semantic_and_execution_constraints.cc;tests/compiler/fields;tests/compiler/fields/implement_hard_semantic_and_execution_constraints_test.cc,docs/language;include/Cellerator/execution;include/Cellerator/geometry/compiler/workload_profile_v2.hh;include/Cellerator/planner,.gitmodules;CMakeLists.txt;bench/CMakeLists.txt;cmake/compiler/CelleratorCompilerTargets.cmake;cmake/package/CelleratorConfig.cmake.in;cmake/package/CelleratorConfigVersion.cmake.in;include/Cellerator/Cellerator.hh;include/Cellerator/compiler.hh;src/CMakeLists.txt;tests/CMakeLists.txt;tools/CMakeLists.txt,,"Inspect the cited read scope, implement implement hard semantic and execution constraints in the isolated C04 lane, add the focused ce_ccp1_c04_012 gate, and publish a source-linked receipt."
CE-CCP1-C04-013,CE-CCP1-C04-000,task,Implement custom candidate and forced realization controls,planned,839,serial_in_lane,c04;compiler-sema-fields;leaf,1,0,1,0,include/Cellerator/compiler/sema/field;include/Cellerator/compiler/sema/field/implement_custom_candidate_and_forced_realization_contro_v1.hh;src/compiler/sema/field;src/compiler/sema/field/implement_custom_candidate_and_forced_realization_contro.cc;tests/compiler/fields;tests/compiler/fields/implement_custom_candidate_and_forced_realization_contro_test.cc,docs/language;include/Cellerator/execution;include/Cellerator/geometry/compiler/workload_profile_v2.hh;include/Cellerator/planner,.gitmodules;CMakeLists.txt;bench/CMakeLists.txt;cmake/compiler/CelleratorCompilerTargets.cmake;cmake/package/CelleratorConfig.cmake.in;cmake/package/CelleratorConfigVersion.cmake.in;include/Cellerator/Cellerator.hh;include/Cellerator/compiler.hh;src/CMakeLists.txt;tests/CMakeLists.txt;tools/CMakeLists.txt,,"Inspect the cited read scope, implement implement custom candidate and forced realization controls in the isolated C04 lane, add the focused ce_ccp1_c04_013 gate, and publish a source-linked receipt."
CE-CCP1-C04-014,CE-CCP1-C04-000,task,Implement missing-profile failure policy,planned,839,serial_in_lane,c04;compiler-sema-fields;leaf,1,0,1,0,include/Cellerator/compiler/sema/field;include/Cellerator/compiler/sema/field/implement_missing_profile_failure_policy_v1.hh;src/compiler/sema/field;src/compiler/sema/field/implement_missing_profile_failure_policy.cc;tests/compiler/fields;tests/compiler/fields/implement_missing_profile_failure_policy_test.cc,docs/language;include/Cellerator/execution;include/Cellerator/geometry/compiler/workload_profile_v2.hh;include/Cellerator/planner,.gitmodules;CMakeLists.txt;bench/CMakeLists.txt;cmake/compiler/CelleratorCompilerTargets.cmake;cmake/package/CelleratorConfig.cmake.in;cmake/package/CelleratorConfigVersion.cmake.in;include/Cellerator/Cellerator.hh;include/Cellerator/compiler.hh;src/CMakeLists.txt;tests/CMakeLists.txt;tools/CMakeLists.txt,,"Inspect the cited read scope, implement implement missing-profile failure policy in the isolated C04 lane, add the focused ce_ccp1_c04_014 gate, and publish a source-linked receipt."
CE-CCP1-C04-015,CE-CCP1-C04-000,task,Implement field-level reflection identity,planned,839,serial_in_lane,c04;compiler-sema-fields;leaf,1,0,1,0,include/Cellerator/compiler/sema/field;include/Cellerator/compiler/sema/field/implement_field_level_reflection_identity_v1.hh;src/compiler/sema/field;src/compiler/sema/field/implement_field_level_reflection_identity.cc;tests/compiler/fields;tests/compiler/fields/implement_field_level_reflection_identity_test.cc,docs/language;include/Cellerator/execution;include/Cellerator/geometry/compiler/workload_profile_v2.hh;include/Cellerator/planner,.gitmodules;CMakeLists.txt;bench/CMakeLists.txt;cmake/compiler/CelleratorCompilerTargets.cmake;cmake/package/CelleratorConfig.cmake.in;cmake/package/CelleratorConfigVersion.cmake.in;include/Cellerator/Cellerator.hh;include/Cellerator/compiler.hh;src/CMakeLists.txt;tests/CMakeLists.txt;tools/CMakeLists.txt,,"Inspect the cited read scope, implement implement field-level reflection identity in the isolated C04 lane, add the focused ce_ccp1_c04_015 gate, and publish a source-linked receipt."
CE-CCP1-C04-016,CE-CCP1-C04-000,validation_task,Deliver the first profile-required semantic field slice,planned,839,serial_in_lane,c04;compiler-sema-fields;leaf,2,1,1,1,include/Cellerator/compiler/sema/field;include/Cellerator/compiler/sema/field/deliver_the_first_profile_required_semantic_field_slice_v1.hh;src/compiler/sema/field;src/compiler/sema/field/deliver_the_first_profile_required_semantic_field_slice.cc;tests/compiler/fields;tests/compiler/fields/deliver_the_first_profile_required_semantic_field_slice_test.cc,docs/language;include/Cellerator/execution;include/Cellerator/geometry/compiler/workload_profile_v2.hh;include/Cellerator/planner,.gitmodules;CMakeLists.txt;bench/CMakeLists.txt;cmake/compiler/CelleratorCompilerTargets.cmake;cmake/package/CelleratorConfig.cmake.in;cmake/package/CelleratorConfigVersion.cmake.in;include/Cellerator/Cellerator.hh;include/Cellerator/compiler.hh;src/CMakeLists.txt;tests/CMakeLists.txt;tools/CMakeLists.txt,,"Inspect the cited read scope, implement deliver the first profile-required semantic field slice in the isolated C04 lane, add the focused ce_ccp1_c04_016 gate, and publish a source-linked receipt."
CE-CCP1-D01-000,CE-CCP1-P30,workstream,"Common CEIR object model, textual language, and standalone artifacts",planned,888,serial_lane,workstream;d01;compiler-ir-common,1,0,0,0,include/Cellerator/compiler/ir/common;include/Cellerator/compiler/ir/text;src/compiler/ir/common;src/compiler/ir/text;tests/compiler/ceir,docs/language/cellerator-ir-specification.md;docs/language/cellerator-ir-programming-guide.md;include/Cellerator/execution/identity.hh,CMakeLists.txt;src/CMakeLists.txt;tools/CMakeLists.txt;tests/CMakeLists.txt;bench/CMakeLists.txt;include/Cellerator/Cellerator.hh;include/Cellerator/compiler.hh;.gitmodules;cmake/package/CelleratorConfig.cmake.in;cmake/package/CelleratorConfigVersion.cmake.in;cmake/compiler/CelleratorCompilerTargets.cmake,,Claim D01-001 after milestone prerequisites are reached.
CE-CCP1-D01-001,CE-CCP1-D01-000,validation_task,Freeze CEIR common lexical conventions,planned,838,serial_in_lane,d01;compiler-ir-common;leaf,1,0,1,0,include/Cellerator/compiler/ir/common;include/Cellerator/compiler/ir/common/freeze_ceir_common_lexical_conventions_v1.hh;include/Cellerator/compiler/ir/text;include/Cellerator/compiler/ir/text/freeze_ceir_common_lexical_conventions_v1.hh;src/compiler/ir/common;src/compiler/ir/common/freeze_ceir_common_lexical_conventions.cc;src/compiler/ir/text;tests/compiler/ceir;tests/compiler/d01/freeze_ceir_common_lexical_conventions_test.cc,docs/language/cellerator-ir-programming-guide.md;docs/language/cellerator-ir-specification.md;include/Cellerator/execution/identity.hh,.gitmodules;CMakeLists.txt;bench/CMakeLists.txt;cmake/compiler/CelleratorCompilerTargets.cmake;cmake/package/CelleratorConfig.cmake.in;cmake/package/CelleratorConfigVersion.cmake.in;include/Cellerator/Cellerator.hh;include/Cellerator/compiler.hh;src/CMakeLists.txt;tests/CMakeLists.txt;tools/CMakeLists.txt,,"Inspect the cited read scope, implement freeze ceir common lexical conventions in the isolated D01 lane, add the focused ce_ccp1_d01_001 gate, and publish a source-linked receipt."
CE-CCP1-D01-002,CE-CCP1-D01-000,task,Implement arena and ownership model,planned,838,serial_in_lane,d01;compiler-ir-common;leaf,1,0,1,0,include/Cellerator/compiler/ir/common;include/Cellerator/compiler/ir/common/implement_arena_and_ownership_model_v1.hh;include/Cellerator/compiler/ir/text;include/Cellerator/compiler/ir/text/implement_arena_and_ownership_model_v1.hh;src/compiler/ir/common;src/compiler/ir/common/implement_arena_and_ownership_model.cc;src/compiler/ir/text;tests/compiler/ceir;tests/compiler/d01/implement_arena_and_ownership_model_test.cc,docs/language/cellerator-ir-programming-guide.md;docs/language/cellerator-ir-specification.md;include/Cellerator/execution/identity.hh,.gitmodules;CMakeLists.txt;bench/CMakeLists.txt;cmake/compiler/CelleratorCompilerTargets.cmake;cmake/package/CelleratorConfig.cmake.in;cmake/package/CelleratorConfigVersion.cmake.in;include/Cellerator/Cellerator.hh;include/Cellerator/compiler.hh;src/CMakeLists.txt;tests/CMakeLists.txt;tools/CMakeLists.txt,,"Inspect the cited read scope, implement implement arena and ownership model in the isolated D01 lane, add the focused ce_ccp1_d01_002 gate, and publish a source-linked receipt."
CE-CCP1-D01-003,CE-CCP1-D01-000,task,Implement common type and attribute interning,planned,838,serial_in_lane,d01;compiler-ir-common;leaf,1,0,1,0,include/Cellerator/compiler/ir/common;include/Cellerator/compiler/ir/common/implement_common_type_and_attribute_interning_v1.hh;include/Cellerator/compiler/ir/text;include/Cellerator/compiler/ir/text/implement_common_type_and_attribute_interning_v1.hh;src/compiler/ir/common;src/compiler/ir/common/implement_common_type_and_attribute_interning.cc;src/compiler/ir/text;tests/compiler/ceir;tests/compiler/d01/implement_common_type_and_attribute_interning_test.cc,docs/language/cellerator-ir-programming-guide.md;docs/language/cellerator-ir-specification.md;include/Cellerator/execution/identity.hh,.gitmodules;CMakeLists.txt;bench/CMakeLists.txt;cmake/compiler/CelleratorCompilerTargets.cmake;cmake/package/CelleratorConfig.cmake.in;cmake/package/CelleratorConfigVersion.cmake.in;include/Cellerator/Cellerator.hh;include/Cellerator/compiler.hh;src/CMakeLists.txt;tests/CMakeLists.txt;tools/CMakeLists.txt,,"Inspect the cited read scope, implement implement common type and attribute interning in the isolated D01 lane, add the focused ce_ccp1_d01_003 gate, and publish a source-linked receipt."
CE-CCP1-D01-004,CE-CCP1-D01-000,task,"Implement regions, blocks, values, and use-def chains",planned,838,serial_in_lane,d01;compiler-ir-common;leaf,1,0,1,0,include/Cellerator/compiler/ir/common;include/Cellerator/compiler/ir/common/implement_regions_blocks_values_and_use_def_chains_v1.hh;include/Cellerator/compiler/ir/text;include/Cellerator/compiler/ir/text/implement_regions_blocks_values_and_use_def_chains_v1.hh;src/compiler/ir/common;src/compiler/ir/common/implement_regions_blocks_values_and_use_def_chains.cc;src/compiler/ir/text;tests/compiler/ceir;tests/compiler/d01/implement_regions_blocks_values_and_use_def_chains_test.cc,docs/language/cellerator-ir-programming-guide.md;docs/language/cellerator-ir-specification.md;include/Cellerator/execution/identity.hh,.gitmodules;CMakeLists.txt;bench/CMakeLists.txt;cmake/compiler/CelleratorCompilerTargets.cmake;cmake/package/CelleratorConfig.cmake.in;cmake/package/CelleratorConfigVersion.cmake.in;include/Cellerator/Cellerator.hh;include/Cellerator/compiler.hh;src/CMakeLists.txt;tests/CMakeLists.txt;tools/CMakeLists.txt,,"Inspect the cited read scope, implement implement regions, blocks, values, and use-def chains in the isolated D01 lane, add the focused ce_ccp1_d01_004 gate, and publish a source-linked receipt."
CE-CCP1-D01-005,CE-CCP1-D01-000,task,Implement common operation and extension records,planned,838,serial_in_lane,d01;compiler-ir-common;leaf,1,0,1,0,include/Cellerator/compiler/ir/common;include/Cellerator/compiler/ir/common/implement_common_operation_and_extension_records_v1.hh;include/Cellerator/compiler/ir/text;include/Cellerator/compiler/ir/text/implement_common_operation_and_extension_records_v1.hh;src/compiler/ir/common;src/compiler/ir/common/implement_common_operation_and_extension_records.cc;src/compiler/ir/text;tests/compiler/ceir;tests/compiler/d01/implement_common_operation_and_extension_records_test.cc,docs/language/cellerator-ir-programming-guide.md;docs/language/cellerator-ir-specification.md;include/Cellerator/execution/identity.hh,.gitmodules;CMakeLists.txt;bench/CMakeLists.txt;cmake/compiler/CelleratorCompilerTargets.cmake;cmake/package/CelleratorConfig.cmake.in;cmake/package/CelleratorConfigVersion.cmake.in;include/Cellerator/Cellerator.hh;include/Cellerator/compiler.hh;src/CMakeLists.txt;tests/CMakeLists.txt;tools/CMakeLists.txt,,"Inspect the cited read scope, implement implement common operation and extension records in the isolated D01 lane, add the focused ce_ccp1_d01_005 gate, and publish a source-linked receipt."
CE-CCP1-D01-006,CE-CCP1-D01-000,task,Implement persistent and transient identity layers,planned,838,serial_in_lane,d01;compiler-ir-common;leaf,1,0,1,0,include/Cellerator/compiler/ir/common;include/Cellerator/compiler/ir/common/implement_persistent_and_transient_identity_layers_v1.hh;include/Cellerator/compiler/ir/text;include/Cellerator/compiler/ir/text/implement_persistent_and_transient_identity_layers_v1.hh;src/compiler/ir/common;src/compiler/ir/common/implement_persistent_and_transient_identity_layers.cc;src/compiler/ir/text;tests/compiler/ceir;tests/compiler/d01/implement_persistent_and_transient_identity_layers_test.cc,docs/language/cellerator-ir-programming-guide.md;docs/language/cellerator-ir-specification.md;include/Cellerator/execution/identity.hh,.gitmodules;CMakeLists.txt;bench/CMakeLists.txt;cmake/compiler/CelleratorCompilerTargets.cmake;cmake/package/CelleratorConfig.cmake.in;cmake/package/CelleratorConfigVersion.cmake.in;include/Cellerator/Cellerator.hh;include/Cellerator/compiler.hh;src/CMakeLists.txt;tests/CMakeLists.txt;tools/CMakeLists.txt,,"Inspect the cited read scope, implement implement persistent and transient identity layers in the isolated D01 lane, add the focused ce_ccp1_d01_006 gate, and publish a source-linked receipt."
CE-CCP1-D01-007,CE-CCP1-D01-000,task,Implement removable provenance sidecars,planned,838,serial_in_lane,d01;compiler-ir-common;leaf,1,0,1,0,include/Cellerator/compiler/ir/common;include/Cellerator/compiler/ir/common/implement_removable_provenance_sidecars_v1.hh;include/Cellerator/compiler/ir/text;include/Cellerator/compiler/ir/text/implement_removable_provenance_sidecars_v1.hh;src/compiler/ir/common;src/compiler/ir/common/implement_removable_provenance_sidecars.cc;src/compiler/ir/text;tests/compiler/ceir;tests/compiler/d01/implement_removable_provenance_sidecars_test.cc,docs/language/cellerator-ir-programming-guide.md;docs/language/cellerator-ir-specification.md;include/Cellerator/execution/identity.hh,.gitmodules;CMakeLists.txt;bench/CMakeLists.txt;cmake/compiler/CelleratorCompilerTargets.cmake;cmake/package/CelleratorConfig.cmake.in;cmake/package/CelleratorConfigVersion.cmake.in;include/Cellerator/Cellerator.hh;include/Cellerator/compiler.hh;src/CMakeLists.txt;tests/CMakeLists.txt;tools/CMakeLists.txt,,"Inspect the cited read scope, implement implement removable provenance sidecars in the isolated D01 lane, add the focused ce_ccp1_d01_007 gate, and publish a source-linked receipt."
CE-CCP1-D01-008,CE-CCP1-D01-000,task,Implement the CEIR text lexer and parser framework,planned,838,serial_in_lane,d01;compiler-ir-common;leaf,1,0,1,0,include/Cellerator/compiler/ir/common;include/Cellerator/compiler/ir/common/implement_the_ceir_text_lexer_and_parser_framework_v1.hh;include/Cellerator/compiler/ir/text;include/Cellerator/compiler/ir/text/implement_the_ceir_text_lexer_and_parser_framework_v1.hh;src/compiler/ir/common;src/compiler/ir/common/implement_the_ceir_text_lexer_and_parser_framework.cc;src/compiler/ir/text;tests/compiler/ceir;tests/compiler/d01/implement_the_ceir_text_lexer_and_parser_framework_test.cc,docs/language/cellerator-ir-programming-guide.md;docs/language/cellerator-ir-specification.md;include/Cellerator/execution/identity.hh,.gitmodules;CMakeLists.txt;bench/CMakeLists.txt;cmake/compiler/CelleratorCompilerTargets.cmake;cmake/package/CelleratorConfig.cmake.in;cmake/package/CelleratorConfigVersion.cmake.in;include/Cellerator/Cellerator.hh;include/Cellerator/compiler.hh;src/CMakeLists.txt;tests/CMakeLists.txt;tools/CMakeLists.txt,,"Inspect the cited read scope, implement implement the ceir text lexer and parser framework in the isolated D01 lane, add the focused ce_ccp1_d01_008 gate, and publish a source-linked receipt."
CE-CCP1-D01-009,CE-CCP1-D01-000,task,Implement deterministic canonical printing,planned,838,serial_in_lane,d01;compiler-ir-common;leaf,1,0,1,0,include/Cellerator/compiler/ir/common;include/Cellerator/compiler/ir/common/implement_deterministic_canonical_printing_v1.hh;include/Cellerator/compiler/ir/text;include/Cellerator/compiler/ir/text/implement_deterministic_canonical_printing_v1.hh;src/compiler/ir/common;src/compiler/ir/common/implement_deterministic_canonical_printing.cc;src/compiler/ir/text;tests/compiler/ceir;tests/compiler/d01/implement_deterministic_canonical_printing_test.cc,docs/language/cellerator-ir-programming-guide.md;docs/language/cellerator-ir-specification.md;include/Cellerator/execution/identity.hh,.gitmodules;CMakeLists.txt;bench/CMakeLists.txt;cmake/compiler/CelleratorCompilerTargets.cmake;cmake/package/CelleratorConfig.cmake.in;cmake/package/CelleratorConfigVersion.cmake.in;include/Cellerator/Cellerator.hh;include/Cellerator/compiler.hh;src/CMakeLists.txt;tests/CMakeLists.txt;tools/CMakeLists.txt,,"Inspect the cited read scope, implement implement deterministic canonical printing in the isolated D01 lane, add the focused ce_ccp1_d01_009 gate, and publish a source-linked receipt."
CE-CCP1-D01-010,CE-CCP1-D01-000,task,Implement sectioned binary CEIR serialization,planned,838,serial_in_lane,d01;compiler-ir-common;leaf,1,0,1,0,include/Cellerator/compiler/ir/common;include/Cellerator/compiler/ir/common/implement_sectioned_binary_ceir_serialization_v1.hh;include/Cellerator/compiler/ir/text;include/Cellerator/compiler/ir/text/implement_sectioned_binary_ceir_serialization_v1.hh;src/compiler/ir/common;src/compiler/ir/common/implement_sectioned_binary_ceir_serialization.cc;src/compiler/ir/text;tests/compiler/ceir;tests/compiler/d01/implement_sectioned_binary_ceir_serialization_test.cc,docs/language/cellerator-ir-programming-guide.md;docs/language/cellerator-ir-specification.md;include/Cellerator/execution/identity.hh,.gitmodules;CMakeLists.txt;bench/CMakeLists.txt;cmake/compiler/CelleratorCompilerTargets.cmake;cmake/package/CelleratorConfig.cmake.in;cmake/package/CelleratorConfigVersion.cmake.in;include/Cellerator/Cellerator.hh;include/Cellerator/compiler.hh;src/CMakeLists.txt;tests/CMakeLists.txt;tools/CMakeLists.txt,,"Inspect the cited read scope, implement implement sectioned binary ceir serialization in the isolated D01 lane, add the focused ce_ccp1_d01_010 gate, and publish a source-linked receipt."
CE-CCP1-D01-011,CE-CCP1-D01-000,task,Implement standalone CEIR compiler input detection,planned,838,serial_in_lane,d01;compiler-ir-common;leaf,1,0,1,0,include/Cellerator/compiler/ir/common;include/Cellerator/compiler/ir/common/implement_standalone_ceir_compiler_input_detection_v1.hh;include/Cellerator/compiler/ir/text;include/Cellerator/compiler/ir/text/implement_standalone_ceir_compiler_input_detection_v1.hh;src/compiler/ir/common;src/compiler/ir/common/implement_standalone_ceir_compiler_input_detection.cc;src/compiler/ir/text;tests/compiler/ceir;tests/compiler/d01/implement_standalone_ceir_compiler_input_detection_test.cc,docs/language/cellerator-ir-programming-guide.md;docs/language/cellerator-ir-specification.md;include/Cellerator/execution/identity.hh,.gitmodules;CMakeLists.txt;bench/CMakeLists.txt;cmake/compiler/CelleratorCompilerTargets.cmake;cmake/package/CelleratorConfig.cmake.in;cmake/package/CelleratorConfigVersion.cmake.in;include/Cellerator/Cellerator.hh;include/Cellerator/compiler.hh;src/CMakeLists.txt;tests/CMakeLists.txt;tools/CMakeLists.txt,,"Inspect the cited read scope, implement implement standalone ceir compiler input detection in the isolated D01 lane, add the focused ce_ccp1_d01_011 gate, and publish a source-linked receipt."
CE-CCP1-D01-012,CE-CCP1-D01-000,task,Implement validation-mode plumbing,planned,838,serial_in_lane,d01;compiler-ir-common;leaf,1,0,1,0,include/Cellerator/compiler/ir/common;include/Cellerator/compiler/ir/common/implement_validation_mode_plumbing_v1.hh;include/Cellerator/compiler/ir/text;include/Cellerator/compiler/ir/text/implement_validation_mode_plumbing_v1.hh;src/compiler/ir/common;src/compiler/ir/common/implement_validation_mode_plumbing.cc;src/compiler/ir/text;tests/compiler/ceir;tests/compiler/d01/implement_validation_mode_plumbing_test.cc,docs/language/cellerator-ir-programming-guide.md;docs/language/cellerator-ir-specification.md;include/Cellerator/execution/identity.hh,.gitmodules;CMakeLists.txt;bench/CMakeLists.txt;cmake/compiler/CelleratorCompilerTargets.cmake;cmake/package/CelleratorConfig.cmake.in;cmake/package/CelleratorConfigVersion.cmake.in;include/Cellerator/Cellerator.hh;include/Cellerator/compiler.hh;src/CMakeLists.txt;tests/CMakeLists.txt;tools/CMakeLists.txt,,"Inspect the cited read scope, implement implement validation-mode plumbing in the isolated D01 lane, add the focused ce_ccp1_d01_012 gate, and publish a source-linked receipt."
CE-CCP1-D01-013,CE-CCP1-D01-000,task,Expose the public CEIR C++ API,planned,838,serial_in_lane,d01;compiler-ir-common;leaf,1,0,1,0,include/Cellerator/compiler/ir/common;include/Cellerator/compiler/ir/common/expose_the_public_ceir_c_api_v1.hh;include/Cellerator/compiler/ir/text;include/Cellerator/compiler/ir/text/expose_the_public_ceir_c_api_v1.hh;src/compiler/ir/common;src/compiler/ir/common/expose_the_public_ceir_c_api.cc;src/compiler/ir/text;tests/compiler/ceir;tests/compiler/d01/expose_the_public_ceir_c_api_test.cc,docs/language/cellerator-ir-programming-guide.md;docs/language/cellerator-ir-specification.md;include/Cellerator/execution/identity.hh,.gitmodules;CMakeLists.txt;bench/CMakeLists.txt;cmake/compiler/CelleratorCompilerTargets.cmake;cmake/package/CelleratorConfig.cmake.in;cmake/package/CelleratorConfigVersion.cmake.in;include/Cellerator/Cellerator.hh;include/Cellerator/compiler.hh;src/CMakeLists.txt;tests/CMakeLists.txt;tools/CMakeLists.txt,,"Inspect the cited read scope, implement expose the public ceir c++ api in the isolated D01 lane, add the focused ce_ccp1_d01_013 gate, and publish a source-linked receipt."
CE-CCP1-D01-014,CE-CCP1-D01-000,validation_task,Freeze CEIR common round-trip and artifact compatibility,planned,838,serial_in_lane,d01;compiler-ir-common;leaf,2,1,1,1,include/Cellerator/compiler/ir/common;include/Cellerator/compiler/ir/common/freeze_ceir_common_round_trip_and_artifact_compatibility_v1.hh;include/Cellerator/compiler/ir/text;include/Cellerator/compiler/ir/text/freeze_ceir_common_round_trip_and_artifact_compatibility_v1.hh;src/compiler/ir/common;src/compiler/ir/common/freeze_ceir_common_round_trip_and_artifact_compatibility.cc;src/compiler/ir/text;tests/compiler/ceir;tests/compiler/d01/freeze_ceir_common_round_trip_and_artifact_compatibility_test.cc,docs/language/cellerator-ir-programming-guide.md;docs/language/cellerator-ir-specification.md;include/Cellerator/execution/identity.hh,.gitmodules;CMakeLists.txt;bench/CMakeLists.txt;cmake/compiler/CelleratorCompilerTargets.cmake;cmake/package/CelleratorConfig.cmake.in;cmake/package/CelleratorConfigVersion.cmake.in;include/Cellerator/Cellerator.hh;include/Cellerator/compiler.hh;src/CMakeLists.txt;tests/CMakeLists.txt;tools/CMakeLists.txt,,"Inspect the cited read scope, implement freeze ceir common round-trip and artifact compatibility in the isolated D01 lane, add the focused ce_ccp1_d01_014 gate, and publish a source-linked receipt."
CE-CCP1-D02-000,CE-CCP1-P30,workstream,Semantic IR,planned,887,serial_lane,workstream;d02;compiler-ir-semantic,1,0,0,0,include/Cellerator/compiler/ir/semantic;src/compiler/ir/semantic;tests/compiler/semantic_ir,docs/language;include/Cellerator/compute/operation/operation_core_v2;include/Cellerator/compute/operation/relation_algebra_v2;include/Cellerator/execution,CMakeLists.txt;src/CMakeLists.txt;tools/CMakeLists.txt;tests/CMakeLists.txt;bench/CMakeLists.txt;include/Cellerator/Cellerator.hh;include/Cellerator/compiler.hh;.gitmodules;cmake/package/CelleratorConfig.cmake.in;cmake/package/CelleratorConfigVersion.cmake.in;cmake/compiler/CelleratorCompilerTargets.cmake,,Claim D02-001 after milestone prerequisites are reached.
CE-CCP1-D02-001,CE-CCP1-D02-000,validation_task,Freeze Semantic IR module and symbol scopes,planned,837,serial_in_lane,d02;compiler-ir-semantic;leaf,1,0,1,0,include/Cellerator/compiler/ir/semantic;include/Cellerator/compiler/ir/semantic/freeze_semantic_ir_module_and_symbol_scopes_v1.hh;src/compiler/ir/semantic;src/compiler/ir/semantic/freeze_semantic_ir_module_and_symbol_scopes.cc;tests/compiler/semantic_ir;tests/compiler/semantic_ir/freeze_semantic_ir_module_and_symbol_scopes_test.cc,docs/language;include/Cellerator/compute/operation/operation_core_v2;include/Cellerator/compute/operation/relation_algebra_v2;include/Cellerator/execution,.gitmodules;CMakeLists.txt;bench/CMakeLists.txt;cmake/compiler/CelleratorCompilerTargets.cmake;cmake/package/CelleratorConfig.cmake.in;cmake/package/CelleratorConfigVersion.cmake.in;include/Cellerator/Cellerator.hh;include/Cellerator/compiler.hh;src/CMakeLists.txt;tests/CMakeLists.txt;tools/CMakeLists.txt,,"Inspect the cited read scope, implement freeze semantic ir module and symbol scopes in the isolated D02 lane, add the focused ce_ccp1_d02_001 gate, and publish a source-linked receipt."
CE-CCP1-D02-002,CE-CCP1-D02-000,task,Implement domain and axis IR types,planned,837,serial_in_lane,d02;compiler-ir-semantic;leaf,1,0,1,0,include/Cellerator/compiler/ir/semantic;include/Cellerator/compiler/ir/semantic/implement_domain_and_axis_ir_types_v1.hh;src/compiler/ir/semantic;src/compiler/ir/semantic/implement_domain_and_axis_ir_types.cc;tests/compiler/semantic_ir;tests/compiler/semantic_ir/implement_domain_and_axis_ir_types_test.cc,docs/language;include/Cellerator/compute/operation/operation_core_v2;include/Cellerator/compute/operation/relation_algebra_v2;include/Cellerator/execution,.gitmodules;CMakeLists.txt;bench/CMakeLists.txt;cmake/compiler/CelleratorCompilerTargets.cmake;cmake/package/CelleratorConfig.cmake.in;cmake/package/CelleratorConfigVersion.cmake.in;include/Cellerator/Cellerator.hh;include/Cellerator/compiler.hh;src/CMakeLists.txt;tests/CMakeLists.txt;tools/CMakeLists.txt,,"Inspect the cited read scope, implement implement domain and axis ir types in the isolated D02 lane, add the focused ce_ccp1_d02_002 gate, and publish a source-linked receipt."
CE-CCP1-D02-003,CE-CCP1-D02-000,task,Implement state and value-plane IR types,planned,837,serial_in_lane,d02;compiler-ir-semantic;leaf,1,0,1,0,include/Cellerator/compiler/ir/semantic;include/Cellerator/compiler/ir/semantic/implement_state_and_value_plane_ir_types_v1.hh;src/compiler/ir/semantic;src/compiler/ir/semantic/implement_state_and_value_plane_ir_types.cc;tests/compiler/semantic_ir;tests/compiler/semantic_ir/implement_state_and_value_plane_ir_types_test.cc,docs/language;include/Cellerator/compute/operation/operation_core_v2;include/Cellerator/compute/operation/relation_algebra_v2;include/Cellerator/execution,.gitmodules;CMakeLists.txt;bench/CMakeLists.txt;cmake/compiler/CelleratorCompilerTargets.cmake;cmake/package/CelleratorConfig.cmake.in;cmake/package/CelleratorConfigVersion.cmake.in;include/Cellerator/Cellerator.hh;include/Cellerator/compiler.hh;src/CMakeLists.txt;tests/CMakeLists.txt;tools/CMakeLists.txt,,"Inspect the cited read scope, implement implement state and value-plane ir types in the isolated D02 lane, add the focused ce_ccp1_d02_003 gate, and publish a source-linked receipt."
CE-CCP1-D02-004,CE-CCP1-D02-000,task,Implement relation IR types,planned,837,serial_in_lane,d02;compiler-ir-semantic;leaf,1,0,1,0,include/Cellerator/compiler/ir/semantic;include/Cellerator/compiler/ir/semantic/implement_relation_ir_types_v1.hh;src/compiler/ir/semantic;src/compiler/ir/semantic/implement_relation_ir_types.cc;tests/compiler/semantic_ir;tests/compiler/semantic_ir/implement_relation_ir_types_test.cc,docs/language;include/Cellerator/compute/operation/operation_core_v2;include/Cellerator/compute/operation/relation_algebra_v2;include/Cellerator/execution,.gitmodules;CMakeLists.txt;bench/CMakeLists.txt;cmake/compiler/CelleratorCompilerTargets.cmake;cmake/package/CelleratorConfig.cmake.in;cmake/package/CelleratorConfigVersion.cmake.in;include/Cellerator/Cellerator.hh;include/Cellerator/compiler.hh;src/CMakeLists.txt;tests/CMakeLists.txt;tools/CMakeLists.txt,,"Inspect the cited read scope, implement implement relation ir types in the isolated D02 lane, add the focused ce_ccp1_d02_004 gate, and publish a source-linked receipt."
CE-CCP1-D02-005,CE-CCP1-D02-000,task,Implement execution-field operations and regions,planned,837,serial_in_lane,d02;compiler-ir-semantic;leaf,1,0,1,0,include/Cellerator/compiler/ir/semantic;include/Cellerator/compiler/ir/semantic/implement_execution_field_operations_and_regions_v1.hh;src/compiler/ir/semantic;src/compiler/ir/semantic/implement_execution_field_operations_and_regions.cc;tests/compiler/semantic_ir;tests/compiler/semantic_ir/implement_execution_field_operations_and_regions_test.cc,docs/language;include/Cellerator/compute/operation/operation_core_v2;include/Cellerator/compute/operation/relation_algebra_v2;include/Cellerator/execution,.gitmodules;CMakeLists.txt;bench/CMakeLists.txt;cmake/compiler/CelleratorCompilerTargets.cmake;cmake/package/CelleratorConfig.cmake.in;cmake/package/CelleratorConfigVersion.cmake.in;include/Cellerator/Cellerator.hh;include/Cellerator/compiler.hh;src/CMakeLists.txt;tests/CMakeLists.txt;tools/CMakeLists.txt,,"Inspect the cited read scope, implement implement execution-field operations and regions in the isolated D02 lane, add the focused ce_ccp1_d02_005 gate, and publish a source-linked receipt."
CE-CCP1-D02-006,CE-CCP1-D02-000,task,Implement relation-apply and transpose operations,planned,837,serial_in_lane,d02;compiler-ir-semantic;leaf,1,0,1,0,include/Cellerator/compiler/ir/semantic;include/Cellerator/compiler/ir/semantic/implement_relation_apply_and_transpose_operations_v1.hh;src/compiler/ir/semantic;src/compiler/ir/semantic/implement_relation_apply_and_transpose_operations.cc;tests/compiler/semantic_ir;tests/compiler/semantic_ir/implement_relation_apply_and_transpose_operations_test.cc,docs/language;include/Cellerator/compute/operation/operation_core_v2;include/Cellerator/compute/operation/relation_algebra_v2;include/Cellerator/execution,.gitmodules;CMakeLists.txt;bench/CMakeLists.txt;cmake/compiler/CelleratorCompilerTargets.cmake;cmake/package/CelleratorConfig.cmake.in;cmake/package/CelleratorConfigVersion.cmake.in;include/Cellerator/Cellerator.hh;include/Cellerator/compiler.hh;src/CMakeLists.txt;tests/CMakeLists.txt;tools/CMakeLists.txt,,"Inspect the cited read scope, implement implement relation-apply and transpose operations in the isolated D02 lane, add the focused ce_ccp1_d02_006 gate, and publish a source-linked receipt."
CE-CCP1-D02-007,CE-CCP1-D02-000,task,"Implement contraction, segment, and normalization operations",planned,837,serial_in_lane,d02;compiler-ir-semantic;leaf,1,0,1,0,include/Cellerator/compiler/ir/semantic;include/Cellerator/compiler/ir/semantic/implement_contraction_segment_and_normalization_operatio_v1.hh;src/compiler/ir/semantic;src/compiler/ir/semantic/implement_contraction_segment_and_normalization_operatio.cc;tests/compiler/semantic_ir;tests/compiler/semantic_ir/implement_contraction_segment_and_normalization_operatio_test.cc,docs/language;include/Cellerator/compute/operation/operation_core_v2;include/Cellerator/compute/operation/relation_algebra_v2;include/Cellerator/execution,.gitmodules;CMakeLists.txt;bench/CMakeLists.txt;cmake/compiler/CelleratorCompilerTargets.cmake;cmake/package/CelleratorConfig.cmake.in;cmake/package/CelleratorConfigVersion.cmake.in;include/Cellerator/Cellerator.hh;include/Cellerator/compiler.hh;src/CMakeLists.txt;tests/CMakeLists.txt;tools/CMakeLists.txt,,"Inspect the cited read scope, implement implement contraction, segment, and normalization operations in the isolated D02 lane, add the focused ce_ccp1_d02_007 gate, and publish a source-linked receipt."
CE-CCP1-D02-008,CE-CCP1-D02-000,task,"Implement edge map, gate, support-mask, and sparse-update operations",planned,837,serial_in_lane,d02;compiler-ir-semantic;leaf,1,0,1,0,include/Cellerator/compiler/ir/semantic;include/Cellerator/compiler/ir/semantic/implement_edge_map_gate_support_mask_and_sparse_update_o_v1.hh;src/compiler/ir/semantic;src/compiler/ir/semantic/implement_edge_map_gate_support_mask_and_sparse_update_o.cc;tests/compiler/semantic_ir;tests/compiler/semantic_ir/implement_edge_map_gate_support_mask_and_sparse_update_o_test.cc,docs/language;include/Cellerator/compute/operation/operation_core_v2;include/Cellerator/compute/operation/relation_algebra_v2;include/Cellerator/execution,.gitmodules;CMakeLists.txt;bench/CMakeLists.txt;cmake/compiler/CelleratorCompilerTargets.cmake;cmake/package/CelleratorConfig.cmake.in;cmake/package/CelleratorConfigVersion.cmake.in;include/Cellerator/Cellerator.hh;include/Cellerator/compiler.hh;src/CMakeLists.txt;tests/CMakeLists.txt;tools/CMakeLists.txt,,"Inspect the cited read scope, implement implement edge map, gate, support-mask, and sparse-update operations in the isolated D02 lane, add the focused ce_ccp1_d02_008 gate, and publish a source-linked receipt."
CE-CCP1-D02-009,CE-CCP1-D02-000,task,"Implement bundle, chain, moments, hierarchy, and exchange operations",planned,837,serial_in_lane,d02;compiler-ir-semantic;leaf,1,0,1,0,include/Cellerator/compiler/ir/semantic;include/Cellerator/compiler/ir/semantic/implement_bundle_chain_moments_hierarchy_and_exchange_op_v1.hh;src/compiler/ir/semantic;src/compiler/ir/semantic/implement_bundle_chain_moments_hierarchy_and_exchange_op.cc;tests/compiler/semantic_ir;tests/compiler/semantic_ir/implement_bundle_chain_moments_hierarchy_and_exchange_op_test.cc,docs/language;include/Cellerator/compute/operation/operation_core_v2;include/Cellerator/compute/operation/relation_algebra_v2;include/Cellerator/execution,.gitmodules;CMakeLists.txt;bench/CMakeLists.txt;cmake/compiler/CelleratorCompilerTargets.cmake;cmake/package/CelleratorConfig.cmake.in;cmake/package/CelleratorConfigVersion.cmake.in;include/Cellerator/Cellerator.hh;include/Cellerator/compiler.hh;src/CMakeLists.txt;tests/CMakeLists.txt;tools/CMakeLists.txt,,"Inspect the cited read scope, implement implement bundle, chain, moments, hierarchy, and exchange operations in the isolated D02 lane, add the focused ce_ccp1_d02_009 gate, and publish a source-linked receipt."
CE-CCP1-D02-010,CE-CCP1-D02-000,task,Implement gradient and publication operations,planned,837,serial_in_lane,d02;compiler-ir-semantic;leaf,1,0,1,0,include/Cellerator/compiler/ir/semantic;include/Cellerator/compiler/ir/semantic/implement_gradient_and_publication_operations_v1.hh;src/compiler/ir/semantic;src/compiler/ir/semantic/implement_gradient_and_publication_operations.cc;tests/compiler/semantic_ir;tests/compiler/semantic_ir/implement_gradient_and_publication_operations_test.cc,docs/language;include/Cellerator/compute/operation/operation_core_v2;include/Cellerator/compute/operation/relation_algebra_v2;include/Cellerator/execution,.gitmodules;CMakeLists.txt;bench/CMakeLists.txt;cmake/compiler/CelleratorCompilerTargets.cmake;cmake/package/CelleratorConfig.cmake.in;cmake/package/CelleratorConfigVersion.cmake.in;include/Cellerator/Cellerator.hh;include/Cellerator/compiler.hh;src/CMakeLists.txt;tests/CMakeLists.txt;tools/CMakeLists.txt,,"Inspect the cited read scope, implement implement gradient and publication operations in the isolated D02 lane, add the focused ce_ccp1_d02_010 gate, and publish a source-linked receipt."
CE-CCP1-D02-011,CE-CCP1-D02-000,task,Implement native and opaque C++ call operations,planned,837,serial_in_lane,d02;compiler-ir-semantic;leaf,1,0,1,0,include/Cellerator/compiler/ir/semantic;include/Cellerator/compiler/ir/semantic/implement_native_and_opaque_c_call_operations_v1.hh;src/compiler/ir/semantic;src/compiler/ir/semantic/implement_native_and_opaque_c_call_operations.cc;tests/compiler/semantic_ir;tests/compiler/semantic_ir/implement_native_and_opaque_c_call_operations_test.cc,docs/language;include/Cellerator/compute/operation/operation_core_v2;include/Cellerator/compute/operation/relation_algebra_v2;include/Cellerator/execution,.gitmodules;CMakeLists.txt;bench/CMakeLists.txt;cmake/compiler/CelleratorCompilerTargets.cmake;cmake/package/CelleratorConfig.cmake.in;cmake/package/CelleratorConfigVersion.cmake.in;include/Cellerator/Cellerator.hh;include/Cellerator/compiler.hh;src/CMakeLists.txt;tests/CMakeLists.txt;tools/CMakeLists.txt,,"Inspect the cited read scope, implement implement native and opaque c++ call operations in the isolated D02 lane, add the focused ce_ccp1_d02_011 gate, and publish a source-linked receipt."
CE-CCP1-D02-012,CE-CCP1-D02-000,task,Implement control flow and loop semantics,planned,837,serial_in_lane,d02;compiler-ir-semantic;leaf,1,0,1,0,include/Cellerator/compiler/ir/semantic;include/Cellerator/compiler/ir/semantic/implement_control_flow_and_loop_semantics_v1.hh;src/compiler/ir/semantic;src/compiler/ir/semantic/implement_control_flow_and_loop_semantics.cc;tests/compiler/semantic_ir;tests/compiler/semantic_ir/implement_control_flow_and_loop_semantics_test.cc,docs/language;include/Cellerator/compute/operation/operation_core_v2;include/Cellerator/compute/operation/relation_algebra_v2;include/Cellerator/execution,.gitmodules;CMakeLists.txt;bench/CMakeLists.txt;cmake/compiler/CelleratorCompilerTargets.cmake;cmake/package/CelleratorConfig.cmake.in;cmake/package/CelleratorConfigVersion.cmake.in;include/Cellerator/Cellerator.hh;include/Cellerator/compiler.hh;src/CMakeLists.txt;tests/CMakeLists.txt;tools/CMakeLists.txt,,"Inspect the cited read scope, implement implement control flow and loop semantics in the isolated D02 lane, add the focused ce_ccp1_d02_012 gate, and publish a source-linked receipt."
CE-CCP1-D02-013,CE-CCP1-D02-000,task,Implement generation and epoch transition operations,planned,837,serial_in_lane,d02;compiler-ir-semantic;leaf,1,0,1,0,include/Cellerator/compiler/ir/semantic;include/Cellerator/compiler/ir/semantic/implement_generation_and_epoch_transition_operations_v1.hh;src/compiler/ir/semantic;src/compiler/ir/semantic/implement_generation_and_epoch_transition_operations.cc;tests/compiler/semantic_ir;tests/compiler/semantic_ir/implement_generation_and_epoch_transition_operations_test.cc,docs/language;include/Cellerator/compute/operation/operation_core_v2;include/Cellerator/compute/operation/relation_algebra_v2;include/Cellerator/execution,.gitmodules;CMakeLists.txt;bench/CMakeLists.txt;cmake/compiler/CelleratorCompilerTargets.cmake;cmake/package/CelleratorConfig.cmake.in;cmake/package/CelleratorConfigVersion.cmake.in;include/Cellerator/Cellerator.hh;include/Cellerator/compiler.hh;src/CMakeLists.txt;tests/CMakeLists.txt;tools/CMakeLists.txt,,"Inspect the cited read scope, implement implement generation and epoch transition operations in the isolated D02 lane, add the focused ce_ccp1_d02_013 gate, and publish a source-linked receipt."
CE-CCP1-D02-014,CE-CCP1-D02-000,task,Implement Semantic IR inlining and composition,planned,837,serial_in_lane,d02;compiler-ir-semantic;leaf,1,0,1,0,include/Cellerator/compiler/ir/semantic;include/Cellerator/compiler/ir/semantic/implement_semantic_ir_inlining_and_composition_v1.hh;src/compiler/ir/semantic;src/compiler/ir/semantic/implement_semantic_ir_inlining_and_composition.cc;tests/compiler/semantic_ir;tests/compiler/semantic_ir/implement_semantic_ir_inlining_and_composition_test.cc,docs/language;include/Cellerator/compute/operation/operation_core_v2;include/Cellerator/compute/operation/relation_algebra_v2;include/Cellerator/execution,.gitmodules;CMakeLists.txt;bench/CMakeLists.txt;cmake/compiler/CelleratorCompilerTargets.cmake;cmake/package/CelleratorConfig.cmake.in;cmake/package/CelleratorConfigVersion.cmake.in;include/Cellerator/Cellerator.hh;include/Cellerator/compiler.hh;src/CMakeLists.txt;tests/CMakeLists.txt;tools/CMakeLists.txt,,"Inspect the cited read scope, implement implement semantic ir inlining and composition in the isolated D02 lane, add the focused ce_ccp1_d02_014 gate, and publish a source-linked receipt."
CE-CCP1-D02-015,CE-CCP1-D02-000,task,Implement semantic canonicalization and equivalence,planned,837,serial_in_lane,d02;compiler-ir-semantic;leaf,1,0,1,0,include/Cellerator/compiler/ir/semantic;include/Cellerator/compiler/ir/semantic/implement_semantic_canonicalization_and_equivalence_v1.hh;src/compiler/ir/semantic;src/compiler/ir/semantic/implement_semantic_canonicalization_and_equivalence.cc;tests/compiler/semantic_ir;tests/compiler/semantic_ir/implement_semantic_canonicalization_and_equivalence_test.cc,docs/language;include/Cellerator/compute/operation/operation_core_v2;include/Cellerator/compute/operation/relation_algebra_v2;include/Cellerator/execution,.gitmodules;CMakeLists.txt;bench/CMakeLists.txt;cmake/compiler/CelleratorCompilerTargets.cmake;cmake/package/CelleratorConfig.cmake.in;cmake/package/CelleratorConfigVersion.cmake.in;include/Cellerator/Cellerator.hh;include/Cellerator/compiler.hh;src/CMakeLists.txt;tests/CMakeLists.txt;tools/CMakeLists.txt,,"Inspect the cited read scope, implement implement semantic canonicalization and equivalence in the isolated D02 lane, add the focused ce_ccp1_d02_015 gate, and publish a source-linked receipt."
CE-CCP1-D02-016,CE-CCP1-D02-000,validation_task,Deliver source-to-Semantic-IR vertical slice,planned,837,serial_in_lane,d02;compiler-ir-semantic;leaf,3,1,1,3,include/Cellerator/compiler/ir/semantic;include/Cellerator/compiler/ir/semantic/deliver_source_to_semantic_ir_vertical_slice_v1.hh;src/compiler/ir/semantic;src/compiler/ir/semantic/deliver_source_to_semantic_ir_vertical_slice.cc;tests/compiler/semantic_ir;tests/compiler/semantic_ir/deliver_source_to_semantic_ir_vertical_slice_test.cc,docs/language;include/Cellerator/compute/operation/operation_core_v2;include/Cellerator/compute/operation/relation_algebra_v2;include/Cellerator/execution,.gitmodules;CMakeLists.txt;bench/CMakeLists.txt;cmake/compiler/CelleratorCompilerTargets.cmake;cmake/package/CelleratorConfig.cmake.in;cmake/package/CelleratorConfigVersion.cmake.in;include/Cellerator/Cellerator.hh;include/Cellerator/compiler.hh;src/CMakeLists.txt;tests/CMakeLists.txt;tools/CMakeLists.txt,,"Inspect the cited read scope, implement deliver source-to-semantic-ir vertical slice in the isolated D02 lane, add the focused ce_ccp1_d02_016 gate, and publish a source-linked receipt."
CE-CCP1-D03-000,CE-CCP1-P30,workstream,"Representative-data profile artifacts, inference, and multi-state propagation",planned,886,serial_lane,workstream;d03;compiler-profile,1,0,0,0,include/Cellerator/compiler/profile;src/compiler/profile;profiles;tests/compiler/profile;bench/compiler/profile,include/Cellerator/geometry/compiler/workload_profile_v2.hh;include/Cellerator/geometry/support_atlas.hh;include/Cellerator/profiling;docs/language,CMakeLists.txt;src/CMakeLists.txt;tools/CMakeLists.txt;tests/CMakeLists.txt;bench/CMakeLists.txt;include/Cellerator/Cellerator.hh;include/Cellerator/compiler.hh;.gitmodules;cmake/package/CelleratorConfig.cmake.in;cmake/package/CelleratorConfigVersion.cmake.in;cmake/compiler/CelleratorCompilerTargets.cmake,,Claim D03-001 after milestone prerequisites are reached.
CE-CCP1-D03-001,CE-CCP1-D03-000,validation_task,Freeze the profile artifact charter and name,planned,836,serial_in_lane,d03;compiler-profile;leaf,1,0,1,0,bench/compiler/profile;include/Cellerator/compiler/profile;include/Cellerator/compiler/profile/freeze_the_profile_artifact_charter_and_name_v1.hh;profiles;profiles/freeze_the_profile_artifact_charter_and_name.md;src/compiler/profile;src/compiler/profile/freeze_the_profile_artifact_charter_and_name.cc;tests/compiler/d03/freeze_the_profile_artifact_charter_and_name_test.cc;tests/compiler/profile,docs/language;include/Cellerator/geometry/compiler/workload_profile_v2.hh;include/Cellerator/geometry/support_atlas.hh;include/Cellerator/profiling,.gitmodules;CMakeLists.txt;bench/CMakeLists.txt;cmake/compiler/CelleratorCompilerTargets.cmake;cmake/package/CelleratorConfig.cmake.in;cmake/package/CelleratorConfigVersion.cmake.in;include/Cellerator/Cellerator.hh;include/Cellerator/compiler.hh;src/CMakeLists.txt;tests/CMakeLists.txt;tools/CMakeLists.txt,,"Inspect the cited read scope, implement freeze the profile artifact charter and name in the isolated D03 lane, add the focused ce_ccp1_d03_001 gate, and publish a source-linked receipt."
CE-CCP1-D03-002,CE-CCP1-D03-000,task,Implement sectioned binary profile storage,planned,836,serial_in_lane,d03;compiler-profile;leaf,1,0,1,0,bench/compiler/profile;include/Cellerator/compiler/profile;include/Cellerator/compiler/profile/implement_sectioned_binary_profile_storage_v1.hh;profiles;profiles/implement_sectioned_binary_profile_storage.md;src/compiler/profile;src/compiler/profile/implement_sectioned_binary_profile_storage.cc;tests/compiler/d03/implement_sectioned_binary_profile_storage_test.cc;tests/compiler/profile,docs/language;include/Cellerator/geometry/compiler/workload_profile_v2.hh;include/Cellerator/geometry/support_atlas.hh;include/Cellerator/profiling,.gitmodules;CMakeLists.txt;bench/CMakeLists.txt;cmake/compiler/CelleratorCompilerTargets.cmake;cmake/package/CelleratorConfig.cmake.in;cmake/package/CelleratorConfigVersion.cmake.in;include/Cellerator/Cellerator.hh;include/Cellerator/compiler.hh;src/CMakeLists.txt;tests/CMakeLists.txt;tools/CMakeLists.txt,,"Inspect the cited read scope, implement implement sectioned binary profile storage in the isolated D03 lane, add the focused ce_ccp1_d03_002 gate, and publish a source-linked receipt."
CE-CCP1-D03-003,CE-CCP1-D03-000,task,Define named profile environments and alternatives,planned,836,serial_in_lane,d03;compiler-profile;leaf,1,0,1,0,bench/compiler/profile;include/Cellerator/compiler/profile;include/Cellerator/compiler/profile/define_named_profile_environments_and_alternatives_v1.hh;profiles;profiles/define_named_profile_environments_and_alternatives.md;src/compiler/profile;src/compiler/profile/define_named_profile_environments_and_alternatives.cc;tests/compiler/d03/define_named_profile_environments_and_alternatives_test.cc;tests/compiler/profile,docs/language;include/Cellerator/geometry/compiler/workload_profile_v2.hh;include/Cellerator/geometry/support_atlas.hh;include/Cellerator/profiling,.gitmodules;CMakeLists.txt;bench/CMakeLists.txt;cmake/compiler/CelleratorCompilerTargets.cmake;cmake/package/CelleratorConfig.cmake.in;cmake/package/CelleratorConfigVersion.cmake.in;include/Cellerator/Cellerator.hh;include/Cellerator/compiler.hh;src/CMakeLists.txt;tests/CMakeLists.txt;tools/CMakeLists.txt,,"Inspect the cited read scope, implement define named profile environments and alternatives in the isolated D03 lane, add the focused ce_ccp1_d03_003 gate, and publish a source-linked receipt."
CE-CCP1-D03-004,CE-CCP1-D03-000,task,"Represent domain, axis, relation, and support evidence",planned,836,serial_in_lane,d03;compiler-profile;leaf,1,0,1,0,bench/compiler/profile;include/Cellerator/compiler/profile;include/Cellerator/compiler/profile/represent_domain_axis_relation_and_support_evidence_v1.hh;profiles;profiles/represent_domain_axis_relation_and_support_evidence.md;src/compiler/profile;src/compiler/profile/represent_domain_axis_relation_and_support_evidence.cc;tests/compiler/d03/represent_domain_axis_relation_and_support_evidence_test.cc;tests/compiler/profile,docs/language;include/Cellerator/geometry/compiler/workload_profile_v2.hh;include/Cellerator/geometry/support_atlas.hh;include/Cellerator/profiling,.gitmodules;CMakeLists.txt;bench/CMakeLists.txt;cmake/compiler/CelleratorCompilerTargets.cmake;cmake/package/CelleratorConfig.cmake.in;cmake/package/CelleratorConfigVersion.cmake.in;include/Cellerator/Cellerator.hh;include/Cellerator/compiler.hh;src/CMakeLists.txt;tests/CMakeLists.txt;tools/CMakeLists.txt,,"Inspect the cited read scope, implement represent domain, axis, relation, and support evidence in the isolated D03 lane, add the focused ce_ccp1_d03_004 gate, and publish a source-linked receipt."
CE-CCP1-D03-005,CE-CCP1-D03-000,task,Represent value and numerical evidence,planned,836,serial_in_lane,d03;compiler-profile;leaf,1,0,1,0,bench/compiler/profile;include/Cellerator/compiler/profile;include/Cellerator/compiler/profile/represent_value_and_numerical_evidence_v1.hh;profiles;profiles/represent_value_and_numerical_evidence.md;src/compiler/profile;src/compiler/profile/represent_value_and_numerical_evidence.cc;tests/compiler/d03/represent_value_and_numerical_evidence_test.cc;tests/compiler/profile,docs/language;include/Cellerator/geometry/compiler/workload_profile_v2.hh;include/Cellerator/geometry/support_atlas.hh;include/Cellerator/profiling,.gitmodules;CMakeLists.txt;bench/CMakeLists.txt;cmake/compiler/CelleratorCompilerTargets.cmake;cmake/package/CelleratorConfig.cmake.in;cmake/package/CelleratorConfigVersion.cmake.in;include/Cellerator/Cellerator.hh;include/Cellerator/compiler.hh;src/CMakeLists.txt;tests/CMakeLists.txt;tools/CMakeLists.txt,,"Inspect the cited read scope, implement represent value and numerical evidence in the isolated D03 lane, add the focused ce_ccp1_d03_005 gate, and publish a source-linked receipt."
CE-CCP1-D03-006,CE-CCP1-D03-000,task,"Represent mutability, recurrence, and reuse evidence",planned,836,serial_in_lane,d03;compiler-profile;leaf,1,0,1,0,bench/compiler/profile;include/Cellerator/compiler/profile;include/Cellerator/compiler/profile/represent_mutability_recurrence_and_reuse_evidence_v1.hh;profiles;profiles/represent_mutability_recurrence_and_reuse_evidence.md;src/compiler/profile;src/compiler/profile/represent_mutability_recurrence_and_reuse_evidence.cc;tests/compiler/d03/represent_mutability_recurrence_and_reuse_evidence_test.cc;tests/compiler/profile,docs/language;include/Cellerator/geometry/compiler/workload_profile_v2.hh;include/Cellerator/geometry/support_atlas.hh;include/Cellerator/profiling,.gitmodules;CMakeLists.txt;bench/CMakeLists.txt;cmake/compiler/CelleratorCompilerTargets.cmake;cmake/package/CelleratorConfig.cmake.in;cmake/package/CelleratorConfigVersion.cmake.in;include/Cellerator/Cellerator.hh;include/Cellerator/compiler.hh;src/CMakeLists.txt;tests/CMakeLists.txt;tools/CMakeLists.txt,,"Inspect the cited read scope, implement represent mutability, recurrence, and reuse evidence in the isolated D03 lane, add the focused ce_ccp1_d03_006 gate, and publish a source-linked receipt."
CE-CCP1-D03-007,CE-CCP1-D03-000,task,Represent evidence provenance and revision,planned,836,serial_in_lane,d03;compiler-profile;leaf,1,0,1,0,bench/compiler/profile;include/Cellerator/compiler/profile;include/Cellerator/compiler/profile/represent_evidence_provenance_and_revision_v1.hh;profiles;profiles/represent_evidence_provenance_and_revision.md;src/compiler/profile;src/compiler/profile/represent_evidence_provenance_and_revision.cc;tests/compiler/d03/represent_evidence_provenance_and_revision_test.cc;tests/compiler/profile,docs/language;include/Cellerator/geometry/compiler/workload_profile_v2.hh;include/Cellerator/geometry/support_atlas.hh;include/Cellerator/profiling,.gitmodules;CMakeLists.txt;bench/CMakeLists.txt;cmake/compiler/CelleratorCompilerTargets.cmake;cmake/package/CelleratorConfig.cmake.in;cmake/package/CelleratorConfigVersion.cmake.in;include/Cellerator/Cellerator.hh;include/Cellerator/compiler.hh;src/CMakeLists.txt;tests/CMakeLists.txt;tools/CMakeLists.txt,,"Inspect the cited read scope, implement represent evidence provenance and revision in the isolated D03 lane, add the focused ce_ccp1_d03_007 gate, and publish a source-linked receipt."
CE-CCP1-D03-008,CE-CCP1-D03-000,task,Build pointer-plus-count profile ingestion APIs,planned,836,serial_in_lane,d03;compiler-profile;leaf,1,0,1,0,bench/compiler/profile;include/Cellerator/compiler/profile;include/Cellerator/compiler/profile/build_pointer_plus_count_profile_ingestion_apis_v1.hh;profiles;profiles/build_pointer_plus_count_profile_ingestion_apis.md;src/compiler/profile;src/compiler/profile/build_pointer_plus_count_profile_ingestion_apis.cc;tests/compiler/d03/build_pointer_plus_count_profile_ingestion_apis_test.cc;tests/compiler/profile,docs/language;include/Cellerator/geometry/compiler/workload_profile_v2.hh;include/Cellerator/geometry/support_atlas.hh;include/Cellerator/profiling,.gitmodules;CMakeLists.txt;bench/CMakeLists.txt;cmake/compiler/CelleratorCompilerTargets.cmake;cmake/package/CelleratorConfig.cmake.in;cmake/package/CelleratorConfigVersion.cmake.in;include/Cellerator/Cellerator.hh;include/Cellerator/compiler.hh;src/CMakeLists.txt;tests/CMakeLists.txt;tools/CMakeLists.txt,,"Inspect the cited read scope, implement build pointer-plus-count profile ingestion apis in the isolated D03 lane, add the focused ce_ccp1_d03_008 gate, and publish a source-linked receipt."
CE-CCP1-D03-009,CE-CCP1-D03-000,task,Implement streaming profile builders,planned,836,serial_in_lane,d03;compiler-profile;leaf,1,0,1,0,bench/compiler/profile;include/Cellerator/compiler/profile;include/Cellerator/compiler/profile/implement_streaming_profile_builders_v1.hh;profiles;profiles/implement_streaming_profile_builders.md;src/compiler/profile;src/compiler/profile/implement_streaming_profile_builders.cc;tests/compiler/d03/implement_streaming_profile_builders_test.cc;tests/compiler/profile,docs/language;include/Cellerator/geometry/compiler/workload_profile_v2.hh;include/Cellerator/geometry/support_atlas.hh;include/Cellerator/profiling,.gitmodules;CMakeLists.txt;bench/CMakeLists.txt;cmake/compiler/CelleratorCompilerTargets.cmake;cmake/package/CelleratorConfig.cmake.in;cmake/package/CelleratorConfigVersion.cmake.in;include/Cellerator/Cellerator.hh;include/Cellerator/compiler.hh;src/CMakeLists.txt;tests/CMakeLists.txt;tools/CMakeLists.txt,,"Inspect the cited read scope, implement implement streaming profile builders in the isolated D03 lane, add the focused ce_ccp1_d03_009 gate, and publish a source-linked receipt."
CE-CCP1-D03-010,CE-CCP1-D03-000,task,Implement profile selection and binding,planned,836,serial_in_lane,d03;compiler-profile;leaf,1,0,1,0,bench/compiler/profile;include/Cellerator/compiler/profile;include/Cellerator/compiler/profile/implement_profile_selection_and_binding_v1.hh;profiles;profiles/implement_profile_selection_and_binding.md;src/compiler/profile;src/compiler/profile/implement_profile_selection_and_binding.cc;tests/compiler/d03/implement_profile_selection_and_binding_test.cc;tests/compiler/profile,docs/language;include/Cellerator/geometry/compiler/workload_profile_v2.hh;include/Cellerator/geometry/support_atlas.hh;include/Cellerator/profiling,.gitmodules;CMakeLists.txt;bench/CMakeLists.txt;cmake/compiler/CelleratorCompilerTargets.cmake;cmake/package/CelleratorConfig.cmake.in;cmake/package/CelleratorConfigVersion.cmake.in;include/Cellerator/Cellerator.hh;include/Cellerator/compiler.hh;src/CMakeLists.txt;tests/CMakeLists.txt;tools/CMakeLists.txt,,"Inspect the cited read scope, implement implement profile selection and binding in the isolated D03 lane, add the focused ce_ccp1_d03_010 gate, and publish a source-linked receipt."
CE-CCP1-D03-011,CE-CCP1-D03-000,task,Implement semantic transfer functions,planned,836,serial_in_lane,d03;compiler-profile;leaf,1,0,1,0,bench/compiler/profile;include/Cellerator/compiler/profile;include/Cellerator/compiler/profile/implement_semantic_transfer_functions_v1.hh;profiles;profiles/implement_semantic_transfer_functions.md;src/compiler/profile;src/compiler/profile/implement_semantic_transfer_functions.cc;tests/compiler/d03/implement_semantic_transfer_functions_test.cc;tests/compiler/profile,docs/language;include/Cellerator/geometry/compiler/workload_profile_v2.hh;include/Cellerator/geometry/support_atlas.hh;include/Cellerator/profiling,.gitmodules;CMakeLists.txt;bench/CMakeLists.txt;cmake/compiler/CelleratorCompilerTargets.cmake;cmake/package/CelleratorConfig.cmake.in;cmake/package/CelleratorConfigVersion.cmake.in;include/Cellerator/Cellerator.hh;include/Cellerator/compiler.hh;src/CMakeLists.txt;tests/CMakeLists.txt;tools/CMakeLists.txt,,"Inspect the cited read scope, implement implement semantic transfer functions in the isolated D03 lane, add the focused ce_ccp1_d03_011 gate, and publish a source-linked receipt."
CE-CCP1-D03-012,CE-CCP1-D03-000,task,Implement bounded branch alternatives and joins,planned,836,serial_in_lane,d03;compiler-profile;leaf,1,0,1,0,bench/compiler/profile;include/Cellerator/compiler/profile;include/Cellerator/compiler/profile/implement_bounded_branch_alternatives_and_joins_v1.hh;profiles;profiles/implement_bounded_branch_alternatives_and_joins.md;src/compiler/profile;src/compiler/profile/implement_bounded_branch_alternatives_and_joins.cc;tests/compiler/d03/implement_bounded_branch_alternatives_and_joins_test.cc;tests/compiler/profile,docs/language;include/Cellerator/geometry/compiler/workload_profile_v2.hh;include/Cellerator/geometry/support_atlas.hh;include/Cellerator/profiling,.gitmodules;CMakeLists.txt;bench/CMakeLists.txt;cmake/compiler/CelleratorCompilerTargets.cmake;cmake/package/CelleratorConfig.cmake.in;cmake/package/CelleratorConfigVersion.cmake.in;include/Cellerator/Cellerator.hh;include/Cellerator/compiler.hh;src/CMakeLists.txt;tests/CMakeLists.txt;tools/CMakeLists.txt,,"Inspect the cited read scope, implement implement bounded branch alternatives and joins in the isolated D03 lane, add the focused ce_ccp1_d03_012 gate, and publish a source-linked receipt."
CE-CCP1-D03-013,CE-CCP1-D03-000,task,Implement profile-state attachment to Semantic IR,planned,836,serial_in_lane,d03;compiler-profile;leaf,1,0,1,0,bench/compiler/profile;include/Cellerator/compiler/profile;include/Cellerator/compiler/profile/implement_profile_state_attachment_to_semantic_ir_v1.hh;profiles;profiles/implement_profile_state_attachment_to_semantic_ir.md;src/compiler/profile;src/compiler/profile/implement_profile_state_attachment_to_semantic_ir.cc;tests/compiler/d03/implement_profile_state_attachment_to_semantic_ir_test.cc;tests/compiler/profile,docs/language;include/Cellerator/geometry/compiler/workload_profile_v2.hh;include/Cellerator/geometry/support_atlas.hh;include/Cellerator/profiling,.gitmodules;CMakeLists.txt;bench/CMakeLists.txt;cmake/compiler/CelleratorCompilerTargets.cmake;cmake/package/CelleratorConfig.cmake.in;cmake/package/CelleratorConfigVersion.cmake.in;include/Cellerator/Cellerator.hh;include/Cellerator/compiler.hh;src/CMakeLists.txt;tests/CMakeLists.txt;tools/CMakeLists.txt,,"Inspect the cited read scope, implement implement profile-state attachment to semantic ir in the isolated D03 lane, add the focused ce_ccp1_d03_013 gate, and publish a source-linked receipt."
CE-CCP1-D03-014,CE-CCP1-D03-000,task,Expose profile inspection and diff tooling,planned,836,serial_in_lane,d03;compiler-profile;leaf,1,0,1,0,bench/compiler/profile;include/Cellerator/compiler/profile;include/Cellerator/compiler/profile/expose_profile_inspection_and_diff_tooling_v1.hh;profiles;profiles/expose_profile_inspection_and_diff_tooling.md;src/compiler/profile;src/compiler/profile/expose_profile_inspection_and_diff_tooling.cc;tests/compiler/d03/expose_profile_inspection_and_diff_tooling_test.cc;tests/compiler/profile,docs/language;include/Cellerator/geometry/compiler/workload_profile_v2.hh;include/Cellerator/geometry/support_atlas.hh;include/Cellerator/profiling,.gitmodules;CMakeLists.txt;bench/CMakeLists.txt;cmake/compiler/CelleratorCompilerTargets.cmake;cmake/package/CelleratorConfig.cmake.in;cmake/package/CelleratorConfigVersion.cmake.in;include/Cellerator/Cellerator.hh;include/Cellerator/compiler.hh;src/CMakeLists.txt;tests/CMakeLists.txt;tools/CMakeLists.txt,,"Inspect the cited read scope, implement expose profile inspection and diff tooling in the isolated D03 lane, add the focused ce_ccp1_d03_014 gate, and publish a source-linked receipt."
CE-CCP1-D03-015,CE-CCP1-D03-000,validation_task,Deliver the first profile-aware compile benchmark,planned,836,serial_in_lane,d03;compiler-profile;leaf,2,1,1,1,bench/compiler/profile;include/Cellerator/compiler/profile;include/Cellerator/compiler/profile/deliver_the_first_profile_aware_compile_benchmark_v1.hh;profiles;profiles/deliver_the_first_profile_aware_compile_benchmark.md;src/compiler/profile;src/compiler/profile/deliver_the_first_profile_aware_compile_benchmark.cc;tests/compiler/d03/deliver_the_first_profile_aware_compile_benchmark_test.cc;tests/compiler/profile,docs/language;include/Cellerator/geometry/compiler/workload_profile_v2.hh;include/Cellerator/geometry/support_atlas.hh;include/Cellerator/profiling,.gitmodules;CMakeLists.txt;bench/CMakeLists.txt;cmake/compiler/CelleratorCompilerTargets.cmake;cmake/package/CelleratorConfig.cmake.in;cmake/package/CelleratorConfigVersion.cmake.in;include/Cellerator/Cellerator.hh;include/Cellerator/compiler.hh;src/CMakeLists.txt;tests/CMakeLists.txt;tools/CMakeLists.txt,,"Inspect the cited read scope, implement deliver the first profile-aware compile benchmark in the isolated D03 lane, add the focused ce_ccp1_d03_015 gate, and publish a source-linked receipt."
CE-CCP1-E01-000,CE-CCP1-P40,workstream,Planning IR search-space model,planned,885,serial_lane,workstream;e01;compiler-ir-planning,1,0,0,0,include/Cellerator/compiler/ir/planning;src/compiler/ir/planning;tests/compiler/planning_ir,include/Cellerator/geometry;include/Cellerator/planner;include/Cellerator/compute/operation/candidate_catalog_v3;include/Cellerator/profiling/joint_compiler;docs/language,CMakeLists.txt;src/CMakeLists.txt;tools/CMakeLists.txt;tests/CMakeLists.txt;bench/CMakeLists.txt;include/Cellerator/Cellerator.hh;include/Cellerator/compiler.hh;.gitmodules;cmake/package/CelleratorConfig.cmake.in;cmake/package/CelleratorConfigVersion.cmake.in;cmake/compiler/CelleratorCompilerTargets.cmake,,Claim E01-001 after milestone prerequisites are reached.
CE-CCP1-E01-001,CE-CCP1-E01-000,validation_task,Freeze Planning IR module and decision-state model,planned,835,serial_in_lane,e01;compiler-ir-planning;leaf,1,0,1,0,include/Cellerator/compiler/ir/planning;include/Cellerator/compiler/ir/planning/freeze_planning_ir_module_and_decision_state_model_v1.hh;src/compiler/ir/planning;src/compiler/ir/planning/freeze_planning_ir_module_and_decision_state_model.cc;tests/compiler/planning_ir;tests/compiler/planning_ir/freeze_planning_ir_module_and_decision_state_model_test.cc,docs/language;include/Cellerator/compute/operation/candidate_catalog_v3;include/Cellerator/geometry;include/Cellerator/planner;include/Cellerator/profiling/joint_compiler,.gitmodules;CMakeLists.txt;bench/CMakeLists.txt;cmake/compiler/CelleratorCompilerTargets.cmake;cmake/package/CelleratorConfig.cmake.in;cmake/package/CelleratorConfigVersion.cmake.in;include/Cellerator/Cellerator.hh;include/Cellerator/compiler.hh;src/CMakeLists.txt;tests/CMakeLists.txt;tools/CMakeLists.txt,,"Inspect the cited read scope, implement freeze planning ir module and decision-state model in the isolated E01 lane, add the focused ce_ccp1_e01_001 gate, and publish a source-linked receipt."
CE-CCP1-E01-002,CE-CCP1-E01-000,task,Implement planning problems and operation scopes,planned,835,serial_in_lane,e01;compiler-ir-planning;leaf,1,0,1,0,include/Cellerator/compiler/ir/planning;include/Cellerator/compiler/ir/planning/implement_planning_problems_and_operation_scopes_v1.hh;src/compiler/ir/planning;src/compiler/ir/planning/implement_planning_problems_and_operation_scopes.cc;tests/compiler/planning_ir;tests/compiler/planning_ir/implement_planning_problems_and_operation_scopes_test.cc,docs/language;include/Cellerator/compute/operation/candidate_catalog_v3;include/Cellerator/geometry;include/Cellerator/planner;include/Cellerator/profiling/joint_compiler,.gitmodules;CMakeLists.txt;bench/CMakeLists.txt;cmake/compiler/CelleratorCompilerTargets.cmake;cmake/package/CelleratorConfig.cmake.in;cmake/package/CelleratorConfigVersion.cmake.in;include/Cellerator/Cellerator.hh;include/Cellerator/compiler.hh;src/CMakeLists.txt;tests/CMakeLists.txt;tools/CMakeLists.txt,,"Inspect the cited read scope, implement implement planning problems and operation scopes in the isolated E01 lane, add the focused ce_ccp1_e01_002 gate, and publish a source-linked receipt."
CE-CCP1-E01-003,CE-CCP1-E01-000,task,Implement candidate-family and provider nodes,planned,835,serial_in_lane,e01;compiler-ir-planning;leaf,1,0,1,0,include/Cellerator/compiler/ir/planning;include/Cellerator/compiler/ir/planning/implement_candidate_family_and_provider_nodes_v1.hh;src/compiler/ir/planning;src/compiler/ir/planning/implement_candidate_family_and_provider_nodes.cc;tests/compiler/planning_ir;tests/compiler/planning_ir/implement_candidate_family_and_provider_nodes_test.cc,docs/language;include/Cellerator/compute/operation/candidate_catalog_v3;include/Cellerator/geometry;include/Cellerator/planner;include/Cellerator/profiling/joint_compiler,.gitmodules;CMakeLists.txt;bench/CMakeLists.txt;cmake/compiler/CelleratorCompilerTargets.cmake;cmake/package/CelleratorConfig.cmake.in;cmake/package/CelleratorConfigVersion.cmake.in;include/Cellerator/Cellerator.hh;include/Cellerator/compiler.hh;src/CMakeLists.txt;tests/CMakeLists.txt;tools/CMakeLists.txt,,"Inspect the cited read scope, implement implement candidate-family and provider nodes in the isolated E01 lane, add the focused ce_ccp1_e01_003 gate, and publish a source-linked receipt."
CE-CCP1-E01-004,CE-CCP1-E01-000,task,Implement exact logical coverage nodes,planned,835,serial_in_lane,e01;compiler-ir-planning;leaf,1,0,1,0,include/Cellerator/compiler/ir/planning;include/Cellerator/compiler/ir/planning/implement_exact_logical_coverage_nodes_v1.hh;src/compiler/ir/planning;src/compiler/ir/planning/implement_exact_logical_coverage_nodes.cc;tests/compiler/planning_ir;tests/compiler/planning_ir/implement_exact_logical_coverage_nodes_test.cc,docs/language;include/Cellerator/compute/operation/candidate_catalog_v3;include/Cellerator/geometry;include/Cellerator/planner;include/Cellerator/profiling/joint_compiler,.gitmodules;CMakeLists.txt;bench/CMakeLists.txt;cmake/compiler/CelleratorCompilerTargets.cmake;cmake/package/CelleratorConfig.cmake.in;cmake/package/CelleratorConfigVersion.cmake.in;include/Cellerator/Cellerator.hh;include/Cellerator/compiler.hh;src/CMakeLists.txt;tests/CMakeLists.txt;tools/CMakeLists.txt,,"Inspect the cited read scope, implement implement exact logical coverage nodes in the isolated E01 lane, add the focused ce_ccp1_e01_004 gate, and publish a source-linked receipt."
CE-CCP1-E01-005,CE-CCP1-E01-000,task,Implement atom requirement and affordance nodes,planned,835,serial_in_lane,e01;compiler-ir-planning;leaf,1,0,1,0,include/Cellerator/compiler/ir/planning;include/Cellerator/compiler/ir/planning/implement_atom_requirement_and_affordance_nodes_v1.hh;src/compiler/ir/planning;src/compiler/ir/planning/implement_atom_requirement_and_affordance_nodes.cc;tests/compiler/planning_ir;tests/compiler/planning_ir/implement_atom_requirement_and_affordance_nodes_test.cc,docs/language;include/Cellerator/compute/operation/candidate_catalog_v3;include/Cellerator/geometry;include/Cellerator/planner;include/Cellerator/profiling/joint_compiler,.gitmodules;CMakeLists.txt;bench/CMakeLists.txt;cmake/compiler/CelleratorCompilerTargets.cmake;cmake/package/CelleratorConfig.cmake.in;cmake/package/CelleratorConfigVersion.cmake.in;include/Cellerator/Cellerator.hh;include/Cellerator/compiler.hh;src/CMakeLists.txt;tests/CMakeLists.txt;tools/CMakeLists.txt,,"Inspect the cited read scope, implement implement atom requirement and affordance nodes in the isolated E01 lane, add the focused ce_ccp1_e01_005 gate, and publish a source-linked receipt."
CE-CCP1-E01-006,CE-CCP1-E01-000,task,Implement decomposition-alternative nodes,planned,835,serial_in_lane,e01;compiler-ir-planning;leaf,1,0,1,0,include/Cellerator/compiler/ir/planning;include/Cellerator/compiler/ir/planning/implement_decomposition_alternative_nodes_v1.hh;src/compiler/ir/planning;src/compiler/ir/planning/implement_decomposition_alternative_nodes.cc;tests/compiler/planning_ir;tests/compiler/planning_ir/implement_decomposition_alternative_nodes_test.cc,docs/language;include/Cellerator/compute/operation/candidate_catalog_v3;include/Cellerator/geometry;include/Cellerator/planner;include/Cellerator/profiling/joint_compiler,.gitmodules;CMakeLists.txt;bench/CMakeLists.txt;cmake/compiler/CelleratorCompilerTargets.cmake;cmake/package/CelleratorConfig.cmake.in;cmake/package/CelleratorConfigVersion.cmake.in;include/Cellerator/Cellerator.hh;include/Cellerator/compiler.hh;src/CMakeLists.txt;tests/CMakeLists.txt;tools/CMakeLists.txt,,"Inspect the cited read scope, implement implement decomposition-alternative nodes in the isolated E01 lane, add the focused ce_ccp1_e01_006 gate, and publish a source-linked receipt."
CE-CCP1-E01-007,CE-CCP1-E01-000,task,Implement partial-result algebra nodes,planned,835,serial_in_lane,e01;compiler-ir-planning;leaf,1,0,1,0,include/Cellerator/compiler/ir/planning;include/Cellerator/compiler/ir/planning/implement_partial_result_algebra_nodes_v1.hh;src/compiler/ir/planning;src/compiler/ir/planning/implement_partial_result_algebra_nodes.cc;tests/compiler/planning_ir;tests/compiler/planning_ir/implement_partial_result_algebra_nodes_test.cc,docs/language;include/Cellerator/compute/operation/candidate_catalog_v3;include/Cellerator/geometry;include/Cellerator/planner;include/Cellerator/profiling/joint_compiler,.gitmodules;CMakeLists.txt;bench/CMakeLists.txt;cmake/compiler/CelleratorCompilerTargets.cmake;cmake/package/CelleratorConfig.cmake.in;cmake/package/CelleratorConfigVersion.cmake.in;include/Cellerator/Cellerator.hh;include/Cellerator/compiler.hh;src/CMakeLists.txt;tests/CMakeLists.txt;tools/CMakeLists.txt,,"Inspect the cited read scope, implement implement partial-result algebra nodes in the isolated E01 lane, add the focused ce_ccp1_e01_007 gate, and publish a source-linked receipt."
CE-CCP1-E01-008,CE-CCP1-E01-000,task,"Implement persistent-order, projection, and packing alternatives",planned,835,serial_in_lane,e01;compiler-ir-planning;leaf,1,0,1,0,include/Cellerator/compiler/ir/planning;include/Cellerator/compiler/ir/planning/implement_persistent_order_projection_and_packing_altern_v1.hh;src/compiler/ir/planning;src/compiler/ir/planning/implement_persistent_order_projection_and_packing_altern.cc;tests/compiler/planning_ir;tests/compiler/planning_ir/implement_persistent_order_projection_and_packing_altern_test.cc,docs/language;include/Cellerator/compute/operation/candidate_catalog_v3;include/Cellerator/geometry;include/Cellerator/planner;include/Cellerator/profiling/joint_compiler,.gitmodules;CMakeLists.txt;bench/CMakeLists.txt;cmake/compiler/CelleratorCompilerTargets.cmake;cmake/package/CelleratorConfig.cmake.in;cmake/package/CelleratorConfigVersion.cmake.in;include/Cellerator/Cellerator.hh;include/Cellerator/compiler.hh;src/CMakeLists.txt;tests/CMakeLists.txt;tools/CMakeLists.txt,,"Inspect the cited read scope, implement implement persistent-order, projection, and packing alternatives in the isolated E01 lane, add the focused ce_ccp1_e01_008 gate, and publish a source-linked receipt."
CE-CCP1-E01-009,CE-CCP1-E01-000,task,Implement resource and stage-inventory alternatives,planned,835,serial_in_lane,e01;compiler-ir-planning;leaf,1,0,1,0,include/Cellerator/compiler/ir/planning;include/Cellerator/compiler/ir/planning/implement_resource_and_stage_inventory_alternatives_v1.hh;src/compiler/ir/planning;src/compiler/ir/planning/implement_resource_and_stage_inventory_alternatives.cc;tests/compiler/planning_ir;tests/compiler/planning_ir/implement_resource_and_stage_inventory_alternatives_test.cc,docs/language;include/Cellerator/compute/operation/candidate_catalog_v3;include/Cellerator/geometry;include/Cellerator/planner;include/Cellerator/profiling/joint_compiler,.gitmodules;CMakeLists.txt;bench/CMakeLists.txt;cmake/compiler/CelleratorCompilerTargets.cmake;cmake/package/CelleratorConfig.cmake.in;cmake/package/CelleratorConfigVersion.cmake.in;include/Cellerator/Cellerator.hh;include/Cellerator/compiler.hh;src/CMakeLists.txt;tests/CMakeLists.txt;tools/CMakeLists.txt,,"Inspect the cited read scope, implement implement resource and stage-inventory alternatives in the isolated E01 lane, add the focused ce_ccp1_e01_009 gate, and publish a source-linked receipt."
CE-CCP1-E01-010,CE-CCP1-E01-000,task,Implement complete cost vectors,planned,835,serial_in_lane,e01;compiler-ir-planning;leaf,1,0,1,0,include/Cellerator/compiler/ir/planning;include/Cellerator/compiler/ir/planning/implement_complete_cost_vectors_v1.hh;src/compiler/ir/planning;src/compiler/ir/planning/implement_complete_cost_vectors.cc;tests/compiler/planning_ir;tests/compiler/planning_ir/implement_complete_cost_vectors_test.cc,docs/language;include/Cellerator/compute/operation/candidate_catalog_v3;include/Cellerator/geometry;include/Cellerator/planner;include/Cellerator/profiling/joint_compiler,.gitmodules;CMakeLists.txt;bench/CMakeLists.txt;cmake/compiler/CelleratorCompilerTargets.cmake;cmake/package/CelleratorConfig.cmake.in;cmake/package/CelleratorConfigVersion.cmake.in;include/Cellerator/Cellerator.hh;include/Cellerator/compiler.hh;src/CMakeLists.txt;tests/CMakeLists.txt;tools/CMakeLists.txt,,"Inspect the cited read scope, implement implement complete cost vectors in the isolated E01 lane, add the focused ce_ccp1_e01_010 gate, and publish a source-linked receipt."
CE-CCP1-E01-011,CE-CCP1-E01-000,task,"Implement analytical, measured, and external evidence",planned,835,serial_in_lane,e01;compiler-ir-planning;leaf,1,0,1,0,include/Cellerator/compiler/ir/planning;include/Cellerator/compiler/ir/planning/implement_analytical_measured_and_external_evidence_v1.hh;src/compiler/ir/planning;src/compiler/ir/planning/implement_analytical_measured_and_external_evidence.cc;tests/compiler/planning_ir;tests/compiler/planning_ir/implement_analytical_measured_and_external_evidence_test.cc,docs/language;include/Cellerator/compute/operation/candidate_catalog_v3;include/Cellerator/geometry;include/Cellerator/planner;include/Cellerator/profiling/joint_compiler,.gitmodules;CMakeLists.txt;bench/CMakeLists.txt;cmake/compiler/CelleratorCompilerTargets.cmake;cmake/package/CelleratorConfig.cmake.in;cmake/package/CelleratorConfigVersion.cmake.in;include/Cellerator/Cellerator.hh;include/Cellerator/compiler.hh;src/CMakeLists.txt;tests/CMakeLists.txt;tools/CMakeLists.txt,,"Inspect the cited read scope, implement implement analytical, measured, and external evidence in the isolated E01 lane, add the focused ce_ccp1_e01_011 gate, and publish a source-linked receipt."
CE-CCP1-E01-012,CE-CCP1-E01-000,task,Implement rejection and dominance explanations,planned,835,serial_in_lane,e01;compiler-ir-planning;leaf,1,0,1,0,include/Cellerator/compiler/ir/planning;include/Cellerator/compiler/ir/planning/implement_rejection_and_dominance_explanations_v1.hh;src/compiler/ir/planning;src/compiler/ir/planning/implement_rejection_and_dominance_explanations.cc;tests/compiler/planning_ir;tests/compiler/planning_ir/implement_rejection_and_dominance_explanations_test.cc,docs/language;include/Cellerator/compute/operation/candidate_catalog_v3;include/Cellerator/geometry;include/Cellerator/planner;include/Cellerator/profiling/joint_compiler,.gitmodules;CMakeLists.txt;bench/CMakeLists.txt;cmake/compiler/CelleratorCompilerTargets.cmake;cmake/package/CelleratorConfig.cmake.in;cmake/package/CelleratorConfigVersion.cmake.in;include/Cellerator/Cellerator.hh;include/Cellerator/compiler.hh;src/CMakeLists.txt;tests/CMakeLists.txt;tools/CMakeLists.txt,,"Inspect the cited read scope, implement implement rejection and dominance explanations in the isolated E01 lane, add the focused ce_ccp1_e01_012 gate, and publish a source-linked receipt."
CE-CCP1-E01-013,CE-CCP1-E01-000,task,Implement user edits and authority hierarchy,planned,835,serial_in_lane,e01;compiler-ir-planning;leaf,1,0,1,0,include/Cellerator/compiler/ir/planning;include/Cellerator/compiler/ir/planning/implement_user_edits_and_authority_hierarchy_v1.hh;src/compiler/ir/planning;src/compiler/ir/planning/implement_user_edits_and_authority_hierarchy.cc;tests/compiler/planning_ir;tests/compiler/planning_ir/implement_user_edits_and_authority_hierarchy_test.cc,docs/language;include/Cellerator/compute/operation/candidate_catalog_v3;include/Cellerator/geometry;include/Cellerator/planner;include/Cellerator/profiling/joint_compiler,.gitmodules;CMakeLists.txt;bench/CMakeLists.txt;cmake/compiler/CelleratorCompilerTargets.cmake;cmake/package/CelleratorConfig.cmake.in;cmake/package/CelleratorConfigVersion.cmake.in;include/Cellerator/Cellerator.hh;include/Cellerator/compiler.hh;src/CMakeLists.txt;tests/CMakeLists.txt;tools/CMakeLists.txt,,"Inspect the cited read scope, implement implement user edits and authority hierarchy in the isolated E01 lane, add the focused ce_ccp1_e01_013 gate, and publish a source-linked receipt."
CE-CCP1-E01-014,CE-CCP1-E01-000,task,"Implement Planning IR parser, printer, and validator",planned,835,serial_in_lane,e01;compiler-ir-planning;leaf,1,0,1,0,include/Cellerator/compiler/ir/planning;include/Cellerator/compiler/ir/planning/implement_planning_ir_parser_printer_and_validator_v1.hh;src/compiler/ir/planning;src/compiler/ir/planning/implement_planning_ir_parser_printer_and_validator.cc;tests/compiler/planning_ir;tests/compiler/planning_ir/implement_planning_ir_parser_printer_and_validator_test.cc,docs/language;include/Cellerator/compute/operation/candidate_catalog_v3;include/Cellerator/geometry;include/Cellerator/planner;include/Cellerator/profiling/joint_compiler,.gitmodules;CMakeLists.txt;bench/CMakeLists.txt;cmake/compiler/CelleratorCompilerTargets.cmake;cmake/package/CelleratorConfig.cmake.in;cmake/package/CelleratorConfigVersion.cmake.in;include/Cellerator/Cellerator.hh;include/Cellerator/compiler.hh;src/CMakeLists.txt;tests/CMakeLists.txt;tools/CMakeLists.txt,,"Inspect the cited read scope, implement implement planning ir parser, printer, and validator in the isolated E01 lane, add the focused ce_ccp1_e01_014 gate, and publish a source-linked receipt."
CE-CCP1-E01-015,CE-CCP1-E01-000,task,Implement Semantic-to-Planning lowering,planned,835,serial_in_lane,e01;compiler-ir-planning;leaf,1,0,1,0,include/Cellerator/compiler/ir/planning;include/Cellerator/compiler/ir/planning/implement_semantic_to_planning_lowering_v1.hh;src/compiler/ir/planning;src/compiler/ir/planning/implement_semantic_to_planning_lowering.cc;tests/compiler/planning_ir;tests/compiler/planning_ir/implement_semantic_to_planning_lowering_test.cc,docs/language;include/Cellerator/compute/operation/candidate_catalog_v3;include/Cellerator/geometry;include/Cellerator/planner;include/Cellerator/profiling/joint_compiler,.gitmodules;CMakeLists.txt;bench/CMakeLists.txt;cmake/compiler/CelleratorCompilerTargets.cmake;cmake/package/CelleratorConfig.cmake.in;cmake/package/CelleratorConfigVersion.cmake.in;include/Cellerator/Cellerator.hh;include/Cellerator/compiler.hh;src/CMakeLists.txt;tests/CMakeLists.txt;tools/CMakeLists.txt,,"Inspect the cited read scope, implement implement semantic-to-planning lowering in the isolated E01 lane, add the focused ce_ccp1_e01_015 gate, and publish a source-linked receipt."
CE-CCP1-E01-016,CE-CCP1-E01-000,validation_task,Deliver the first inspectable candidate search space,planned,835,serial_in_lane,e01;compiler-ir-planning;leaf,3,1,1,2,include/Cellerator/compiler/ir/planning;include/Cellerator/compiler/ir/planning/deliver_the_first_inspectable_candidate_search_space_v1.hh;src/compiler/ir/planning;src/compiler/ir/planning/deliver_the_first_inspectable_candidate_search_space.cc;tests/compiler/planning_ir;tests/compiler/planning_ir/deliver_the_first_inspectable_candidate_search_space_test.cc,docs/language;include/Cellerator/compute/operation/candidate_catalog_v3;include/Cellerator/geometry;include/Cellerator/planner;include/Cellerator/profiling/joint_compiler,.gitmodules;CMakeLists.txt;bench/CMakeLists.txt;cmake/compiler/CelleratorCompilerTargets.cmake;cmake/package/CelleratorConfig.cmake.in;cmake/package/CelleratorConfigVersion.cmake.in;include/Cellerator/Cellerator.hh;include/Cellerator/compiler.hh;src/CMakeLists.txt;tests/CMakeLists.txt;tools/CMakeLists.txt,,"Inspect the cited read scope, implement deliver the first inspectable candidate search space in the isolated E01 lane, add the focused ce_ccp1_e01_016 gate, and publish a source-linked receipt."
CE-CCP1-E02-000,CE-CCP1-P40,workstream,"JBC evidence, discovery, certification, and atom compiler rehoming",planned,884,serial_lane,workstream;e02;compiler-discovery,2,0,0,0,include/Cellerator/compiler/discovery;src/compiler/discovery;tests/compiler/discovery;docs/compiler/migration/jbc-discovery,components/CellShard/include/CellShard/compiler;components/CellShard/src/compiler;components/CellShard/tests;planning/jbc-preledger-v1;include/Cellerator/geometry/support_atlas.hh,CMakeLists.txt;src/CMakeLists.txt;tools/CMakeLists.txt;tests/CMakeLists.txt;bench/CMakeLists.txt;include/Cellerator/Cellerator.hh;include/Cellerator/compiler.hh;.gitmodules;cmake/package/CelleratorConfig.cmake.in;cmake/package/CelleratorConfigVersion.cmake.in;cmake/compiler/CelleratorCompilerTargets.cmake,,Claim E02-001 after milestone prerequisites are reached.
CE-CCP1-E02-001,CE-CCP1-E02-000,task,Import the common JBC atom identity adapters,planned,834,serial_in_lane,e02;compiler-discovery;leaf,2,0,1,0,docs/compiler/migration/jbc-discovery;include/Cellerator/compiler/discovery;include/Cellerator/compiler/discovery/import_the_common_jbc_atom_identity_adapters_v1.hh;src/compiler/discovery;src/compiler/discovery/import_the_common_jbc_atom_identity_adapters.cc;tests/compiler/discovery;tests/compiler/discovery/import_the_common_jbc_atom_identity_adapters_test.cc,components/CellShard/include/CellShard/compiler;components/CellShard/src/compiler;components/CellShard/tests;include/Cellerator/geometry/support_atlas.hh;planning/jbc-preledger-v1,.gitmodules;CMakeLists.txt;bench/CMakeLists.txt;cmake/compiler/CelleratorCompilerTargets.cmake;cmake/package/CelleratorConfig.cmake.in;cmake/package/CelleratorConfigVersion.cmake.in;include/Cellerator/Cellerator.hh;include/Cellerator/compiler.hh;src/CMakeLists.txt;tests/CMakeLists.txt;tools/CMakeLists.txt,,"Inspect the cited read scope, implement import the common jbc atom identity adapters in the isolated E02 lane, add the focused ce_ccp1_e02_001 gate, and publish a source-linked receipt."
CE-CCP1-E02-002,CE-CCP1-E02-000,task,Import the overlapping evidence-atlas core,planned,834,serial_in_lane,e02;compiler-discovery;leaf,1,0,1,0,docs/compiler/migration/jbc-discovery;include/Cellerator/compiler/discovery;include/Cellerator/compiler/discovery/import_the_overlapping_evidence_atlas_core_v1.hh;src/compiler/discovery;src/compiler/discovery/import_the_overlapping_evidence_atlas_core.cc;tests/compiler/discovery;tests/compiler/discovery/import_the_overlapping_evidence_atlas_core_test.cc,components/CellShard/include/CellShard/compiler;components/CellShard/src/compiler;components/CellShard/tests;include/Cellerator/geometry/support_atlas.hh;planning/jbc-preledger-v1,.gitmodules;CMakeLists.txt;bench/CMakeLists.txt;cmake/compiler/CelleratorCompilerTargets.cmake;cmake/package/CelleratorConfig.cmake.in;cmake/package/CelleratorConfigVersion.cmake.in;include/Cellerator/Cellerator.hh;include/Cellerator/compiler.hh;src/CMakeLists.txt;tests/CMakeLists.txt;tools/CMakeLists.txt,,"Inspect the cited read scope, implement import the overlapping evidence-atlas core in the isolated E02 lane, add the focused ce_ccp1_e02_002 gate, and publish a source-linked receipt."
CE-CCP1-E02-003,CE-CCP1-E02-000,task,Import support-signature discovery,planned,834,serial_in_lane,e02;compiler-discovery;leaf,1,0,1,0,docs/compiler/migration/jbc-discovery;include/Cellerator/compiler/discovery;include/Cellerator/compiler/discovery/import_support_signature_discovery_v1.hh;src/compiler/discovery;src/compiler/discovery/import_support_signature_discovery.cc;tests/compiler/discovery;tests/compiler/discovery/import_support_signature_discovery_test.cc,components/CellShard/include/CellShard/compiler;components/CellShard/src/compiler;components/CellShard/tests;include/Cellerator/geometry/support_atlas.hh;planning/jbc-preledger-v1,.gitmodules;CMakeLists.txt;bench/CMakeLists.txt;cmake/compiler/CelleratorCompilerTargets.cmake;cmake/package/CelleratorConfig.cmake.in;cmake/package/CelleratorConfigVersion.cmake.in;include/Cellerator/Cellerator.hh;include/Cellerator/compiler.hh;src/CMakeLists.txt;tests/CMakeLists.txt;tools/CMakeLists.txt,,"Inspect the cited read scope, implement import support-signature discovery in the isolated E02 lane, add the focused ce_ccp1_e02_003 gate, and publish a source-linked receipt."
CE-CCP1-E02-004,CE-CCP1-E02-000,task,Import co-support and overlap discovery,planned,834,serial_in_lane,e02;compiler-discovery;leaf,1,0,1,0,docs/compiler/migration/jbc-discovery;include/Cellerator/compiler/discovery;include/Cellerator/compiler/discovery/import_co_support_and_overlap_discovery_v1.hh;src/compiler/discovery;src/compiler/discovery/import_co_support_and_overlap_discovery.cc;tests/compiler/discovery;tests/compiler/discovery/import_co_support_and_overlap_discovery_test.cc,components/CellShard/include/CellShard/compiler;components/CellShard/src/compiler;components/CellShard/tests;include/Cellerator/geometry/support_atlas.hh;planning/jbc-preledger-v1,.gitmodules;CMakeLists.txt;bench/CMakeLists.txt;cmake/compiler/CelleratorCompilerTargets.cmake;cmake/package/CelleratorConfig.cmake.in;cmake/package/CelleratorConfigVersion.cmake.in;include/Cellerator/Cellerator.hh;include/Cellerator/compiler.hh;src/CMakeLists.txt;tests/CMakeLists.txt;tools/CMakeLists.txt,,"Inspect the cited read scope, implement import co-support and overlap discovery in the isolated E02 lane, add the focused ce_ccp1_e02_004 gate, and publish a source-linked receipt."
CE-CCP1-E02-005,CE-CCP1-E02-000,task,Import relation-motif and operation-trace discovery,planned,834,serial_in_lane,e02;compiler-discovery;leaf,1,0,1,0,docs/compiler/migration/jbc-discovery;include/Cellerator/compiler/discovery;include/Cellerator/compiler/discovery/import_relation_motif_and_operation_trace_discovery_v1.hh;src/compiler/discovery;src/compiler/discovery/import_relation_motif_and_operation_trace_discovery.cc;tests/compiler/discovery;tests/compiler/discovery/import_relation_motif_and_operation_trace_discovery_test.cc,components/CellShard/include/CellShard/compiler;components/CellShard/src/compiler;components/CellShard/tests;include/Cellerator/geometry/support_atlas.hh;planning/jbc-preledger-v1,.gitmodules;CMakeLists.txt;bench/CMakeLists.txt;cmake/compiler/CelleratorCompilerTargets.cmake;cmake/package/CelleratorConfig.cmake.in;cmake/package/CelleratorConfigVersion.cmake.in;include/Cellerator/Cellerator.hh;include/Cellerator/compiler.hh;src/CMakeLists.txt;tests/CMakeLists.txt;tools/CMakeLists.txt,,"Inspect the cited read scope, implement import relation-motif and operation-trace discovery in the isolated E02 lane, add the focused ce_ccp1_e02_005 gate, and publish a source-linked receipt."
CE-CCP1-E02-006,CE-CCP1-E02-000,task,Import trajectory and lineage-pattern discovery,planned,834,serial_in_lane,e02;compiler-discovery;leaf,1,0,1,0,docs/compiler/migration/jbc-discovery;include/Cellerator/compiler/discovery;include/Cellerator/compiler/discovery/import_trajectory_and_lineage_pattern_discovery_v1.hh;src/compiler/discovery;src/compiler/discovery/import_trajectory_and_lineage_pattern_discovery.cc;tests/compiler/discovery;tests/compiler/discovery/import_trajectory_and_lineage_pattern_discovery_test.cc,components/CellShard/include/CellShard/compiler;components/CellShard/src/compiler;components/CellShard/tests;include/Cellerator/geometry/support_atlas.hh;planning/jbc-preledger-v1,.gitmodules;CMakeLists.txt;bench/CMakeLists.txt;cmake/compiler/CelleratorCompilerTargets.cmake;cmake/package/CelleratorConfig.cmake.in;cmake/package/CelleratorConfigVersion.cmake.in;include/Cellerator/Cellerator.hh;include/Cellerator/compiler.hh;src/CMakeLists.txt;tests/CMakeLists.txt;tools/CMakeLists.txt,,"Inspect the cited read scope, implement import trajectory and lineage-pattern discovery in the isolated E02 lane, add the focused ce_ccp1_e02_006 gate, and publish a source-linked receipt."
CE-CCP1-E02-007,CE-CCP1-E02-000,task,Import multimodal and identity-spine discovery,planned,834,serial_in_lane,e02;compiler-discovery;leaf,1,0,1,0,docs/compiler/migration/jbc-discovery;include/Cellerator/compiler/discovery;include/Cellerator/compiler/discovery/import_multimodal_and_identity_spine_discovery_v1.hh;src/compiler/discovery;src/compiler/discovery/import_multimodal_and_identity_spine_discovery.cc;tests/compiler/discovery;tests/compiler/discovery/import_multimodal_and_identity_spine_discovery_test.cc,components/CellShard/include/CellShard/compiler;components/CellShard/src/compiler;components/CellShard/tests;include/Cellerator/geometry/support_atlas.hh;planning/jbc-preledger-v1,.gitmodules;CMakeLists.txt;bench/CMakeLists.txt;cmake/compiler/CelleratorCompilerTargets.cmake;cmake/package/CelleratorConfig.cmake.in;cmake/package/CelleratorConfigVersion.cmake.in;include/Cellerator/Cellerator.hh;include/Cellerator/compiler.hh;src/CMakeLists.txt;tests/CMakeLists.txt;tools/CMakeLists.txt,,"Inspect the cited read scope, implement import multimodal and identity-spine discovery in the isolated E02 lane, add the focused ce_ccp1_e02_007 gate, and publish a source-linked receipt."
CE-CCP1-E02-008,CE-CCP1-E02-000,task,"Import factor, bicluster, and signature proposal strategies",planned,834,serial_in_lane,e02;compiler-discovery;leaf,1,0,1,0,docs/compiler/migration/jbc-discovery;include/Cellerator/compiler/discovery;include/Cellerator/compiler/discovery/import_factor_bicluster_and_signature_proposal_strategie_v1.hh;src/compiler/discovery;src/compiler/discovery/import_factor_bicluster_and_signature_proposal_strategie.cc;tests/compiler/discovery;tests/compiler/discovery/import_factor_bicluster_and_signature_proposal_strategie_test.cc,components/CellShard/include/CellShard/compiler;components/CellShard/src/compiler;components/CellShard/tests;include/Cellerator/geometry/support_atlas.hh;planning/jbc-preledger-v1,.gitmodules;CMakeLists.txt;bench/CMakeLists.txt;cmake/compiler/CelleratorCompilerTargets.cmake;cmake/package/CelleratorConfig.cmake.in;cmake/package/CelleratorConfigVersion.cmake.in;include/Cellerator/Cellerator.hh;include/Cellerator/compiler.hh;src/CMakeLists.txt;tests/CMakeLists.txt;tools/CMakeLists.txt,,"Inspect the cited read scope, implement import factor, bicluster, and signature proposal strategies in the isolated E02 lane, add the focused ce_ccp1_e02_008 gate, and publish a source-linked receipt."
CE-CCP1-E02-009,CE-CCP1-E02-000,task,Import exact rescan and proposal certification,planned,834,serial_in_lane,e02;compiler-discovery;leaf,1,0,1,0,docs/compiler/migration/jbc-discovery;include/Cellerator/compiler/discovery;include/Cellerator/compiler/discovery/import_exact_rescan_and_proposal_certification_v1.hh;src/compiler/discovery;src/compiler/discovery/import_exact_rescan_and_proposal_certification.cc;tests/compiler/discovery;tests/compiler/discovery/import_exact_rescan_and_proposal_certification_test.cc,components/CellShard/include/CellShard/compiler;components/CellShard/src/compiler;components/CellShard/tests;include/Cellerator/geometry/support_atlas.hh;planning/jbc-preledger-v1,.gitmodules;CMakeLists.txt;bench/CMakeLists.txt;cmake/compiler/CelleratorCompilerTargets.cmake;cmake/package/CelleratorConfig.cmake.in;cmake/package/CelleratorConfigVersion.cmake.in;include/Cellerator/Cellerator.hh;include/Cellerator/compiler.hh;src/CMakeLists.txt;tests/CMakeLists.txt;tools/CMakeLists.txt,,"Inspect the cited read scope, implement import exact rescan and proposal certification in the isolated E02 lane, add the focused ce_ccp1_e02_009 gate, and publish a source-linked receipt."
CE-CCP1-E02-010,CE-CCP1-E02-000,task,Import atom envelope and typed ports,planned,834,serial_in_lane,e02;compiler-discovery;leaf,1,0,1,0,docs/compiler/migration/jbc-discovery;include/Cellerator/compiler/discovery;include/Cellerator/compiler/discovery/import_atom_envelope_and_typed_ports_v1.hh;src/compiler/discovery;src/compiler/discovery/import_atom_envelope_and_typed_ports.cc;tests/compiler/discovery;tests/compiler/discovery/import_atom_envelope_and_typed_ports_test.cc,components/CellShard/include/CellShard/compiler;components/CellShard/src/compiler;components/CellShard/tests;include/Cellerator/geometry/support_atlas.hh;planning/jbc-preledger-v1,.gitmodules;CMakeLists.txt;bench/CMakeLists.txt;cmake/compiler/CelleratorCompilerTargets.cmake;cmake/package/CelleratorConfig.cmake.in;cmake/package/CelleratorConfigVersion.cmake.in;include/Cellerator/Cellerator.hh;include/Cellerator/compiler.hh;src/CMakeLists.txt;tests/CMakeLists.txt;tools/CMakeLists.txt,,"Inspect the cited read scope, implement import atom envelope and typed ports in the isolated E02 lane, add the focused ce_ccp1_e02_010 gate, and publish a source-linked receipt."
CE-CCP1-E02-011,CE-CCP1-E02-000,task,Import atom plane separation,planned,834,serial_in_lane,e02;compiler-discovery;leaf,1,0,1,0,docs/compiler/migration/jbc-discovery;include/Cellerator/compiler/discovery;include/Cellerator/compiler/discovery/import_atom_plane_separation_v1.hh;src/compiler/discovery;src/compiler/discovery/import_atom_plane_separation.cc;tests/compiler/discovery;tests/compiler/discovery/import_atom_plane_separation_test.cc,components/CellShard/include/CellShard/compiler;components/CellShard/src/compiler;components/CellShard/tests;include/Cellerator/geometry/support_atlas.hh;planning/jbc-preledger-v1,.gitmodules;CMakeLists.txt;bench/CMakeLists.txt;cmake/compiler/CelleratorCompilerTargets.cmake;cmake/package/CelleratorConfig.cmake.in;cmake/package/CelleratorConfigVersion.cmake.in;include/Cellerator/Cellerator.hh;include/Cellerator/compiler.hh;src/CMakeLists.txt;tests/CMakeLists.txt;tools/CMakeLists.txt,,"Inspect the cited read scope, implement import atom plane separation in the isolated E02 lane, add the focused ce_ccp1_e02_011 gate, and publish a source-linked receipt."
CE-CCP1-E02-012,CE-CCP1-E02-000,task,Import atom requirement/affordance matching,planned,834,serial_in_lane,e02;compiler-discovery;leaf,1,0,1,0,docs/compiler/migration/jbc-discovery;include/Cellerator/compiler/discovery;include/Cellerator/compiler/discovery/import_atom_requirement_affordance_matching_v1.hh;src/compiler/discovery;src/compiler/discovery/import_atom_requirement_affordance_matching.cc;tests/compiler/discovery;tests/compiler/discovery/import_atom_requirement_affordance_matching_test.cc,components/CellShard/include/CellShard/compiler;components/CellShard/src/compiler;components/CellShard/tests;include/Cellerator/geometry/support_atlas.hh;planning/jbc-preledger-v1,.gitmodules;CMakeLists.txt;bench/CMakeLists.txt;cmake/compiler/CelleratorCompilerTargets.cmake;cmake/package/CelleratorConfig.cmake.in;cmake/package/CelleratorConfigVersion.cmake.in;include/Cellerator/Cellerator.hh;include/Cellerator/compiler.hh;src/CMakeLists.txt;tests/CMakeLists.txt;tools/CMakeLists.txt,,"Inspect the cited read scope, implement import atom requirement/affordance matching in the isolated E02 lane, add the focused ce_ccp1_e02_012 gate, and publish a source-linked receipt."
CE-CCP1-E02-013,CE-CCP1-E02-000,task,Import scalable certification indexes,planned,834,serial_in_lane,e02;compiler-discovery;leaf,1,0,1,0,docs/compiler/migration/jbc-discovery;include/Cellerator/compiler/discovery;include/Cellerator/compiler/discovery/import_scalable_certification_indexes_v1.hh;src/compiler/discovery;src/compiler/discovery/import_scalable_certification_indexes.cc;tests/compiler/discovery;tests/compiler/discovery/import_scalable_certification_indexes_test.cc,components/CellShard/include/CellShard/compiler;components/CellShard/src/compiler;components/CellShard/tests;include/Cellerator/geometry/support_atlas.hh;planning/jbc-preledger-v1,.gitmodules;CMakeLists.txt;bench/CMakeLists.txt;cmake/compiler/CelleratorCompilerTargets.cmake;cmake/package/CelleratorConfig.cmake.in;cmake/package/CelleratorConfigVersion.cmake.in;include/Cellerator/Cellerator.hh;include/Cellerator/compiler.hh;src/CMakeLists.txt;tests/CMakeLists.txt;tools/CMakeLists.txt,,"Inspect the cited read scope, implement import scalable certification indexes in the isolated E02 lane, add the focused ce_ccp1_e02_013 gate, and publish a source-linked receipt."
CE-CCP1-E02-014,CE-CCP1-E02-000,task,Preserve migration provenance in source and artifacts,planned,834,serial_in_lane,e02;compiler-discovery;leaf,1,0,1,0,docs/compiler/migration/jbc-discovery;include/Cellerator/compiler/discovery;include/Cellerator/compiler/discovery/preserve_migration_provenance_in_source_and_artifacts_v1.hh;src/compiler/discovery;src/compiler/discovery/preserve_migration_provenance_in_source_and_artifacts.cc;tests/compiler/discovery;tests/compiler/discovery/preserve_migration_provenance_in_source_and_artifacts_test.cc,components/CellShard/include/CellShard/compiler;components/CellShard/src/compiler;components/CellShard/tests;include/Cellerator/geometry/support_atlas.hh;planning/jbc-preledger-v1,.gitmodules;CMakeLists.txt;bench/CMakeLists.txt;cmake/compiler/CelleratorCompilerTargets.cmake;cmake/package/CelleratorConfig.cmake.in;cmake/package/CelleratorConfigVersion.cmake.in;include/Cellerator/Cellerator.hh;include/Cellerator/compiler.hh;src/CMakeLists.txt;tests/CMakeLists.txt;tools/CMakeLists.txt,,"Inspect the cited read scope, implement preserve migration provenance in source and artifacts in the isolated E02 lane, add the focused ce_ccp1_e02_014 gate, and publish a source-linked receipt."
CE-CCP1-E02-015,CE-CCP1-E02-000,task,Create temporary CellShard compiler compatibility adapters,planned,834,serial_in_lane,e02;compiler-discovery;leaf,1,0,1,0,docs/compiler/migration/jbc-discovery;include/Cellerator/compiler/discovery;include/Cellerator/compiler/discovery/create_temporary_cellshard_compiler_compatibility_adapte_v1.hh;src/compiler/discovery;src/compiler/discovery/create_temporary_cellshard_compiler_compatibility_adapte.cc;tests/compiler/discovery;tests/compiler/discovery/create_temporary_cellshard_compiler_compatibility_adapte_test.cc,components/CellShard/include/CellShard/compiler;components/CellShard/src/compiler;components/CellShard/tests;include/Cellerator/geometry/support_atlas.hh;planning/jbc-preledger-v1,.gitmodules;CMakeLists.txt;bench/CMakeLists.txt;cmake/compiler/CelleratorCompilerTargets.cmake;cmake/package/CelleratorConfig.cmake.in;cmake/package/CelleratorConfigVersion.cmake.in;include/Cellerator/Cellerator.hh;include/Cellerator/compiler.hh;src/CMakeLists.txt;tests/CMakeLists.txt;tools/CMakeLists.txt,,"Inspect the cited read scope, implement create temporary cellshard compiler compatibility adapters in the isolated E02 lane, add the focused ce_ccp1_e02_015 gate, and publish a source-linked receipt."
CE-CCP1-E02-016,CE-CCP1-E02-000,task,Port discovery tests and evidence fixtures,planned,834,serial_in_lane,e02;compiler-discovery;leaf,1,0,1,0,docs/compiler/migration/jbc-discovery;include/Cellerator/compiler/discovery;include/Cellerator/compiler/discovery/port_discovery_tests_and_evidence_fixtures_v1.hh;src/compiler/discovery;src/compiler/discovery/port_discovery_tests_and_evidence_fixtures.cc;tests/compiler/discovery;tests/compiler/discovery/port_discovery_tests_and_evidence_fixtures_test.cc,components/CellShard/include/CellShard/compiler;components/CellShard/src/compiler;components/CellShard/tests;include/Cellerator/geometry/support_atlas.hh;planning/jbc-preledger-v1,.gitmodules;CMakeLists.txt;bench/CMakeLists.txt;cmake/compiler/CelleratorCompilerTargets.cmake;cmake/package/CelleratorConfig.cmake.in;cmake/package/CelleratorConfigVersion.cmake.in;include/Cellerator/Cellerator.hh;include/Cellerator/compiler.hh;src/CMakeLists.txt;tests/CMakeLists.txt;tools/CMakeLists.txt,,"Inspect the cited read scope, implement port discovery tests and evidence fixtures in the isolated E02 lane, add the focused ce_ccp1_e02_016 gate, and publish a source-linked receipt."
CE-CCP1-E02-017,CE-CCP1-E02-000,validation_task,Validate no compiler discovery remains authoritative in CellShard,planned,834,serial_in_lane,e02;compiler-discovery;leaf,1,0,1,0,docs/compiler/migration/jbc-discovery;include/Cellerator/compiler/discovery;include/Cellerator/compiler/discovery/validate_no_compiler_discovery_remains_authoritative_in_v1.hh;src/compiler/discovery;src/compiler/discovery/validate_no_compiler_discovery_remains_authoritative_in.cc;tests/compiler/discovery;tests/compiler/discovery/validate_no_compiler_discovery_remains_authoritative_in_test.cc,components/CellShard/include/CellShard/compiler;components/CellShard/src/compiler;components/CellShard/tests;include/Cellerator/geometry/support_atlas.hh;planning/jbc-preledger-v1,.gitmodules;CMakeLists.txt;bench/CMakeLists.txt;cmake/compiler/CelleratorCompilerTargets.cmake;cmake/package/CelleratorConfig.cmake.in;cmake/package/CelleratorConfigVersion.cmake.in;include/Cellerator/Cellerator.hh;include/Cellerator/compiler.hh;src/CMakeLists.txt;tests/CMakeLists.txt;tools/CMakeLists.txt,,"Inspect the cited read scope, implement validate no compiler discovery remains authoritative in cellshard in the isolated E02 lane, add the focused ce_ccp1_e02_017 gate, and publish a source-linked receipt."
CE-CCP1-E02-018,CE-CCP1-E02-000,validation_task,Freeze the migrated discovery and atom compiler slice,planned,834,serial_in_lane,e02;compiler-discovery;leaf,4,1,1,3,docs/compiler/migration/jbc-discovery;include/Cellerator/compiler/discovery;include/Cellerator/compiler/discovery/freeze_the_migrated_discovery_and_atom_compiler_slice_v1.hh;src/compiler/discovery;src/compiler/discovery/freeze_the_migrated_discovery_and_atom_compiler_slice.cc;tests/compiler/discovery;tests/compiler/discovery/freeze_the_migrated_discovery_and_atom_compiler_slice_test.cc,components/CellShard/include/CellShard/compiler;components/CellShard/src/compiler;components/CellShard/tests;include/Cellerator/geometry/support_atlas.hh;planning/jbc-preledger-v1,.gitmodules;CMakeLists.txt;bench/CMakeLists.txt;cmake/compiler/CelleratorCompilerTargets.cmake;cmake/package/CelleratorConfig.cmake.in;cmake/package/CelleratorConfigVersion.cmake.in;include/Cellerator/Cellerator.hh;include/Cellerator/compiler.hh;src/CMakeLists.txt;tests/CMakeLists.txt;tools/CMakeLists.txt,,"Inspect the cited read scope, implement freeze the migrated discovery and atom compiler slice in the isolated E02 lane, add the focused ce_ccp1_e02_018 gate, and publish a source-linked receipt."
CE-CCP1-E03-000,CE-CCP1-P40,workstream,"JBC composition, grammar, basis, global program, and schedule rehoming",planned,883,serial_lane,workstream;e03;compiler-program_planning,2,0,0,0,include/Cellerator/compiler/composition;include/Cellerator/compiler/program;src/compiler/composition;src/compiler/program;tests/compiler/program_planning,components/CellShard/include/CellShard/compiler/composition;components/CellShard/include/CellShard/compiler/basis;components/CellShard/include/CellShard/compiler/graph;components/CellShard/src/compiler;planning/jbc-preledger-v1,CMakeLists.txt;src/CMakeLists.txt;tools/CMakeLists.txt;tests/CMakeLists.txt;bench/CMakeLists.txt;include/Cellerator/Cellerator.hh;include/Cellerator/compiler.hh;.gitmodules;cmake/package/CelleratorConfig.cmake.in;cmake/package/CelleratorConfigVersion.cmake.in;cmake/compiler/CelleratorCompilerTargets.cmake,,Claim E03-001 after milestone prerequisites are reached.
CE-CCP1-E03-001,CE-CCP1-E03-000,task,Import typed composition production contracts,planned,833,serial_in_lane,e03;compiler-program_planning;leaf,2,0,1,0,include/Cellerator/compiler/composition;include/Cellerator/compiler/composition/import_typed_composition_production_contracts_v1.hh;include/Cellerator/compiler/program;include/Cellerator/compiler/program/import_typed_composition_production_contracts_v1.hh;src/compiler/composition;src/compiler/composition/import_typed_composition_production_contracts.cc;src/compiler/program;tests/compiler/e03/import_typed_composition_production_contracts_test.cc;tests/compiler/program_planning,components/CellShard/include/CellShard/compiler/basis;components/CellShard/include/CellShard/compiler/composition;components/CellShard/include/CellShard/compiler/graph;components/CellShard/src/compiler;planning/jbc-preledger-v1,.gitmodules;CMakeLists.txt;bench/CMakeLists.txt;cmake/compiler/CelleratorCompilerTargets.cmake;cmake/package/CelleratorConfig.cmake.in;cmake/package/CelleratorConfigVersion.cmake.in;include/Cellerator/Cellerator.hh;include/Cellerator/compiler.hh;src/CMakeLists.txt;tests/CMakeLists.txt;tools/CMakeLists.txt,,"Inspect the cited read scope, implement import typed composition production contracts in the isolated E03 lane, add the focused ce_ccp1_e03_001 gate, and publish a source-linked receipt."
CE-CCP1-E03-002,CE-CCP1-E03-000,task,Import multi-parent derivation DAGs,planned,833,serial_in_lane,e03;compiler-program_planning;leaf,1,0,1,0,include/Cellerator/compiler/composition;include/Cellerator/compiler/composition/import_multi_parent_derivation_dags_v1.hh;include/Cellerator/compiler/program;include/Cellerator/compiler/program/import_multi_parent_derivation_dags_v1.hh;src/compiler/composition;src/compiler/composition/import_multi_parent_derivation_dags.cc;src/compiler/program;tests/compiler/e03/import_multi_parent_derivation_dags_test.cc;tests/compiler/program_planning,components/CellShard/include/CellShard/compiler/basis;components/CellShard/include/CellShard/compiler/composition;components/CellShard/include/CellShard/compiler/graph;components/CellShard/src/compiler;planning/jbc-preledger-v1,.gitmodules;CMakeLists.txt;bench/CMakeLists.txt;cmake/compiler/CelleratorCompilerTargets.cmake;cmake/package/CelleratorConfig.cmake.in;cmake/package/CelleratorConfigVersion.cmake.in;include/Cellerator/Cellerator.hh;include/Cellerator/compiler.hh;src/CMakeLists.txt;tests/CMakeLists.txt;tools/CMakeLists.txt,,"Inspect the cited read scope, implement import multi-parent derivation dags in the isolated E03 lane, add the focused ce_ccp1_e03_002 gate, and publish a source-linked receipt."
CE-CCP1-E03-003,CE-CCP1-E03-000,task,Import explicit grammar compilation,planned,833,serial_in_lane,e03;compiler-program_planning;leaf,1,0,1,0,include/Cellerator/compiler/composition;include/Cellerator/compiler/composition/import_explicit_grammar_compilation_v1.hh;include/Cellerator/compiler/program;include/Cellerator/compiler/program/import_explicit_grammar_compilation_v1.hh;src/compiler/composition;src/compiler/composition/import_explicit_grammar_compilation.cc;src/compiler/program;tests/compiler/e03/import_explicit_grammar_compilation_test.cc;tests/compiler/program_planning,components/CellShard/include/CellShard/compiler/basis;components/CellShard/include/CellShard/compiler/composition;components/CellShard/include/CellShard/compiler/graph;components/CellShard/src/compiler;planning/jbc-preledger-v1,.gitmodules;CMakeLists.txt;bench/CMakeLists.txt;cmake/compiler/CelleratorCompilerTargets.cmake;cmake/package/CelleratorConfig.cmake.in;cmake/package/CelleratorConfigVersion.cmake.in;include/Cellerator/Cellerator.hh;include/Cellerator/compiler.hh;src/CMakeLists.txt;tests/CMakeLists.txt;tools/CMakeLists.txt,,"Inspect the cited read scope, implement import explicit grammar compilation in the isolated E03 lane, add the focused ce_ccp1_e03_003 gate, and publish a source-linked receipt."
CE-CCP1-E03-004,CE-CCP1-E03-000,task,Import induced grammar as experimental search,planned,833,serial_in_lane,e03;compiler-program_planning;leaf,1,0,1,0,include/Cellerator/compiler/composition;include/Cellerator/compiler/composition/import_induced_grammar_as_experimental_search_v1.hh;include/Cellerator/compiler/program;include/Cellerator/compiler/program/import_induced_grammar_as_experimental_search_v1.hh;src/compiler/composition;src/compiler/composition/import_induced_grammar_as_experimental_search.cc;src/compiler/program;tests/compiler/e03/import_induced_grammar_as_experimental_search_test.cc;tests/compiler/program_planning,components/CellShard/include/CellShard/compiler/basis;components/CellShard/include/CellShard/compiler/composition;components/CellShard/include/CellShard/compiler/graph;components/CellShard/src/compiler;planning/jbc-preledger-v1,.gitmodules;CMakeLists.txt;bench/CMakeLists.txt;cmake/compiler/CelleratorCompilerTargets.cmake;cmake/package/CelleratorConfig.cmake.in;cmake/package/CelleratorConfigVersion.cmake.in;include/Cellerator/Cellerator.hh;include/Cellerator/compiler.hh;src/CMakeLists.txt;tests/CMakeLists.txt;tools/CMakeLists.txt,,"Inspect the cited read scope, implement import induced grammar as experimental search in the isolated E03 lane, add the focused ce_ccp1_e03_004 gate, and publish a source-linked receipt."
CE-CCP1-E03-005,CE-CCP1-E03-000,task,Import workload-family representation,planned,833,serial_in_lane,e03;compiler-program_planning;leaf,1,0,1,0,include/Cellerator/compiler/composition;include/Cellerator/compiler/composition/import_workload_family_representation_v1.hh;include/Cellerator/compiler/program;include/Cellerator/compiler/program/import_workload_family_representation_v1.hh;src/compiler/composition;src/compiler/composition/import_workload_family_representation.cc;src/compiler/program;tests/compiler/e03/import_workload_family_representation_test.cc;tests/compiler/program_planning,components/CellShard/include/CellShard/compiler/basis;components/CellShard/include/CellShard/compiler/composition;components/CellShard/include/CellShard/compiler/graph;components/CellShard/src/compiler;planning/jbc-preledger-v1,.gitmodules;CMakeLists.txt;bench/CMakeLists.txt;cmake/compiler/CelleratorCompilerTargets.cmake;cmake/package/CelleratorConfig.cmake.in;cmake/package/CelleratorConfigVersion.cmake.in;include/Cellerator/Cellerator.hh;include/Cellerator/compiler.hh;src/CMakeLists.txt;tests/CMakeLists.txt;tools/CMakeLists.txt,,"Inspect the cited read scope, implement import workload-family representation in the isolated E03 lane, add the focused ce_ccp1_e03_005 gate, and publish a source-linked receipt."
CE-CCP1-E03-006,CE-CCP1-E03-000,task,Import basis manifest semantics,planned,833,serial_in_lane,e03;compiler-program_planning;leaf,1,0,1,0,include/Cellerator/compiler/composition;include/Cellerator/compiler/composition/import_basis_manifest_semantics_v1.hh;include/Cellerator/compiler/program;include/Cellerator/compiler/program/import_basis_manifest_semantics_v1.hh;src/compiler/composition;src/compiler/composition/import_basis_manifest_semantics.cc;src/compiler/program;tests/compiler/e03/import_basis_manifest_semantics_test.cc;tests/compiler/program_planning,components/CellShard/include/CellShard/compiler/basis;components/CellShard/include/CellShard/compiler/composition;components/CellShard/include/CellShard/compiler/graph;components/CellShard/src/compiler;planning/jbc-preledger-v1,.gitmodules;CMakeLists.txt;bench/CMakeLists.txt;cmake/compiler/CelleratorCompilerTargets.cmake;cmake/package/CelleratorConfig.cmake.in;cmake/package/CelleratorConfigVersion.cmake.in;include/Cellerator/Cellerator.hh;include/Cellerator/compiler.hh;src/CMakeLists.txt;tests/CMakeLists.txt;tools/CMakeLists.txt,,"Inspect the cited read scope, implement import basis manifest semantics in the isolated E03 lane, add the focused ce_ccp1_e03_006 gate, and publish a source-linked receipt."
CE-CCP1-E03-007,CE-CCP1-E03-000,task,Implement no-basis and multiple-basis outcomes,planned,833,serial_in_lane,e03;compiler-program_planning;leaf,1,0,1,0,include/Cellerator/compiler/composition;include/Cellerator/compiler/composition/implement_no_basis_and_multiple_basis_outcomes_v1.hh;include/Cellerator/compiler/program;include/Cellerator/compiler/program/implement_no_basis_and_multiple_basis_outcomes_v1.hh;src/compiler/composition;src/compiler/composition/implement_no_basis_and_multiple_basis_outcomes.cc;src/compiler/program;tests/compiler/e03/implement_no_basis_and_multiple_basis_outcomes_test.cc;tests/compiler/program_planning,components/CellShard/include/CellShard/compiler/basis;components/CellShard/include/CellShard/compiler/composition;components/CellShard/include/CellShard/compiler/graph;components/CellShard/src/compiler;planning/jbc-preledger-v1,.gitmodules;CMakeLists.txt;bench/CMakeLists.txt;cmake/compiler/CelleratorCompilerTargets.cmake;cmake/package/CelleratorConfig.cmake.in;cmake/package/CelleratorConfigVersion.cmake.in;include/Cellerator/Cellerator.hh;include/Cellerator/compiler.hh;src/CMakeLists.txt;tests/CMakeLists.txt;tools/CMakeLists.txt,,"Inspect the cited read scope, implement implement no-basis and multiple-basis outcomes in the isolated E03 lane, add the focused ce_ccp1_e03_007 gate, and publish a source-linked receipt."
CE-CCP1-E03-008,CE-CCP1-E03-000,task,Import superatom promotion,planned,833,serial_in_lane,e03;compiler-program_planning;leaf,1,0,1,0,include/Cellerator/compiler/composition;include/Cellerator/compiler/composition/import_superatom_promotion_v1.hh;include/Cellerator/compiler/program;include/Cellerator/compiler/program/import_superatom_promotion_v1.hh;src/compiler/composition;src/compiler/composition/import_superatom_promotion.cc;src/compiler/program;tests/compiler/e03/import_superatom_promotion_test.cc;tests/compiler/program_planning,components/CellShard/include/CellShard/compiler/basis;components/CellShard/include/CellShard/compiler/composition;components/CellShard/include/CellShard/compiler/graph;components/CellShard/src/compiler;planning/jbc-preledger-v1,.gitmodules;CMakeLists.txt;bench/CMakeLists.txt;cmake/compiler/CelleratorCompilerTargets.cmake;cmake/package/CelleratorConfig.cmake.in;cmake/package/CelleratorConfigVersion.cmake.in;include/Cellerator/Cellerator.hh;include/Cellerator/compiler.hh;src/CMakeLists.txt;tests/CMakeLists.txt;tools/CMakeLists.txt,,"Inspect the cited read scope, implement import superatom promotion in the isolated E03 lane, add the focused ce_ccp1_e03_008 gate, and publish a source-linked receipt."
CE-CCP1-E03-009,CE-CCP1-E03-000,task,Import persistent-partial compiler semantics,planned,833,serial_in_lane,e03;compiler-program_planning;leaf,1,0,1,0,include/Cellerator/compiler/composition;include/Cellerator/compiler/composition/import_persistent_partial_compiler_semantics_v1.hh;include/Cellerator/compiler/program;include/Cellerator/compiler/program/import_persistent_partial_compiler_semantics_v1.hh;src/compiler/composition;src/compiler/composition/import_persistent_partial_compiler_semantics.cc;src/compiler/program;tests/compiler/e03/import_persistent_partial_compiler_semantics_test.cc;tests/compiler/program_planning,components/CellShard/include/CellShard/compiler/basis;components/CellShard/include/CellShard/compiler/composition;components/CellShard/include/CellShard/compiler/graph;components/CellShard/src/compiler;planning/jbc-preledger-v1,.gitmodules;CMakeLists.txt;bench/CMakeLists.txt;cmake/compiler/CelleratorCompilerTargets.cmake;cmake/package/CelleratorConfig.cmake.in;cmake/package/CelleratorConfigVersion.cmake.in;include/Cellerator/Cellerator.hh;include/Cellerator/compiler.hh;src/CMakeLists.txt;tests/CMakeLists.txt;tools/CMakeLists.txt,,"Inspect the cited read scope, implement import persistent-partial compiler semantics in the isolated E03 lane, add the focused ce_ccp1_e03_009 gate, and publish a source-linked receipt."
CE-CCP1-E03-010,CE-CCP1-E03-000,task,Import global operation graph IR,planned,833,serial_in_lane,e03;compiler-program_planning;leaf,1,0,1,0,include/Cellerator/compiler/composition;include/Cellerator/compiler/composition/import_global_operation_graph_ir_v1.hh;include/Cellerator/compiler/program;include/Cellerator/compiler/program/import_global_operation_graph_ir_v1.hh;src/compiler/composition;src/compiler/composition/import_global_operation_graph_ir.cc;src/compiler/program;tests/compiler/e03/import_global_operation_graph_ir_test.cc;tests/compiler/program_planning,components/CellShard/include/CellShard/compiler/basis;components/CellShard/include/CellShard/compiler/composition;components/CellShard/include/CellShard/compiler/graph;components/CellShard/src/compiler;planning/jbc-preledger-v1,.gitmodules;CMakeLists.txt;bench/CMakeLists.txt;cmake/compiler/CelleratorCompilerTargets.cmake;cmake/package/CelleratorConfig.cmake.in;cmake/package/CelleratorConfigVersion.cmake.in;include/Cellerator/Cellerator.hh;include/Cellerator/compiler.hh;src/CMakeLists.txt;tests/CMakeLists.txt;tools/CMakeLists.txt,,"Inspect the cited read scope, implement import global operation graph ir in the isolated E03 lane, add the focused ce_ccp1_e03_010 gate, and publish a source-linked receipt."
CE-CCP1-E03-011,CE-CCP1-E03-000,task,Import cross-operation rewrite and fusion search,planned,833,serial_in_lane,e03;compiler-program_planning;leaf,1,0,1,0,include/Cellerator/compiler/composition;include/Cellerator/compiler/composition/import_cross_operation_rewrite_and_fusion_search_v1.hh;include/Cellerator/compiler/program;include/Cellerator/compiler/program/import_cross_operation_rewrite_and_fusion_search_v1.hh;src/compiler/composition;src/compiler/composition/import_cross_operation_rewrite_and_fusion_search.cc;src/compiler/program;tests/compiler/e03/import_cross_operation_rewrite_and_fusion_search_test.cc;tests/compiler/program_planning,components/CellShard/include/CellShard/compiler/basis;components/CellShard/include/CellShard/compiler/composition;components/CellShard/include/CellShard/compiler/graph;components/CellShard/src/compiler;planning/jbc-preledger-v1,.gitmodules;CMakeLists.txt;bench/CMakeLists.txt;cmake/compiler/CelleratorCompilerTargets.cmake;cmake/package/CelleratorConfig.cmake.in;cmake/package/CelleratorConfigVersion.cmake.in;include/Cellerator/Cellerator.hh;include/Cellerator/compiler.hh;src/CMakeLists.txt;tests/CMakeLists.txt;tools/CMakeLists.txt,,"Inspect the cited read scope, implement import cross-operation rewrite and fusion search in the isolated E03 lane, add the focused ce_ccp1_e03_011 gate, and publish a source-linked receipt."
CE-CCP1-E03-012,CE-CCP1-E03-000,task,Import portable schedule/ruleset representation,planned,833,serial_in_lane,e03;compiler-program_planning;leaf,1,0,1,0,include/Cellerator/compiler/composition;include/Cellerator/compiler/composition/import_portable_schedule_ruleset_representation_v1.hh;include/Cellerator/compiler/program;include/Cellerator/compiler/program/import_portable_schedule_ruleset_representation_v1.hh;src/compiler/composition;src/compiler/composition/import_portable_schedule_ruleset_representation.cc;src/compiler/program;tests/compiler/e03/import_portable_schedule_ruleset_representation_test.cc;tests/compiler/program_planning,components/CellShard/include/CellShard/compiler/basis;components/CellShard/include/CellShard/compiler/composition;components/CellShard/include/CellShard/compiler/graph;components/CellShard/src/compiler;planning/jbc-preledger-v1,.gitmodules;CMakeLists.txt;bench/CMakeLists.txt;cmake/compiler/CelleratorCompilerTargets.cmake;cmake/package/CelleratorConfig.cmake.in;cmake/package/CelleratorConfigVersion.cmake.in;include/Cellerator/Cellerator.hh;include/Cellerator/compiler.hh;src/CMakeLists.txt;tests/CMakeLists.txt;tools/CMakeLists.txt,,"Inspect the cited read scope, implement import portable schedule/ruleset representation in the isolated E03 lane, add the focused ce_ccp1_e03_012 gate, and publish a source-linked receipt."
CE-CCP1-E03-013,CE-CCP1-E03-000,task,Define the concrete CellShard materialization request seam,planned,833,serial_in_lane,e03;compiler-program_planning;leaf,1,0,1,0,include/Cellerator/compiler/composition;include/Cellerator/compiler/composition/define_the_concrete_cellshard_materialization_request_se_v1.hh;include/Cellerator/compiler/program;include/Cellerator/compiler/program/define_the_concrete_cellshard_materialization_request_se_v1.hh;src/compiler/composition;src/compiler/composition/define_the_concrete_cellshard_materialization_request_se.cc;src/compiler/program;tests/compiler/e03/define_the_concrete_cellshard_materialization_request_se_test.cc;tests/compiler/program_planning,components/CellShard/include/CellShard/compiler/basis;components/CellShard/include/CellShard/compiler/composition;components/CellShard/include/CellShard/compiler/graph;components/CellShard/src/compiler;planning/jbc-preledger-v1,.gitmodules;CMakeLists.txt;bench/CMakeLists.txt;cmake/compiler/CelleratorCompilerTargets.cmake;cmake/package/CelleratorConfig.cmake.in;cmake/package/CelleratorConfigVersion.cmake.in;include/Cellerator/Cellerator.hh;include/Cellerator/compiler.hh;src/CMakeLists.txt;tests/CMakeLists.txt;tools/CMakeLists.txt,,"Inspect the cited read scope, implement define the concrete cellshard materialization request seam in the isolated E03 lane, add the focused ce_ccp1_e03_013 gate, and publish a source-linked receipt."
CE-CCP1-E03-014,CE-CCP1-E03-000,task,"Port composition, basis, graph, and schedule tests",planned,833,serial_in_lane,e03;compiler-program_planning;leaf,1,0,1,0,include/Cellerator/compiler/composition;include/Cellerator/compiler/composition/port_composition_basis_graph_and_schedule_tests_v1.hh;include/Cellerator/compiler/program;include/Cellerator/compiler/program/port_composition_basis_graph_and_schedule_tests_v1.hh;src/compiler/composition;src/compiler/composition/port_composition_basis_graph_and_schedule_tests.cc;src/compiler/program;tests/compiler/e03/port_composition_basis_graph_and_schedule_tests_test.cc;tests/compiler/program_planning,components/CellShard/include/CellShard/compiler/basis;components/CellShard/include/CellShard/compiler/composition;components/CellShard/include/CellShard/compiler/graph;components/CellShard/src/compiler;planning/jbc-preledger-v1,.gitmodules;CMakeLists.txt;bench/CMakeLists.txt;cmake/compiler/CelleratorCompilerTargets.cmake;cmake/package/CelleratorConfig.cmake.in;cmake/package/CelleratorConfigVersion.cmake.in;include/Cellerator/Cellerator.hh;include/Cellerator/compiler.hh;src/CMakeLists.txt;tests/CMakeLists.txt;tools/CMakeLists.txt,,"Inspect the cited read scope, implement port composition, basis, graph, and schedule tests in the isolated E03 lane, add the focused ce_ccp1_e03_014 gate, and publish a source-linked receipt."
CE-CCP1-E03-015,CE-CCP1-E03-000,task,Create semantic differential adapters,planned,833,serial_in_lane,e03;compiler-program_planning;leaf,1,0,1,0,include/Cellerator/compiler/composition;include/Cellerator/compiler/composition/create_semantic_differential_adapters_v1.hh;include/Cellerator/compiler/program;include/Cellerator/compiler/program/create_semantic_differential_adapters_v1.hh;src/compiler/composition;src/compiler/composition/create_semantic_differential_adapters.cc;src/compiler/program;tests/compiler/e03/create_semantic_differential_adapters_test.cc;tests/compiler/program_planning,components/CellShard/include/CellShard/compiler/basis;components/CellShard/include/CellShard/compiler/composition;components/CellShard/include/CellShard/compiler/graph;components/CellShard/src/compiler;planning/jbc-preledger-v1,.gitmodules;CMakeLists.txt;bench/CMakeLists.txt;cmake/compiler/CelleratorCompilerTargets.cmake;cmake/package/CelleratorConfig.cmake.in;cmake/package/CelleratorConfigVersion.cmake.in;include/Cellerator/Cellerator.hh;include/Cellerator/compiler.hh;src/CMakeLists.txt;tests/CMakeLists.txt;tools/CMakeLists.txt,,"Inspect the cited read scope, implement create semantic differential adapters in the isolated E03 lane, add the focused ce_ccp1_e03_015 gate, and publish a source-linked receipt."
CE-CCP1-E03-016,CE-CCP1-E03-000,task,Retire CellShard compiler authority in documentation and namespaces,planned,833,serial_in_lane,e03;compiler-program_planning;leaf,1,0,1,0,include/Cellerator/compiler/composition;include/Cellerator/compiler/composition/retire_cellshard_compiler_authority_in_documentation_and_v1.hh;include/Cellerator/compiler/program;include/Cellerator/compiler/program/retire_cellshard_compiler_authority_in_documentation_and_v1.hh;src/compiler/composition;src/compiler/composition/retire_cellshard_compiler_authority_in_documentation_and.cc;src/compiler/program;tests/compiler/e03/retire_cellshard_compiler_authority_in_documentation_and_test.cc;tests/compiler/program_planning,components/CellShard/include/CellShard/compiler/basis;components/CellShard/include/CellShard/compiler/composition;components/CellShard/include/CellShard/compiler/graph;components/CellShard/src/compiler;planning/jbc-preledger-v1,.gitmodules;CMakeLists.txt;bench/CMakeLists.txt;cmake/compiler/CelleratorCompilerTargets.cmake;cmake/package/CelleratorConfig.cmake.in;cmake/package/CelleratorConfigVersion.cmake.in;include/Cellerator/Cellerator.hh;include/Cellerator/compiler.hh;src/CMakeLists.txt;tests/CMakeLists.txt;tools/CMakeLists.txt,,"Inspect the cited read scope, implement retire cellshard compiler authority in documentation and namespaces in the isolated E03 lane, add the focused ce_ccp1_e03_016 gate, and publish a source-linked receipt."
CE-CCP1-E03-017,CE-CCP1-E03-000,validation_task,Deliver the profile-to-portable-ruleset slice,planned,833,serial_in_lane,e03;compiler-program_planning;leaf,1,0,1,0,include/Cellerator/compiler/composition;include/Cellerator/compiler/composition/deliver_the_profile_to_portable_ruleset_slice_v1.hh;include/Cellerator/compiler/program;include/Cellerator/compiler/program/deliver_the_profile_to_portable_ruleset_slice_v1.hh;src/compiler/composition;src/compiler/composition/deliver_the_profile_to_portable_ruleset_slice.cc;src/compiler/program;tests/compiler/e03/deliver_the_profile_to_portable_ruleset_slice_test.cc;tests/compiler/program_planning,components/CellShard/include/CellShard/compiler/basis;components/CellShard/include/CellShard/compiler/composition;components/CellShard/include/CellShard/compiler/graph;components/CellShard/src/compiler;planning/jbc-preledger-v1,.gitmodules;CMakeLists.txt;bench/CMakeLists.txt;cmake/compiler/CelleratorCompilerTargets.cmake;cmake/package/CelleratorConfig.cmake.in;cmake/package/CelleratorConfigVersion.cmake.in;include/Cellerator/Cellerator.hh;include/Cellerator/compiler.hh;src/CMakeLists.txt;tests/CMakeLists.txt;tools/CMakeLists.txt,,"Inspect the cited read scope, implement deliver the profile-to-portable-ruleset slice in the isolated E03 lane, add the focused ce_ccp1_e03_017 gate, and publish a source-linked receipt."
CE-CCP1-E03-018,CE-CCP1-E03-000,validation_task,Freeze Cellerator-owned global compiler migration,planned,833,serial_in_lane,e03;compiler-program_planning;leaf,3,1,1,2,include/Cellerator/compiler/composition;include/Cellerator/compiler/composition/freeze_cellerator_owned_global_compiler_migration_v1.hh;include/Cellerator/compiler/program;include/Cellerator/compiler/program/freeze_cellerator_owned_global_compiler_migration_v1.hh;src/compiler/composition;src/compiler/composition/freeze_cellerator_owned_global_compiler_migration.cc;src/compiler/program;tests/compiler/e03/freeze_cellerator_owned_global_compiler_migration_test.cc;tests/compiler/program_planning,components/CellShard/include/CellShard/compiler/basis;components/CellShard/include/CellShard/compiler/composition;components/CellShard/include/CellShard/compiler/graph;components/CellShard/src/compiler;planning/jbc-preledger-v1,.gitmodules;CMakeLists.txt;bench/CMakeLists.txt;cmake/compiler/CelleratorCompilerTargets.cmake;cmake/package/CelleratorConfig.cmake.in;cmake/package/CelleratorConfigVersion.cmake.in;include/Cellerator/Cellerator.hh;include/Cellerator/compiler.hh;src/CMakeLists.txt;tests/CMakeLists.txt;tools/CMakeLists.txt,,"Inspect the cited read scope, implement freeze cellerator-owned global compiler migration in the isolated E03 lane, add the focused ce_ccp1_e03_018 gate, and publish a source-linked receipt."
CE-CCP1-E04-000,CE-CCP1-P40,workstream,"Decomposition, candidate catalogs, complete costs, and planner integration",planned,882,serial_lane,workstream;e04;compiler-planning,1,0,0,0,include/Cellerator/compiler/planning;src/compiler/planning;tests/compiler/planning,include/Cellerator/geometry/compiler/v2;include/Cellerator/geometry/optimizer;include/Cellerator/compute/decomposition;include/Cellerator/compute/operation/candidate_catalog_v3;include/Cellerator/planner;include/Cellerator/execution/joint_compiler,CMakeLists.txt;src/CMakeLists.txt;tools/CMakeLists.txt;tests/CMakeLists.txt;bench/CMakeLists.txt;include/Cellerator/Cellerator.hh;include/Cellerator/compiler.hh;.gitmodules;cmake/package/CelleratorConfig.cmake.in;cmake/package/CelleratorConfigVersion.cmake.in;cmake/compiler/CelleratorCompilerTargets.cmake,,Claim E04-001 after milestone prerequisites are reached.
CE-CCP1-E04-001,CE-CCP1-E04-000,task,Adapt semantic geometry acquisition to Planning IR,planned,832,serial_in_lane,e04;compiler-planning;leaf,1,0,1,0,include/Cellerator/compiler/planning;include/Cellerator/compiler/planning/adapt_semantic_geometry_acquisition_to_planning_ir_v1.hh;src/compiler/planning;src/compiler/planning/adapt_semantic_geometry_acquisition_to_planning_ir.cc;tests/compiler/planning;tests/compiler/planning/adapt_semantic_geometry_acquisition_to_planning_ir_test.cc,include/Cellerator/compute/decomposition;include/Cellerator/compute/operation/candidate_catalog_v3;include/Cellerator/execution/joint_compiler;include/Cellerator/geometry/compiler/v2;include/Cellerator/geometry/optimizer;include/Cellerator/planner,.gitmodules;CMakeLists.txt;bench/CMakeLists.txt;cmake/compiler/CelleratorCompilerTargets.cmake;cmake/package/CelleratorConfig.cmake.in;cmake/package/CelleratorConfigVersion.cmake.in;include/Cellerator/Cellerator.hh;include/Cellerator/compiler.hh;src/CMakeLists.txt;tests/CMakeLists.txt;tools/CMakeLists.txt,,"Inspect the cited read scope, implement adapt semantic geometry acquisition to planning ir in the isolated E04 lane, add the focused ce_ccp1_e04_001 gate, and publish a source-linked receipt."
CE-CCP1-E04-002,CE-CCP1-E04-000,task,Adapt decomposition portfolios to Planning IR,planned,832,serial_in_lane,e04;compiler-planning;leaf,1,0,1,0,include/Cellerator/compiler/planning;include/Cellerator/compiler/planning/adapt_decomposition_portfolios_to_planning_ir_v1.hh;src/compiler/planning;src/compiler/planning/adapt_decomposition_portfolios_to_planning_ir.cc;tests/compiler/planning;tests/compiler/planning/adapt_decomposition_portfolios_to_planning_ir_test.cc,include/Cellerator/compute/decomposition;include/Cellerator/compute/operation/candidate_catalog_v3;include/Cellerator/execution/joint_compiler;include/Cellerator/geometry/compiler/v2;include/Cellerator/geometry/optimizer;include/Cellerator/planner,.gitmodules;CMakeLists.txt;bench/CMakeLists.txt;cmake/compiler/CelleratorCompilerTargets.cmake;cmake/package/CelleratorConfig.cmake.in;cmake/package/CelleratorConfigVersion.cmake.in;include/Cellerator/Cellerator.hh;include/Cellerator/compiler.hh;src/CMakeLists.txt;tests/CMakeLists.txt;tools/CMakeLists.txt,,"Inspect the cited read scope, implement adapt decomposition portfolios to planning ir in the isolated E04 lane, add the focused ce_ccp1_e04_002 gate, and publish a source-linked receipt."
CE-CCP1-E04-003,CE-CCP1-E04-000,task,"Represent split axes, fragments, halos, and replicas",planned,832,serial_in_lane,e04;compiler-planning;leaf,1,0,1,0,include/Cellerator/compiler/planning;include/Cellerator/compiler/planning/represent_split_axes_fragments_halos_and_replicas_v1.hh;src/compiler/planning;src/compiler/planning/represent_split_axes_fragments_halos_and_replicas.cc;tests/compiler/planning;tests/compiler/planning/represent_split_axes_fragments_halos_and_replicas_test.cc,include/Cellerator/compute/decomposition;include/Cellerator/compute/operation/candidate_catalog_v3;include/Cellerator/execution/joint_compiler;include/Cellerator/geometry/compiler/v2;include/Cellerator/geometry/optimizer;include/Cellerator/planner,.gitmodules;CMakeLists.txt;bench/CMakeLists.txt;cmake/compiler/CelleratorCompilerTargets.cmake;cmake/package/CelleratorConfig.cmake.in;cmake/package/CelleratorConfigVersion.cmake.in;include/Cellerator/Cellerator.hh;include/Cellerator/compiler.hh;src/CMakeLists.txt;tests/CMakeLists.txt;tools/CMakeLists.txt,,"Inspect the cited read scope, implement represent split axes, fragments, halos, and replicas in the isolated E04 lane, add the focused ce_ccp1_e04_003 gate, and publish a source-linked receipt."
CE-CCP1-E04-004,CE-CCP1-E04-000,task,Represent partial-result trees and algebra selection,planned,832,serial_in_lane,e04;compiler-planning;leaf,1,0,1,0,include/Cellerator/compiler/planning;include/Cellerator/compiler/planning/represent_partial_result_trees_and_algebra_selection_v1.hh;src/compiler/planning;src/compiler/planning/represent_partial_result_trees_and_algebra_selection.cc;tests/compiler/planning;tests/compiler/planning/represent_partial_result_trees_and_algebra_selection_test.cc,include/Cellerator/compute/decomposition;include/Cellerator/compute/operation/candidate_catalog_v3;include/Cellerator/execution/joint_compiler;include/Cellerator/geometry/compiler/v2;include/Cellerator/geometry/optimizer;include/Cellerator/planner,.gitmodules;CMakeLists.txt;bench/CMakeLists.txt;cmake/compiler/CelleratorCompilerTargets.cmake;cmake/package/CelleratorConfig.cmake.in;cmake/package/CelleratorConfigVersion.cmake.in;include/Cellerator/Cellerator.hh;include/Cellerator/compiler.hh;src/CMakeLists.txt;tests/CMakeLists.txt;tools/CMakeLists.txt,,"Inspect the cited read scope, implement represent partial-result trees and algebra selection in the isolated E04 lane, add the focused ce_ccp1_e04_004 gate, and publish a source-linked receipt."
CE-CCP1-E04-005,CE-CCP1-E04-000,task,Adapt multi-extent direct binding and assembly fallback,planned,832,serial_in_lane,e04;compiler-planning;leaf,1,0,1,0,include/Cellerator/compiler/planning;include/Cellerator/compiler/planning/adapt_multi_extent_direct_binding_and_assembly_fallback_v1.hh;src/compiler/planning;src/compiler/planning/adapt_multi_extent_direct_binding_and_assembly_fallback.cc;tests/compiler/planning;tests/compiler/planning/adapt_multi_extent_direct_binding_and_assembly_fallback_test.cc,include/Cellerator/compute/decomposition;include/Cellerator/compute/operation/candidate_catalog_v3;include/Cellerator/execution/joint_compiler;include/Cellerator/geometry/compiler/v2;include/Cellerator/geometry/optimizer;include/Cellerator/planner,.gitmodules;CMakeLists.txt;bench/CMakeLists.txt;cmake/compiler/CelleratorCompilerTargets.cmake;cmake/package/CelleratorConfig.cmake.in;cmake/package/CelleratorConfigVersion.cmake.in;include/Cellerator/Cellerator.hh;include/Cellerator/compiler.hh;src/CMakeLists.txt;tests/CMakeLists.txt;tools/CMakeLists.txt,,"Inspect the cited read scope, implement adapt multi-extent direct binding and assembly fallback in the isolated E04 lane, add the focused ce_ccp1_e04_005 gate, and publish a source-linked receipt."
CE-CCP1-E04-006,CE-CCP1-E04-000,task,Adapt candidate catalog v3 providers,planned,832,serial_in_lane,e04;compiler-planning;leaf,1,0,1,0,include/Cellerator/compiler/planning;include/Cellerator/compiler/planning/adapt_candidate_catalog_v3_providers_v1.hh;src/compiler/planning;src/compiler/planning/adapt_candidate_catalog_v3_providers.cc;tests/compiler/planning;tests/compiler/planning/adapt_candidate_catalog_v3_providers_test.cc,include/Cellerator/compute/decomposition;include/Cellerator/compute/operation/candidate_catalog_v3;include/Cellerator/execution/joint_compiler;include/Cellerator/geometry/compiler/v2;include/Cellerator/geometry/optimizer;include/Cellerator/planner,.gitmodules;CMakeLists.txt;bench/CMakeLists.txt;cmake/compiler/CelleratorCompilerTargets.cmake;cmake/package/CelleratorConfig.cmake.in;cmake/package/CelleratorConfigVersion.cmake.in;include/Cellerator/Cellerator.hh;include/Cellerator/compiler.hh;src/CMakeLists.txt;tests/CMakeLists.txt;tools/CMakeLists.txt,,"Inspect the cited read scope, implement adapt candidate catalog v3 providers in the isolated E04 lane, add the focused ce_ccp1_e04_006 gate, and publish a source-linked receipt."
CE-CCP1-E04-007,CE-CCP1-E04-000,task,Implement custom candidate registration,planned,832,serial_in_lane,e04;compiler-planning;leaf,1,0,1,0,include/Cellerator/compiler/planning;include/Cellerator/compiler/planning/implement_custom_candidate_registration_v1.hh;src/compiler/planning;src/compiler/planning/implement_custom_candidate_registration.cc;tests/compiler/planning;tests/compiler/planning/implement_custom_candidate_registration_test.cc,include/Cellerator/compute/decomposition;include/Cellerator/compute/operation/candidate_catalog_v3;include/Cellerator/execution/joint_compiler;include/Cellerator/geometry/compiler/v2;include/Cellerator/geometry/optimizer;include/Cellerator/planner,.gitmodules;CMakeLists.txt;bench/CMakeLists.txt;cmake/compiler/CelleratorCompilerTargets.cmake;cmake/package/CelleratorConfig.cmake.in;cmake/package/CelleratorConfigVersion.cmake.in;include/Cellerator/Cellerator.hh;include/Cellerator/compiler.hh;src/CMakeLists.txt;tests/CMakeLists.txt;tools/CMakeLists.txt,,"Inspect the cited read scope, implement implement custom candidate registration in the isolated E04 lane, add the focused ce_ccp1_e04_007 gate, and publish a source-linked receipt."
CE-CCP1-E04-008,CE-CCP1-E04-000,task,"Implement candidate inclusion, exclusion, and forcing",planned,832,serial_in_lane,e04;compiler-planning;leaf,1,0,1,0,include/Cellerator/compiler/planning;include/Cellerator/compiler/planning/implement_candidate_inclusion_exclusion_and_forcing_v1.hh;src/compiler/planning;src/compiler/planning/implement_candidate_inclusion_exclusion_and_forcing.cc;tests/compiler/planning;tests/compiler/planning/implement_candidate_inclusion_exclusion_and_forcing_test.cc,include/Cellerator/compute/decomposition;include/Cellerator/compute/operation/candidate_catalog_v3;include/Cellerator/execution/joint_compiler;include/Cellerator/geometry/compiler/v2;include/Cellerator/geometry/optimizer;include/Cellerator/planner,.gitmodules;CMakeLists.txt;bench/CMakeLists.txt;cmake/compiler/CelleratorCompilerTargets.cmake;cmake/package/CelleratorConfig.cmake.in;cmake/package/CelleratorConfigVersion.cmake.in;include/Cellerator/Cellerator.hh;include/Cellerator/compiler.hh;src/CMakeLists.txt;tests/CMakeLists.txt;tools/CMakeLists.txt,,"Inspect the cited read scope, implement implement candidate inclusion, exclusion, and forcing in the isolated E04 lane, add the focused ce_ccp1_e04_008 gate, and publish a source-linked receipt."
CE-CCP1-E04-009,CE-CCP1-E04-000,task,Adapt external global cost exchange,planned,832,serial_in_lane,e04;compiler-planning;leaf,1,0,1,0,include/Cellerator/compiler/planning;include/Cellerator/compiler/planning/adapt_external_global_cost_exchange_v1.hh;src/compiler/planning;src/compiler/planning/adapt_external_global_cost_exchange.cc;tests/compiler/planning;tests/compiler/planning/adapt_external_global_cost_exchange_test.cc,include/Cellerator/compute/decomposition;include/Cellerator/compute/operation/candidate_catalog_v3;include/Cellerator/execution/joint_compiler;include/Cellerator/geometry/compiler/v2;include/Cellerator/geometry/optimizer;include/Cellerator/planner,.gitmodules;CMakeLists.txt;bench/CMakeLists.txt;cmake/compiler/CelleratorCompilerTargets.cmake;cmake/package/CelleratorConfig.cmake.in;cmake/package/CelleratorConfigVersion.cmake.in;include/Cellerator/Cellerator.hh;include/Cellerator/compiler.hh;src/CMakeLists.txt;tests/CMakeLists.txt;tools/CMakeLists.txt,,"Inspect the cited read scope, implement adapt external global cost exchange in the isolated E04 lane, add the focused ce_ccp1_e04_009 gate, and publish a source-linked receipt."
CE-CCP1-E04-010,CE-CCP1-E04-000,task,Implement complete-cost normalization,planned,832,serial_in_lane,e04;compiler-planning;leaf,1,0,1,0,include/Cellerator/compiler/planning;include/Cellerator/compiler/planning/implement_complete_cost_normalization_v1.hh;src/compiler/planning;src/compiler/planning/implement_complete_cost_normalization.cc;tests/compiler/planning;tests/compiler/planning/implement_complete_cost_normalization_test.cc,include/Cellerator/compute/decomposition;include/Cellerator/compute/operation/candidate_catalog_v3;include/Cellerator/execution/joint_compiler;include/Cellerator/geometry/compiler/v2;include/Cellerator/geometry/optimizer;include/Cellerator/planner,.gitmodules;CMakeLists.txt;bench/CMakeLists.txt;cmake/compiler/CelleratorCompilerTargets.cmake;cmake/package/CelleratorConfig.cmake.in;cmake/package/CelleratorConfigVersion.cmake.in;include/Cellerator/Cellerator.hh;include/Cellerator/compiler.hh;src/CMakeLists.txt;tests/CMakeLists.txt;tools/CMakeLists.txt,,"Inspect the cited read scope, implement implement complete-cost normalization in the isolated E04 lane, add the focused ce_ccp1_e04_010 gate, and publish a source-linked receipt."
CE-CCP1-E04-011,CE-CCP1-E04-000,task,Adapt transition and connected-operation costs,planned,832,serial_in_lane,e04;compiler-planning;leaf,1,0,1,0,include/Cellerator/compiler/planning;include/Cellerator/compiler/planning/adapt_transition_and_connected_operation_costs_v1.hh;src/compiler/planning;src/compiler/planning/adapt_transition_and_connected_operation_costs.cc;tests/compiler/planning;tests/compiler/planning/adapt_transition_and_connected_operation_costs_test.cc,include/Cellerator/compute/decomposition;include/Cellerator/compute/operation/candidate_catalog_v3;include/Cellerator/execution/joint_compiler;include/Cellerator/geometry/compiler/v2;include/Cellerator/geometry/optimizer;include/Cellerator/planner,.gitmodules;CMakeLists.txt;bench/CMakeLists.txt;cmake/compiler/CelleratorCompilerTargets.cmake;cmake/package/CelleratorConfig.cmake.in;cmake/package/CelleratorConfigVersion.cmake.in;include/Cellerator/Cellerator.hh;include/Cellerator/compiler.hh;src/CMakeLists.txt;tests/CMakeLists.txt;tools/CMakeLists.txt,,"Inspect the cited read scope, implement adapt transition and connected-operation costs in the isolated E04 lane, add the focused ce_ccp1_e04_011 gate, and publish a source-linked receipt."
CE-CCP1-E04-012,CE-CCP1-E04-000,task,Implement planner portfolio dispatch,planned,832,serial_in_lane,e04;compiler-planning;leaf,1,0,1,0,include/Cellerator/compiler/planning;include/Cellerator/compiler/planning/implement_planner_portfolio_dispatch_v1.hh;src/compiler/planning;src/compiler/planning/implement_planner_portfolio_dispatch.cc;tests/compiler/planning;tests/compiler/planning/implement_planner_portfolio_dispatch_test.cc,include/Cellerator/compute/decomposition;include/Cellerator/compute/operation/candidate_catalog_v3;include/Cellerator/execution/joint_compiler;include/Cellerator/geometry/compiler/v2;include/Cellerator/geometry/optimizer;include/Cellerator/planner,.gitmodules;CMakeLists.txt;bench/CMakeLists.txt;cmake/compiler/CelleratorCompilerTargets.cmake;cmake/package/CelleratorConfig.cmake.in;cmake/package/CelleratorConfigVersion.cmake.in;include/Cellerator/Cellerator.hh;include/Cellerator/compiler.hh;src/CMakeLists.txt;tests/CMakeLists.txt;tools/CMakeLists.txt,,"Inspect the cited read scope, implement implement planner portfolio dispatch in the isolated E04 lane, add the focused ce_ccp1_e04_012 gate, and publish a source-linked receipt."
CE-CCP1-E04-013,CE-CCP1-E04-000,task,Implement profile-family plan variants,planned,832,serial_in_lane,e04;compiler-planning;leaf,1,0,1,0,include/Cellerator/compiler/planning;include/Cellerator/compiler/planning/implement_profile_family_plan_variants_v1.hh;src/compiler/planning;src/compiler/planning/implement_profile_family_plan_variants.cc;tests/compiler/planning;tests/compiler/planning/implement_profile_family_plan_variants_test.cc,include/Cellerator/compute/decomposition;include/Cellerator/compute/operation/candidate_catalog_v3;include/Cellerator/execution/joint_compiler;include/Cellerator/geometry/compiler/v2;include/Cellerator/geometry/optimizer;include/Cellerator/planner,.gitmodules;CMakeLists.txt;bench/CMakeLists.txt;cmake/compiler/CelleratorCompilerTargets.cmake;cmake/package/CelleratorConfig.cmake.in;cmake/package/CelleratorConfigVersion.cmake.in;include/Cellerator/Cellerator.hh;include/Cellerator/compiler.hh;src/CMakeLists.txt;tests/CMakeLists.txt;tools/CMakeLists.txt,,"Inspect the cited read scope, implement implement profile-family plan variants in the isolated E04 lane, add the focused ce_ccp1_e04_013 gate, and publish a source-linked receipt."
CE-CCP1-E04-014,CE-CCP1-E04-000,task,Implement planning cache and invalidation,planned,832,serial_in_lane,e04;compiler-planning;leaf,1,0,1,0,include/Cellerator/compiler/planning;include/Cellerator/compiler/planning/implement_planning_cache_and_invalidation_v1.hh;src/compiler/planning;src/compiler/planning/implement_planning_cache_and_invalidation.cc;tests/compiler/planning;tests/compiler/planning/implement_planning_cache_and_invalidation_test.cc,include/Cellerator/compute/decomposition;include/Cellerator/compute/operation/candidate_catalog_v3;include/Cellerator/execution/joint_compiler;include/Cellerator/geometry/compiler/v2;include/Cellerator/geometry/optimizer;include/Cellerator/planner,.gitmodules;CMakeLists.txt;bench/CMakeLists.txt;cmake/compiler/CelleratorCompilerTargets.cmake;cmake/package/CelleratorConfig.cmake.in;cmake/package/CelleratorConfigVersion.cmake.in;include/Cellerator/Cellerator.hh;include/Cellerator/compiler.hh;src/CMakeLists.txt;tests/CMakeLists.txt;tools/CMakeLists.txt,,"Inspect the cited read scope, implement implement planning cache and invalidation in the isolated E04 lane, add the focused ce_ccp1_e04_014 gate, and publish a source-linked receipt."
CE-CCP1-E04-015,CE-CCP1-E04-000,task,Expose complete planning reports,planned,832,serial_in_lane,e04;compiler-planning;leaf,1,0,1,0,include/Cellerator/compiler/planning;include/Cellerator/compiler/planning/expose_complete_planning_reports_v1.hh;src/compiler/planning;src/compiler/planning/expose_complete_planning_reports.cc;tests/compiler/planning;tests/compiler/planning/expose_complete_planning_reports_test.cc,include/Cellerator/compute/decomposition;include/Cellerator/compute/operation/candidate_catalog_v3;include/Cellerator/execution/joint_compiler;include/Cellerator/geometry/compiler/v2;include/Cellerator/geometry/optimizer;include/Cellerator/planner,.gitmodules;CMakeLists.txt;bench/CMakeLists.txt;cmake/compiler/CelleratorCompilerTargets.cmake;cmake/package/CelleratorConfig.cmake.in;cmake/package/CelleratorConfigVersion.cmake.in;include/Cellerator/Cellerator.hh;include/Cellerator/compiler.hh;src/CMakeLists.txt;tests/CMakeLists.txt;tools/CMakeLists.txt,,"Inspect the cited read scope, implement expose complete planning reports in the isolated E04 lane, add the focused ce_ccp1_e04_015 gate, and publish a source-linked receipt."
CE-CCP1-E04-016,CE-CCP1-E04-000,validation_task,Benchmark planning scalability and boundedness,planned,832,serial_in_lane,e04;compiler-planning;leaf,1,0,1,0,include/Cellerator/compiler/planning;include/Cellerator/compiler/planning/benchmark_planning_scalability_and_boundedness_v1.hh;src/compiler/planning;src/compiler/planning/benchmark_planning_scalability_and_boundedness.cc;tests/compiler/planning;tests/compiler/planning/benchmark_planning_scalability_and_boundedness_test.cc,include/Cellerator/compute/decomposition;include/Cellerator/compute/operation/candidate_catalog_v3;include/Cellerator/execution/joint_compiler;include/Cellerator/geometry/compiler/v2;include/Cellerator/geometry/optimizer;include/Cellerator/planner,.gitmodules;CMakeLists.txt;bench/CMakeLists.txt;cmake/compiler/CelleratorCompilerTargets.cmake;cmake/package/CelleratorConfig.cmake.in;cmake/package/CelleratorConfigVersion.cmake.in;include/Cellerator/Cellerator.hh;include/Cellerator/compiler.hh;src/CMakeLists.txt;tests/CMakeLists.txt;tools/CMakeLists.txt,,"Inspect the cited read scope, implement benchmark planning scalability and boundedness in the isolated E04 lane, add the focused ce_ccp1_e04_016 gate, and publish a source-linked receipt."
CE-CCP1-E04-017,CE-CCP1-E04-000,validation_task,Deliver source-to-selected-plan vertical slice,planned,832,serial_in_lane,e04;compiler-planning;leaf,1,0,1,0,include/Cellerator/compiler/planning;include/Cellerator/compiler/planning/deliver_source_to_selected_plan_vertical_slice_v1.hh;src/compiler/planning;src/compiler/planning/deliver_source_to_selected_plan_vertical_slice.cc;tests/compiler/planning;tests/compiler/planning/deliver_source_to_selected_plan_vertical_slice_test.cc,include/Cellerator/compute/decomposition;include/Cellerator/compute/operation/candidate_catalog_v3;include/Cellerator/execution/joint_compiler;include/Cellerator/geometry/compiler/v2;include/Cellerator/geometry/optimizer;include/Cellerator/planner,.gitmodules;CMakeLists.txt;bench/CMakeLists.txt;cmake/compiler/CelleratorCompilerTargets.cmake;cmake/package/CelleratorConfig.cmake.in;cmake/package/CelleratorConfigVersion.cmake.in;include/Cellerator/Cellerator.hh;include/Cellerator/compiler.hh;src/CMakeLists.txt;tests/CMakeLists.txt;tools/CMakeLists.txt,,"Inspect the cited read scope, implement deliver source-to-selected-plan vertical slice in the isolated E04 lane, add the focused ce_ccp1_e04_017 gate, and publish a source-linked receipt."
CE-CCP1-E04-018,CE-CCP1-E04-000,validation_task,Freeze the public planning compiler interface,planned,832,serial_in_lane,e04;compiler-planning;leaf,4,1,1,4,include/Cellerator/compiler/planning;include/Cellerator/compiler/planning/freeze_the_public_planning_compiler_interface_v1.hh;src/compiler/planning;src/compiler/planning/freeze_the_public_planning_compiler_interface.cc;tests/compiler/planning;tests/compiler/planning/freeze_the_public_planning_compiler_interface_test.cc,include/Cellerator/compute/decomposition;include/Cellerator/compute/operation/candidate_catalog_v3;include/Cellerator/execution/joint_compiler;include/Cellerator/geometry/compiler/v2;include/Cellerator/geometry/optimizer;include/Cellerator/planner,.gitmodules;CMakeLists.txt;bench/CMakeLists.txt;cmake/compiler/CelleratorCompilerTargets.cmake;cmake/package/CelleratorConfig.cmake.in;cmake/package/CelleratorConfigVersion.cmake.in;include/Cellerator/Cellerator.hh;include/Cellerator/compiler.hh;src/CMakeLists.txt;tests/CMakeLists.txt;tools/CMakeLists.txt,,"Inspect the cited read scope, implement freeze the public planning compiler interface in the isolated E04 lane, add the focused ce_ccp1_e04_018 gate, and publish a source-linked receipt."
CE-CCP1-F01-000,CE-CCP1-P50,workstream,"Realization IR, physical objects, stage graphs, and readiness",planned,881,serial_lane,workstream;f01;compiler-ir-realization,1,0,0,0,include/Cellerator/compiler/ir/realization;src/compiler/ir/realization;tests/compiler/realization_ir,include/Cellerator/geometry/persistence/execution_image_v2.hh;include/Cellerator/execution/program;include/Cellerator/execution/training_program_v2;include/Cellerator/execution/lowering_resumption;include/Cellerator/execution/object_binding,CMakeLists.txt;src/CMakeLists.txt;tools/CMakeLists.txt;tests/CMakeLists.txt;bench/CMakeLists.txt;include/Cellerator/Cellerator.hh;include/Cellerator/compiler.hh;.gitmodules;cmake/package/CelleratorConfig.cmake.in;cmake/package/CelleratorConfigVersion.cmake.in;cmake/compiler/CelleratorCompilerTargets.cmake,,Claim F01-001 after milestone prerequisites are reached.
CE-CCP1-F01-001,CE-CCP1-F01-000,validation_task,Freeze Realization IR module and target scopes,planned,831,serial_in_lane,f01;compiler-ir-realization;leaf,1,0,1,0,include/Cellerator/compiler/ir/realization;include/Cellerator/compiler/ir/realization/freeze_realization_ir_module_and_target_scopes_v1.hh;src/compiler/ir/realization;src/compiler/ir/realization/freeze_realization_ir_module_and_target_scopes.cc;tests/compiler/realization_ir;tests/compiler/realization_ir/freeze_realization_ir_module_and_target_scopes_test.cc,include/Cellerator/execution/lowering_resumption;include/Cellerator/execution/object_binding;include/Cellerator/execution/program;include/Cellerator/execution/training_program_v2;include/Cellerator/geometry/persistence/execution_image_v2.hh,.gitmodules;CMakeLists.txt;bench/CMakeLists.txt;cmake/compiler/CelleratorCompilerTargets.cmake;cmake/package/CelleratorConfig.cmake.in;cmake/package/CelleratorConfigVersion.cmake.in;include/Cellerator/Cellerator.hh;include/Cellerator/compiler.hh;src/CMakeLists.txt;tests/CMakeLists.txt;tools/CMakeLists.txt,,"Inspect the cited read scope, implement freeze realization ir module and target scopes in the isolated F01 lane, add the focused ce_ccp1_f01_001 gate, and publish a source-linked receipt."
CE-CCP1-F01-002,CE-CCP1-F01-000,task,Implement target and capability descriptions,planned,831,serial_in_lane,f01;compiler-ir-realization;leaf,1,0,1,0,include/Cellerator/compiler/ir/realization;include/Cellerator/compiler/ir/realization/implement_target_and_capability_descriptions_v1.hh;src/compiler/ir/realization;src/compiler/ir/realization/implement_target_and_capability_descriptions.cc;tests/compiler/realization_ir;tests/compiler/realization_ir/implement_target_and_capability_descriptions_test.cc,include/Cellerator/execution/lowering_resumption;include/Cellerator/execution/object_binding;include/Cellerator/execution/program;include/Cellerator/execution/training_program_v2;include/Cellerator/geometry/persistence/execution_image_v2.hh,.gitmodules;CMakeLists.txt;bench/CMakeLists.txt;cmake/compiler/CelleratorCompilerTargets.cmake;cmake/package/CelleratorConfig.cmake.in;cmake/package/CelleratorConfigVersion.cmake.in;include/Cellerator/Cellerator.hh;include/Cellerator/compiler.hh;src/CMakeLists.txt;tests/CMakeLists.txt;tools/CMakeLists.txt,,"Inspect the cited read scope, implement implement target and capability descriptions in the isolated F01 lane, add the focused ce_ccp1_f01_002 gate, and publish a source-linked receipt."
CE-CCP1-F01-003,CE-CCP1-F01-000,task,Commit selected exact cover and contribution ownership,planned,831,serial_in_lane,f01;compiler-ir-realization;leaf,1,0,1,0,include/Cellerator/compiler/ir/realization;include/Cellerator/compiler/ir/realization/commit_selected_exact_cover_and_contribution_ownership_v1.hh;src/compiler/ir/realization;src/compiler/ir/realization/commit_selected_exact_cover_and_contribution_ownership.cc;tests/compiler/realization_ir;tests/compiler/realization_ir/commit_selected_exact_cover_and_contribution_ownership_test.cc,include/Cellerator/execution/lowering_resumption;include/Cellerator/execution/object_binding;include/Cellerator/execution/program;include/Cellerator/execution/training_program_v2;include/Cellerator/geometry/persistence/execution_image_v2.hh,.gitmodules;CMakeLists.txt;bench/CMakeLists.txt;cmake/compiler/CelleratorCompilerTargets.cmake;cmake/package/CelleratorConfig.cmake.in;cmake/package/CelleratorConfigVersion.cmake.in;include/Cellerator/Cellerator.hh;include/Cellerator/compiler.hh;src/CMakeLists.txt;tests/CMakeLists.txt;tools/CMakeLists.txt,,"Inspect the cited read scope, implement commit selected exact cover and contribution ownership in the isolated F01 lane, add the focused ce_ccp1_f01_003 gate, and publish a source-linked receipt."
CE-CCP1-F01-004,CE-CCP1-F01-000,task,Implement atom and extent bindings,planned,831,serial_in_lane,f01;compiler-ir-realization;leaf,1,0,1,0,include/Cellerator/compiler/ir/realization;include/Cellerator/compiler/ir/realization/implement_atom_and_extent_bindings_v1.hh;src/compiler/ir/realization;src/compiler/ir/realization/implement_atom_and_extent_bindings.cc;tests/compiler/realization_ir;tests/compiler/realization_ir/implement_atom_and_extent_bindings_test.cc,include/Cellerator/execution/lowering_resumption;include/Cellerator/execution/object_binding;include/Cellerator/execution/program;include/Cellerator/execution/training_program_v2;include/Cellerator/geometry/persistence/execution_image_v2.hh,.gitmodules;CMakeLists.txt;bench/CMakeLists.txt;cmake/compiler/CelleratorCompilerTargets.cmake;cmake/package/CelleratorConfig.cmake.in;cmake/package/CelleratorConfigVersion.cmake.in;include/Cellerator/Cellerator.hh;include/Cellerator/compiler.hh;src/CMakeLists.txt;tests/CMakeLists.txt;tools/CMakeLists.txt,,"Inspect the cited read scope, implement implement atom and extent bindings in the isolated F01 lane, add the focused ce_ccp1_f01_004 gate, and publish a source-linked receipt."
CE-CCP1-F01-005,CE-CCP1-F01-000,task,Implement physical plane representation,planned,831,serial_in_lane,f01;compiler-ir-realization;leaf,1,0,1,0,include/Cellerator/compiler/ir/realization;include/Cellerator/compiler/ir/realization/implement_physical_plane_representation_v1.hh;src/compiler/ir/realization;src/compiler/ir/realization/implement_physical_plane_representation.cc;tests/compiler/realization_ir;tests/compiler/realization_ir/implement_physical_plane_representation_test.cc,include/Cellerator/execution/lowering_resumption;include/Cellerator/execution/object_binding;include/Cellerator/execution/program;include/Cellerator/execution/training_program_v2;include/Cellerator/geometry/persistence/execution_image_v2.hh,.gitmodules;CMakeLists.txt;bench/CMakeLists.txt;cmake/compiler/CelleratorCompilerTargets.cmake;cmake/package/CelleratorConfig.cmake.in;cmake/package/CelleratorConfigVersion.cmake.in;include/Cellerator/Cellerator.hh;include/Cellerator/compiler.hh;src/CMakeLists.txt;tests/CMakeLists.txt;tools/CMakeLists.txt,,"Inspect the cited read scope, implement implement physical plane representation in the isolated F01 lane, add the focused ce_ccp1_f01_005 gate, and publish a source-linked receipt."
CE-CCP1-F01-006,CE-CCP1-F01-000,task,Implement projection contracts,planned,831,serial_in_lane,f01;compiler-ir-realization;leaf,1,0,1,0,include/Cellerator/compiler/ir/realization;include/Cellerator/compiler/ir/realization/implement_projection_contracts_v1.hh;src/compiler/ir/realization;src/compiler/ir/realization/implement_projection_contracts.cc;tests/compiler/realization_ir;tests/compiler/realization_ir/implement_projection_contracts_test.cc,include/Cellerator/execution/lowering_resumption;include/Cellerator/execution/object_binding;include/Cellerator/execution/program;include/Cellerator/execution/training_program_v2;include/Cellerator/geometry/persistence/execution_image_v2.hh,.gitmodules;CMakeLists.txt;bench/CMakeLists.txt;cmake/compiler/CelleratorCompilerTargets.cmake;cmake/package/CelleratorConfig.cmake.in;cmake/package/CelleratorConfigVersion.cmake.in;include/Cellerator/Cellerator.hh;include/Cellerator/compiler.hh;src/CMakeLists.txt;tests/CMakeLists.txt;tools/CMakeLists.txt,,"Inspect the cited read scope, implement implement projection contracts in the isolated F01 lane, add the focused ce_ccp1_f01_006 gate, and publish a source-linked receipt."
CE-CCP1-F01-007,CE-CCP1-F01-000,task,Implement packed operands and invalidation,planned,831,serial_in_lane,f01;compiler-ir-realization;leaf,1,0,1,0,include/Cellerator/compiler/ir/realization;include/Cellerator/compiler/ir/realization/implement_packed_operands_and_invalidation_v1.hh;src/compiler/ir/realization;src/compiler/ir/realization/implement_packed_operands_and_invalidation.cc;tests/compiler/realization_ir;tests/compiler/realization_ir/implement_packed_operands_and_invalidation_test.cc,include/Cellerator/execution/lowering_resumption;include/Cellerator/execution/object_binding;include/Cellerator/execution/program;include/Cellerator/execution/training_program_v2;include/Cellerator/geometry/persistence/execution_image_v2.hh,.gitmodules;CMakeLists.txt;bench/CMakeLists.txt;cmake/compiler/CelleratorCompilerTargets.cmake;cmake/package/CelleratorConfig.cmake.in;cmake/package/CelleratorConfigVersion.cmake.in;include/Cellerator/Cellerator.hh;include/Cellerator/compiler.hh;src/CMakeLists.txt;tests/CMakeLists.txt;tools/CMakeLists.txt,,"Inspect the cited read scope, implement implement packed operands and invalidation in the isolated F01 lane, add the focused ce_ccp1_f01_007 gate, and publish a source-linked receipt."
CE-CCP1-F01-008,CE-CCP1-F01-000,task,Implement order transforms and persistent physical order,planned,831,serial_in_lane,f01;compiler-ir-realization;leaf,1,0,1,0,include/Cellerator/compiler/ir/realization;include/Cellerator/compiler/ir/realization/implement_order_transforms_and_persistent_physical_order_v1.hh;src/compiler/ir/realization;src/compiler/ir/realization/implement_order_transforms_and_persistent_physical_order.cc;tests/compiler/realization_ir;tests/compiler/realization_ir/implement_order_transforms_and_persistent_physical_order_test.cc,include/Cellerator/execution/lowering_resumption;include/Cellerator/execution/object_binding;include/Cellerator/execution/program;include/Cellerator/execution/training_program_v2;include/Cellerator/geometry/persistence/execution_image_v2.hh,.gitmodules;CMakeLists.txt;bench/CMakeLists.txt;cmake/compiler/CelleratorCompilerTargets.cmake;cmake/package/CelleratorConfig.cmake.in;cmake/package/CelleratorConfigVersion.cmake.in;include/Cellerator/Cellerator.hh;include/Cellerator/compiler.hh;src/CMakeLists.txt;tests/CMakeLists.txt;tools/CMakeLists.txt,,"Inspect the cited read scope, implement implement order transforms and persistent physical order in the isolated F01 lane, add the focused ce_ccp1_f01_008 gate, and publish a source-linked receipt."
CE-CCP1-F01-009,CE-CCP1-F01-000,task,"Implement memory, workspace, and residency requirements",planned,831,serial_in_lane,f01;compiler-ir-realization;leaf,1,0,1,0,include/Cellerator/compiler/ir/realization;include/Cellerator/compiler/ir/realization/implement_memory_workspace_and_residency_requirements_v1.hh;src/compiler/ir/realization;src/compiler/ir/realization/implement_memory_workspace_and_residency_requirements.cc;tests/compiler/realization_ir;tests/compiler/realization_ir/implement_memory_workspace_and_residency_requirements_test.cc,include/Cellerator/execution/lowering_resumption;include/Cellerator/execution/object_binding;include/Cellerator/execution/program;include/Cellerator/execution/training_program_v2;include/Cellerator/geometry/persistence/execution_image_v2.hh,.gitmodules;CMakeLists.txt;bench/CMakeLists.txt;cmake/compiler/CelleratorCompilerTargets.cmake;cmake/package/CelleratorConfig.cmake.in;cmake/package/CelleratorConfigVersion.cmake.in;include/Cellerator/Cellerator.hh;include/Cellerator/compiler.hh;src/CMakeLists.txt;tests/CMakeLists.txt;tools/CMakeLists.txt,,"Inspect the cited read scope, implement implement memory, workspace, and residency requirements in the isolated F01 lane, add the focused ce_ccp1_f01_009 gate, and publish a source-linked receipt."
CE-CCP1-F01-010,CE-CCP1-F01-000,task,Implement prepared stage graphs,planned,831,serial_in_lane,f01;compiler-ir-realization;leaf,1,0,1,0,include/Cellerator/compiler/ir/realization;include/Cellerator/compiler/ir/realization/implement_prepared_stage_graphs_v1.hh;src/compiler/ir/realization;src/compiler/ir/realization/implement_prepared_stage_graphs.cc;tests/compiler/realization_ir;tests/compiler/realization_ir/implement_prepared_stage_graphs_test.cc,include/Cellerator/execution/lowering_resumption;include/Cellerator/execution/object_binding;include/Cellerator/execution/program;include/Cellerator/execution/training_program_v2;include/Cellerator/geometry/persistence/execution_image_v2.hh,.gitmodules;CMakeLists.txt;bench/CMakeLists.txt;cmake/compiler/CelleratorCompilerTargets.cmake;cmake/package/CelleratorConfig.cmake.in;cmake/package/CelleratorConfigVersion.cmake.in;include/Cellerator/Cellerator.hh;include/Cellerator/compiler.hh;src/CMakeLists.txt;tests/CMakeLists.txt;tools/CMakeLists.txt,,"Inspect the cited read scope, implement implement prepared stage graphs in the isolated F01 lane, add the focused ce_ccp1_f01_010 gate, and publish a source-linked receipt."
CE-CCP1-F01-011,CE-CCP1-F01-000,task,Implement launch and synchronization dependencies,planned,831,serial_in_lane,f01;compiler-ir-realization;leaf,1,0,1,0,include/Cellerator/compiler/ir/realization;include/Cellerator/compiler/ir/realization/implement_launch_and_synchronization_dependencies_v1.hh;src/compiler/ir/realization;src/compiler/ir/realization/implement_launch_and_synchronization_dependencies.cc;tests/compiler/realization_ir;tests/compiler/realization_ir/implement_launch_and_synchronization_dependencies_test.cc,include/Cellerator/execution/lowering_resumption;include/Cellerator/execution/object_binding;include/Cellerator/execution/program;include/Cellerator/execution/training_program_v2;include/Cellerator/geometry/persistence/execution_image_v2.hh,.gitmodules;CMakeLists.txt;bench/CMakeLists.txt;cmake/compiler/CelleratorCompilerTargets.cmake;cmake/package/CelleratorConfig.cmake.in;cmake/package/CelleratorConfigVersion.cmake.in;include/Cellerator/Cellerator.hh;include/Cellerator/compiler.hh;src/CMakeLists.txt;tests/CMakeLists.txt;tools/CMakeLists.txt,,"Inspect the cited read scope, implement implement launch and synchronization dependencies in the isolated F01 lane, add the focused ce_ccp1_f01_011 gate, and publish a source-linked receipt."
CE-CCP1-F01-012,CE-CCP1-F01-000,task,Implement generation readiness and publication,planned,831,serial_in_lane,f01;compiler-ir-realization;leaf,1,0,1,0,include/Cellerator/compiler/ir/realization;include/Cellerator/compiler/ir/realization/implement_generation_readiness_and_publication_v1.hh;src/compiler/ir/realization;src/compiler/ir/realization/implement_generation_readiness_and_publication.cc;tests/compiler/realization_ir;tests/compiler/realization_ir/implement_generation_readiness_and_publication_test.cc,include/Cellerator/execution/lowering_resumption;include/Cellerator/execution/object_binding;include/Cellerator/execution/program;include/Cellerator/execution/training_program_v2;include/Cellerator/geometry/persistence/execution_image_v2.hh,.gitmodules;CMakeLists.txt;bench/CMakeLists.txt;cmake/compiler/CelleratorCompilerTargets.cmake;cmake/package/CelleratorConfig.cmake.in;cmake/package/CelleratorConfigVersion.cmake.in;include/Cellerator/Cellerator.hh;include/Cellerator/compiler.hh;src/CMakeLists.txt;tests/CMakeLists.txt;tools/CMakeLists.txt,,"Inspect the cited read scope, implement implement generation readiness and publication in the isolated F01 lane, add the focused ce_ccp1_f01_012 gate, and publish a source-linked receipt."
CE-CCP1-F01-013,CE-CCP1-F01-000,task,Implement graph-capture and rebind contracts,planned,831,serial_in_lane,f01;compiler-ir-realization;leaf,1,0,1,0,include/Cellerator/compiler/ir/realization;include/Cellerator/compiler/ir/realization/implement_graph_capture_and_rebind_contracts_v1.hh;src/compiler/ir/realization;src/compiler/ir/realization/implement_graph_capture_and_rebind_contracts.cc;tests/compiler/realization_ir;tests/compiler/realization_ir/implement_graph_capture_and_rebind_contracts_test.cc,include/Cellerator/execution/lowering_resumption;include/Cellerator/execution/object_binding;include/Cellerator/execution/program;include/Cellerator/execution/training_program_v2;include/Cellerator/geometry/persistence/execution_image_v2.hh,.gitmodules;CMakeLists.txt;bench/CMakeLists.txt;cmake/compiler/CelleratorCompilerTargets.cmake;cmake/package/CelleratorConfig.cmake.in;cmake/package/CelleratorConfigVersion.cmake.in;include/Cellerator/Cellerator.hh;include/Cellerator/compiler.hh;src/CMakeLists.txt;tests/CMakeLists.txt;tools/CMakeLists.txt,,"Inspect the cited read scope, implement implement graph-capture and rebind contracts in the isolated F01 lane, add the focused ce_ccp1_f01_013 gate, and publish a source-linked receipt."
CE-CCP1-F01-014,CE-CCP1-F01-000,task,Implement symbolic runtime bindings,planned,831,serial_in_lane,f01;compiler-ir-realization;leaf,1,0,1,0,include/Cellerator/compiler/ir/realization;include/Cellerator/compiler/ir/realization/implement_symbolic_runtime_bindings_v1.hh;src/compiler/ir/realization;src/compiler/ir/realization/implement_symbolic_runtime_bindings.cc;tests/compiler/realization_ir;tests/compiler/realization_ir/implement_symbolic_runtime_bindings_test.cc,include/Cellerator/execution/lowering_resumption;include/Cellerator/execution/object_binding;include/Cellerator/execution/program;include/Cellerator/execution/training_program_v2;include/Cellerator/geometry/persistence/execution_image_v2.hh,.gitmodules;CMakeLists.txt;bench/CMakeLists.txt;cmake/compiler/CelleratorCompilerTargets.cmake;cmake/package/CelleratorConfig.cmake.in;cmake/package/CelleratorConfigVersion.cmake.in;include/Cellerator/Cellerator.hh;include/Cellerator/compiler.hh;src/CMakeLists.txt;tests/CMakeLists.txt;tools/CMakeLists.txt,,"Inspect the cited read scope, implement implement symbolic runtime bindings in the isolated F01 lane, add the focused ce_ccp1_f01_014 gate, and publish a source-linked receipt."
CE-CCP1-F01-015,CE-CCP1-F01-000,task,Implement lowering-resumption checkpoints,planned,831,serial_in_lane,f01;compiler-ir-realization;leaf,1,0,1,0,include/Cellerator/compiler/ir/realization;include/Cellerator/compiler/ir/realization/implement_lowering_resumption_checkpoints_v1.hh;src/compiler/ir/realization;src/compiler/ir/realization/implement_lowering_resumption_checkpoints.cc;tests/compiler/realization_ir;tests/compiler/realization_ir/implement_lowering_resumption_checkpoints_test.cc,include/Cellerator/execution/lowering_resumption;include/Cellerator/execution/object_binding;include/Cellerator/execution/program;include/Cellerator/execution/training_program_v2;include/Cellerator/geometry/persistence/execution_image_v2.hh,.gitmodules;CMakeLists.txt;bench/CMakeLists.txt;cmake/compiler/CelleratorCompilerTargets.cmake;cmake/package/CelleratorConfig.cmake.in;cmake/package/CelleratorConfigVersion.cmake.in;include/Cellerator/Cellerator.hh;include/Cellerator/compiler.hh;src/CMakeLists.txt;tests/CMakeLists.txt;tools/CMakeLists.txt,,"Inspect the cited read scope, implement implement lowering-resumption checkpoints in the isolated F01 lane, add the focused ce_ccp1_f01_015 gate, and publish a source-linked receipt."
CE-CCP1-F01-016,CE-CCP1-F01-000,task,Implement Realization IR text/parser/printer,planned,831,serial_in_lane,f01;compiler-ir-realization;leaf,1,0,1,0,include/Cellerator/compiler/ir/realization;include/Cellerator/compiler/ir/realization/implement_realization_ir_text_parser_printer_v1.hh;src/compiler/ir/realization;src/compiler/ir/realization/implement_realization_ir_text_parser_printer.cc;tests/compiler/realization_ir;tests/compiler/realization_ir/implement_realization_ir_text_parser_printer_test.cc,include/Cellerator/execution/lowering_resumption;include/Cellerator/execution/object_binding;include/Cellerator/execution/program;include/Cellerator/execution/training_program_v2;include/Cellerator/geometry/persistence/execution_image_v2.hh,.gitmodules;CMakeLists.txt;bench/CMakeLists.txt;cmake/compiler/CelleratorCompilerTargets.cmake;cmake/package/CelleratorConfig.cmake.in;cmake/package/CelleratorConfigVersion.cmake.in;include/Cellerator/Cellerator.hh;include/Cellerator/compiler.hh;src/CMakeLists.txt;tests/CMakeLists.txt;tools/CMakeLists.txt,,"Inspect the cited read scope, implement implement realization ir text/parser/printer in the isolated F01 lane, add the focused ce_ccp1_f01_016 gate, and publish a source-linked receipt."
CE-CCP1-F01-017,CE-CCP1-F01-000,task,Implement Realization IR validators and referees,planned,831,serial_in_lane,f01;compiler-ir-realization;leaf,1,0,1,0,include/Cellerator/compiler/ir/realization;include/Cellerator/compiler/ir/realization/implement_realization_ir_validators_and_referees_v1.hh;src/compiler/ir/realization;src/compiler/ir/realization/implement_realization_ir_validators_and_referees.cc;tests/compiler/realization_ir;tests/compiler/realization_ir/implement_realization_ir_validators_and_referees_test.cc,include/Cellerator/execution/lowering_resumption;include/Cellerator/execution/object_binding;include/Cellerator/execution/program;include/Cellerator/execution/training_program_v2;include/Cellerator/geometry/persistence/execution_image_v2.hh,.gitmodules;CMakeLists.txt;bench/CMakeLists.txt;cmake/compiler/CelleratorCompilerTargets.cmake;cmake/package/CelleratorConfig.cmake.in;cmake/package/CelleratorConfigVersion.cmake.in;include/Cellerator/Cellerator.hh;include/Cellerator/compiler.hh;src/CMakeLists.txt;tests/CMakeLists.txt;tools/CMakeLists.txt,,"Inspect the cited read scope, implement implement realization ir validators and referees in the isolated F01 lane, add the focused ce_ccp1_f01_017 gate, and publish a source-linked receipt."
CE-CCP1-F01-018,CE-CCP1-F01-000,validation_task,Deliver selected-plan-to-prepared-program slice,planned,831,serial_in_lane,f01;compiler-ir-realization;leaf,3,1,1,2,include/Cellerator/compiler/ir/realization;include/Cellerator/compiler/ir/realization/deliver_selected_plan_to_prepared_program_slice_v1.hh;src/compiler/ir/realization;src/compiler/ir/realization/deliver_selected_plan_to_prepared_program_slice.cc;tests/compiler/realization_ir;tests/compiler/realization_ir/deliver_selected_plan_to_prepared_program_slice_test.cc,include/Cellerator/execution/lowering_resumption;include/Cellerator/execution/object_binding;include/Cellerator/execution/program;include/Cellerator/execution/training_program_v2;include/Cellerator/geometry/persistence/execution_image_v2.hh,.gitmodules;CMakeLists.txt;bench/CMakeLists.txt;cmake/compiler/CelleratorCompilerTargets.cmake;cmake/package/CelleratorConfig.cmake.in;cmake/package/CelleratorConfigVersion.cmake.in;include/Cellerator/Cellerator.hh;include/Cellerator/compiler.hh;src/CMakeLists.txt;tests/CMakeLists.txt;tools/CMakeLists.txt,,"Inspect the cited read scope, implement deliver selected-plan-to-prepared-program slice in the isolated F01 lane, add the focused ce_ccp1_f01_018 gate, and publish a source-linked receipt."
CE-CCP1-F02-000,CE-CCP1-P50,workstream,Backend framework and CPU/native C++ object emission,planned,880,serial_lane,workstream;f02;compiler-backend,2,0,0,0,include/Cellerator/compiler/backend;src/compiler/backend;tests/compiler/backend/cpu;bench/compiler/backend/cpu,include/Cellerator/compute;include/Cellerator/execution;tools/cellerator;docs/language,CMakeLists.txt;src/CMakeLists.txt;tools/CMakeLists.txt;tests/CMakeLists.txt;bench/CMakeLists.txt;include/Cellerator/Cellerator.hh;include/Cellerator/compiler.hh;.gitmodules;cmake/package/CelleratorConfig.cmake.in;cmake/package/CelleratorConfigVersion.cmake.in;cmake/compiler/CelleratorCompilerTargets.cmake,,Claim F02-001 after milestone prerequisites are reached.
CE-CCP1-F02-001,CE-CCP1-F02-000,validation_task,Freeze the backend provider ABI,planned,830,serial_in_lane,f02;compiler-backend;leaf,2,0,1,0,bench/compiler/backend/cpu;include/Cellerator/compiler/backend;include/Cellerator/compiler/backend/freeze_the_backend_provider_abi_v1.hh;src/compiler/backend;src/compiler/backend/freeze_the_backend_provider_abi.cc;tests/compiler/backend/cpu;tests/compiler/backend/cpu/freeze_the_backend_provider_abi_test.cc,docs/language;include/Cellerator/compute;include/Cellerator/execution;tools/cellerator,.gitmodules;CMakeLists.txt;bench/CMakeLists.txt;cmake/compiler/CelleratorCompilerTargets.cmake;cmake/package/CelleratorConfig.cmake.in;cmake/package/CelleratorConfigVersion.cmake.in;include/Cellerator/Cellerator.hh;include/Cellerator/compiler.hh;src/CMakeLists.txt;tests/CMakeLists.txt;tools/CMakeLists.txt,,"Inspect the cited read scope, implement freeze the backend provider abi in the isolated F02 lane, add the focused ce_ccp1_f02_001 gate, and publish a source-linked receipt."
CE-CCP1-F02-002,CE-CCP1-F02-000,task,Implement backend registry and selection,planned,830,serial_in_lane,f02;compiler-backend;leaf,1,0,1,0,bench/compiler/backend/cpu;include/Cellerator/compiler/backend;include/Cellerator/compiler/backend/implement_backend_registry_and_selection_v1.hh;src/compiler/backend;src/compiler/backend/implement_backend_registry_and_selection.cc;tests/compiler/backend/cpu;tests/compiler/backend/cpu/implement_backend_registry_and_selection_test.cc,docs/language;include/Cellerator/compute;include/Cellerator/execution;tools/cellerator,.gitmodules;CMakeLists.txt;bench/CMakeLists.txt;cmake/compiler/CelleratorCompilerTargets.cmake;cmake/package/CelleratorConfig.cmake.in;cmake/package/CelleratorConfigVersion.cmake.in;include/Cellerator/Cellerator.hh;include/Cellerator/compiler.hh;src/CMakeLists.txt;tests/CMakeLists.txt;tools/CMakeLists.txt,,"Inspect the cited read scope, implement implement backend registry and selection in the isolated F02 lane, add the focused ce_ccp1_f02_002 gate, and publish a source-linked receipt."
CE-CCP1-F02-003,CE-CCP1-F02-000,task,Implement backend code-generation plans,planned,830,serial_in_lane,f02;compiler-backend;leaf,1,0,1,0,bench/compiler/backend/cpu;include/Cellerator/compiler/backend;include/Cellerator/compiler/backend/implement_backend_code_generation_plans_v1.hh;src/compiler/backend;src/compiler/backend/implement_backend_code_generation_plans.cc;tests/compiler/backend/cpu;tests/compiler/backend/cpu/implement_backend_code_generation_plans_test.cc,docs/language;include/Cellerator/compute;include/Cellerator/execution;tools/cellerator,.gitmodules;CMakeLists.txt;bench/CMakeLists.txt;cmake/compiler/CelleratorCompilerTargets.cmake;cmake/package/CelleratorConfig.cmake.in;cmake/package/CelleratorConfigVersion.cmake.in;include/Cellerator/Cellerator.hh;include/Cellerator/compiler.hh;src/CMakeLists.txt;tests/CMakeLists.txt;tools/CMakeLists.txt,,"Inspect the cited read scope, implement implement backend code-generation plans in the isolated F02 lane, add the focused ce_ccp1_f02_003 gate, and publish a source-linked receipt."
CE-CCP1-F02-004,CE-CCP1-F02-000,task,Implement generated C++ representation,planned,830,serial_in_lane,f02;compiler-backend;leaf,1,0,1,0,bench/compiler/backend/cpu;include/Cellerator/compiler/backend;include/Cellerator/compiler/backend/implement_generated_c_representation_v1.hh;src/compiler/backend;src/compiler/backend/implement_generated_c_representation.cc;tests/compiler/backend/cpu;tests/compiler/backend/cpu/implement_generated_c_representation_test.cc,docs/language;include/Cellerator/compute;include/Cellerator/execution;tools/cellerator,.gitmodules;CMakeLists.txt;bench/CMakeLists.txt;cmake/compiler/CelleratorCompilerTargets.cmake;cmake/package/CelleratorConfig.cmake.in;cmake/package/CelleratorConfigVersion.cmake.in;include/Cellerator/Cellerator.hh;include/Cellerator/compiler.hh;src/CMakeLists.txt;tests/CMakeLists.txt;tools/CMakeLists.txt,,"Inspect the cited read scope, implement implement generated c++ representation in the isolated F02 lane, add the focused ce_ccp1_f02_004 gate, and publish a source-linked receipt."
CE-CCP1-F02-005,CE-CCP1-F02-000,task,Implement generic CPU relation apply,planned,830,serial_in_lane,f02;compiler-backend;leaf,1,0,1,0,bench/compiler/backend/cpu;include/Cellerator/compiler/backend;include/Cellerator/compiler/backend/implement_generic_cpu_relation_apply_v1.hh;src/compiler/backend;src/compiler/backend/implement_generic_cpu_relation_apply.cc;tests/compiler/backend/cpu;tests/compiler/backend/cpu/implement_generic_cpu_relation_apply_test.cc,docs/language;include/Cellerator/compute;include/Cellerator/execution;tools/cellerator,.gitmodules;CMakeLists.txt;bench/CMakeLists.txt;cmake/compiler/CelleratorCompilerTargets.cmake;cmake/package/CelleratorConfig.cmake.in;cmake/package/CelleratorConfigVersion.cmake.in;include/Cellerator/Cellerator.hh;include/Cellerator/compiler.hh;src/CMakeLists.txt;tests/CMakeLists.txt;tools/CMakeLists.txt,,"Inspect the cited read scope, implement implement generic cpu relation apply in the isolated F02 lane, add the focused ce_ccp1_f02_005 gate, and publish a source-linked receipt."
CE-CCP1-F02-006,CE-CCP1-F02-000,task,Implement CPU transpose and contraction,planned,830,serial_in_lane,f02;compiler-backend;leaf,1,0,1,0,bench/compiler/backend/cpu;include/Cellerator/compiler/backend;include/Cellerator/compiler/backend/implement_cpu_transpose_and_contraction_v1.hh;src/compiler/backend;src/compiler/backend/implement_cpu_transpose_and_contraction.cc;tests/compiler/backend/cpu;tests/compiler/backend/cpu/implement_cpu_transpose_and_contraction_test.cc,docs/language;include/Cellerator/compute;include/Cellerator/execution;tools/cellerator,.gitmodules;CMakeLists.txt;bench/CMakeLists.txt;cmake/compiler/CelleratorCompilerTargets.cmake;cmake/package/CelleratorConfig.cmake.in;cmake/package/CelleratorConfigVersion.cmake.in;include/Cellerator/Cellerator.hh;include/Cellerator/compiler.hh;src/CMakeLists.txt;tests/CMakeLists.txt;tools/CMakeLists.txt,,"Inspect the cited read scope, implement implement cpu transpose and contraction in the isolated F02 lane, add the focused ce_ccp1_f02_006 gate, and publish a source-linked receipt."
CE-CCP1-F02-007,CE-CCP1-F02-000,task,"Implement CPU segment, gate, update, bundle, and chain paths",planned,830,serial_in_lane,f02;compiler-backend;leaf,1,0,1,0,bench/compiler/backend/cpu;include/Cellerator/compiler/backend;include/Cellerator/compiler/backend/implement_cpu_segment_gate_update_bundle_and_chain_paths_v1.hh;src/compiler/backend;src/compiler/backend/implement_cpu_segment_gate_update_bundle_and_chain_paths.cc;tests/compiler/backend/cpu;tests/compiler/backend/cpu/implement_cpu_segment_gate_update_bundle_and_chain_paths_test.cc,docs/language;include/Cellerator/compute;include/Cellerator/execution;tools/cellerator,.gitmodules;CMakeLists.txt;bench/CMakeLists.txt;cmake/compiler/CelleratorCompilerTargets.cmake;cmake/package/CelleratorConfig.cmake.in;cmake/package/CelleratorConfigVersion.cmake.in;include/Cellerator/Cellerator.hh;include/Cellerator/compiler.hh;src/CMakeLists.txt;tests/CMakeLists.txt;tools/CMakeLists.txt,,"Inspect the cited read scope, implement implement cpu segment, gate, update, bundle, and chain paths in the isolated F02 lane, add the focused ce_ccp1_f02_007 gate, and publish a source-linked receipt."
CE-CCP1-F02-008,CE-CCP1-F02-000,task,"Implement CPU projection, packing, and order transforms",planned,830,serial_in_lane,f02;compiler-backend;leaf,1,0,1,0,bench/compiler/backend/cpu;include/Cellerator/compiler/backend;include/Cellerator/compiler/backend/implement_cpu_projection_packing_and_order_transforms_v1.hh;src/compiler/backend;src/compiler/backend/implement_cpu_projection_packing_and_order_transforms.cc;tests/compiler/backend/cpu;tests/compiler/backend/cpu/implement_cpu_projection_packing_and_order_transforms_test.cc,docs/language;include/Cellerator/compute;include/Cellerator/execution;tools/cellerator,.gitmodules;CMakeLists.txt;bench/CMakeLists.txt;cmake/compiler/CelleratorCompilerTargets.cmake;cmake/package/CelleratorConfig.cmake.in;cmake/package/CelleratorConfigVersion.cmake.in;include/Cellerator/Cellerator.hh;include/Cellerator/compiler.hh;src/CMakeLists.txt;tests/CMakeLists.txt;tools/CMakeLists.txt,,"Inspect the cited read scope, implement implement cpu projection, packing, and order transforms in the isolated F02 lane, add the focused ce_ccp1_f02_008 gate, and publish a source-linked receipt."
CE-CCP1-F02-009,CE-CCP1-F02-000,task,Compile generated C++ into ordinary objects,planned,830,serial_in_lane,f02;compiler-backend;leaf,1,0,1,0,bench/compiler/backend/cpu;include/Cellerator/compiler/backend;include/Cellerator/compiler/backend/compile_generated_c_into_ordinary_objects_v1.hh;src/compiler/backend;src/compiler/backend/compile_generated_c_into_ordinary_objects.cc;tests/compiler/backend/cpu;tests/compiler/backend/cpu/compile_generated_c_into_ordinary_objects_test.cc,docs/language;include/Cellerator/compute;include/Cellerator/execution;tools/cellerator,.gitmodules;CMakeLists.txt;bench/CMakeLists.txt;cmake/compiler/CelleratorCompilerTargets.cmake;cmake/package/CelleratorConfig.cmake.in;cmake/package/CelleratorConfigVersion.cmake.in;include/Cellerator/Cellerator.hh;include/Cellerator/compiler.hh;src/CMakeLists.txt;tests/CMakeLists.txt;tools/CMakeLists.txt,,"Inspect the cited read scope, implement compile generated c++ into ordinary objects in the isolated F02 lane, add the focused ce_ccp1_f02_009 gate, and publish a source-linked receipt."
CE-CCP1-F02-010,CE-CCP1-F02-000,task,Implement host runtime binding ABI,planned,830,serial_in_lane,f02;compiler-backend;leaf,1,0,1,0,bench/compiler/backend/cpu;include/Cellerator/compiler/backend;include/Cellerator/compiler/backend/implement_host_runtime_binding_abi_v1.hh;src/compiler/backend;src/compiler/backend/implement_host_runtime_binding_abi.cc;tests/compiler/backend/cpu;tests/compiler/backend/cpu/implement_host_runtime_binding_abi_test.cc,docs/language;include/Cellerator/compute;include/Cellerator/execution;tools/cellerator,.gitmodules;CMakeLists.txt;bench/CMakeLists.txt;cmake/compiler/CelleratorCompilerTargets.cmake;cmake/package/CelleratorConfig.cmake.in;cmake/package/CelleratorConfigVersion.cmake.in;include/Cellerator/Cellerator.hh;include/Cellerator/compiler.hh;src/CMakeLists.txt;tests/CMakeLists.txt;tools/CMakeLists.txt,,"Inspect the cited read scope, implement implement host runtime binding abi in the isolated F02 lane, add the focused ce_ccp1_f02_010 gate, and publish a source-linked receipt."
CE-CCP1-F02-011,CE-CCP1-F02-000,task,Map backend diagnostics to source and CEIR,planned,830,serial_in_lane,f02;compiler-backend;leaf,1,0,1,0,bench/compiler/backend/cpu;include/Cellerator/compiler/backend;include/Cellerator/compiler/backend/map_backend_diagnostics_to_source_and_ceir_v1.hh;src/compiler/backend;src/compiler/backend/map_backend_diagnostics_to_source_and_ceir.cc;tests/compiler/backend/cpu;tests/compiler/backend/cpu/map_backend_diagnostics_to_source_and_ceir_test.cc,docs/language;include/Cellerator/compute;include/Cellerator/execution;tools/cellerator,.gitmodules;CMakeLists.txt;bench/CMakeLists.txt;cmake/compiler/CelleratorCompilerTargets.cmake;cmake/package/CelleratorConfig.cmake.in;cmake/package/CelleratorConfigVersion.cmake.in;include/Cellerator/Cellerator.hh;include/Cellerator/compiler.hh;src/CMakeLists.txt;tests/CMakeLists.txt;tools/CMakeLists.txt,,"Inspect the cited read scope, implement map backend diagnostics to source and ceir in the isolated F02 lane, add the focused ce_ccp1_f02_011 gate, and publish a source-linked receipt."
CE-CCP1-F02-012,CE-CCP1-F02-000,validation_task,Benchmark CPU backend complete cost,planned,830,serial_in_lane,f02;compiler-backend;leaf,1,0,1,0,bench/compiler/backend/cpu;include/Cellerator/compiler/backend;include/Cellerator/compiler/backend/benchmark_cpu_backend_complete_cost_v1.hh;src/compiler/backend;src/compiler/backend/benchmark_cpu_backend_complete_cost.cc;tests/compiler/backend/cpu;tests/compiler/backend/cpu/benchmark_cpu_backend_complete_cost_test.cc,docs/language;include/Cellerator/compute;include/Cellerator/execution;tools/cellerator,.gitmodules;CMakeLists.txt;bench/CMakeLists.txt;cmake/compiler/CelleratorCompilerTargets.cmake;cmake/package/CelleratorConfig.cmake.in;cmake/package/CelleratorConfigVersion.cmake.in;include/Cellerator/Cellerator.hh;include/Cellerator/compiler.hh;src/CMakeLists.txt;tests/CMakeLists.txt;tools/CMakeLists.txt,,"Inspect the cited read scope, implement benchmark cpu backend complete cost in the isolated F02 lane, add the focused ce_ccp1_f02_012 gate, and publish a source-linked receipt."
CE-CCP1-F02-013,CE-CCP1-F02-000,validation_task,Deliver the first CPU object milestone,planned,830,serial_in_lane,f02;compiler-backend;leaf,1,0,1,0,bench/compiler/backend/cpu;include/Cellerator/compiler/backend;include/Cellerator/compiler/backend/deliver_the_first_cpu_object_milestone_v1.hh;src/compiler/backend;src/compiler/backend/deliver_the_first_cpu_object_milestone.cc;tests/compiler/backend/cpu;tests/compiler/backend/cpu/deliver_the_first_cpu_object_milestone_test.cc,docs/language;include/Cellerator/compute;include/Cellerator/execution;tools/cellerator,.gitmodules;CMakeLists.txt;bench/CMakeLists.txt;cmake/compiler/CelleratorCompilerTargets.cmake;cmake/package/CelleratorConfig.cmake.in;cmake/package/CelleratorConfigVersion.cmake.in;include/Cellerator/Cellerator.hh;include/Cellerator/compiler.hh;src/CMakeLists.txt;tests/CMakeLists.txt;tools/CMakeLists.txt,,"Inspect the cited read scope, implement deliver the first cpu object milestone in the isolated F02 lane, add the focused ce_ccp1_f02_013 gate, and publish a source-linked receipt."
CE-CCP1-F02-014,CE-CCP1-F02-000,validation_task,Freeze the CPU/backend thin waist,planned,830,serial_in_lane,f02;compiler-backend;leaf,3,1,1,2,bench/compiler/backend/cpu;include/Cellerator/compiler/backend;include/Cellerator/compiler/backend/freeze_the_cpu_backend_thin_waist_v1.hh;src/compiler/backend;src/compiler/backend/freeze_the_cpu_backend_thin_waist.cc;tests/compiler/backend/cpu;tests/compiler/backend/cpu/freeze_the_cpu_backend_thin_waist_test.cc,docs/language;include/Cellerator/compute;include/Cellerator/execution;tools/cellerator,.gitmodules;CMakeLists.txt;bench/CMakeLists.txt;cmake/compiler/CelleratorCompilerTargets.cmake;cmake/package/CelleratorConfig.cmake.in;cmake/package/CelleratorConfigVersion.cmake.in;include/Cellerator/Cellerator.hh;include/Cellerator/compiler.hh;src/CMakeLists.txt;tests/CMakeLists.txt;tools/CMakeLists.txt,,"Inspect the cited read scope, implement freeze the cpu/backend thin waist in the isolated F02 lane, add the focused ce_ccp1_f02_014 gate, and publish a source-linked receipt."
CE-CCP1-F03-000,CE-CCP1-P50,workstream,CUDA source and NVCC backend,planned,879,serial_lane,workstream;f03;compiler-backend-nvcc,1,0,0,0,include/Cellerator/compiler/backend/nvcc;src/compiler/backend/nvcc;tests/compiler/backend/nvcc;bench/compiler/backend/nvcc,cmake/providers;src/compute/architecture/providers/nvidia;include/Cellerator/runtime;include/Cellerator/geometry/persistence,CMakeLists.txt;src/CMakeLists.txt;tools/CMakeLists.txt;tests/CMakeLists.txt;bench/CMakeLists.txt;include/Cellerator/Cellerator.hh;include/Cellerator/compiler.hh;.gitmodules;cmake/package/CelleratorConfig.cmake.in;cmake/package/CelleratorConfigVersion.cmake.in;cmake/compiler/CelleratorCompilerTargets.cmake,,Claim F03-001 after milestone prerequisites are reached.
CE-CCP1-F03-001,CE-CCP1-F03-000,validation_task,Freeze the NVCC backend contract,planned,829,serial_in_lane,f03;compiler-backend-nvcc;leaf,1,0,1,0,bench/compiler/backend/nvcc;include/Cellerator/compiler/backend/nvcc;include/Cellerator/compiler/backend/nvcc/freeze_the_nvcc_backend_contract_v1.hh;src/compiler/backend/nvcc;src/compiler/backend/nvcc/freeze_the_nvcc_backend_contract.cc;tests/compiler/backend/nvcc;tests/compiler/backend/nvcc/freeze_the_nvcc_backend_contract_test.cc,cmake/providers;include/Cellerator/geometry/persistence;include/Cellerator/runtime;src/compute/architecture/providers/nvidia,.gitmodules;CMakeLists.txt;bench/CMakeLists.txt;cmake/compiler/CelleratorCompilerTargets.cmake;cmake/package/CelleratorConfig.cmake.in;cmake/package/CelleratorConfigVersion.cmake.in;include/Cellerator/Cellerator.hh;include/Cellerator/compiler.hh;src/CMakeLists.txt;tests/CMakeLists.txt;tools/CMakeLists.txt,,"Inspect the cited read scope, implement freeze the nvcc backend contract in the isolated F03 lane, add the focused ce_ccp1_f03_001 gate, and publish a source-linked receipt."
CE-CCP1-F03-002,CE-CCP1-F03-000,task,Implement CUDA source emission,planned,829,serial_in_lane,f03;compiler-backend-nvcc;leaf,1,0,1,0,bench/compiler/backend/nvcc;include/Cellerator/compiler/backend/nvcc;include/Cellerator/compiler/backend/nvcc/implement_cuda_source_emission_v1.hh;src/compiler/backend/nvcc;src/compiler/backend/nvcc/implement_cuda_source_emission.cc;tests/compiler/backend/nvcc;tests/compiler/backend/nvcc/implement_cuda_source_emission_test.cc,cmake/providers;include/Cellerator/geometry/persistence;include/Cellerator/runtime;src/compute/architecture/providers/nvidia,.gitmodules;CMakeLists.txt;bench/CMakeLists.txt;cmake/compiler/CelleratorCompilerTargets.cmake;cmake/package/CelleratorConfig.cmake.in;cmake/package/CelleratorConfigVersion.cmake.in;include/Cellerator/Cellerator.hh;include/Cellerator/compiler.hh;src/CMakeLists.txt;tests/CMakeLists.txt;tools/CMakeLists.txt,,"Inspect the cited read scope, implement implement cuda source emission in the isolated F03 lane, add the focused ce_ccp1_f03_002 gate, and publish a source-linked receipt."
CE-CCP1-F03-003,CE-CCP1-F03-000,task,Bind existing Cellerator CUDA providers,planned,829,serial_in_lane,f03;compiler-backend-nvcc;leaf,1,0,1,0,bench/compiler/backend/nvcc;include/Cellerator/compiler/backend/nvcc;include/Cellerator/compiler/backend/nvcc/bind_existing_cellerator_cuda_providers_v1.hh;src/compiler/backend/nvcc;src/compiler/backend/nvcc/bind_existing_cellerator_cuda_providers.cc;tests/compiler/backend/nvcc;tests/compiler/backend/nvcc/bind_existing_cellerator_cuda_providers_test.cc,cmake/providers;include/Cellerator/geometry/persistence;include/Cellerator/runtime;src/compute/architecture/providers/nvidia,.gitmodules;CMakeLists.txt;bench/CMakeLists.txt;cmake/compiler/CelleratorCompilerTargets.cmake;cmake/package/CelleratorConfig.cmake.in;cmake/package/CelleratorConfigVersion.cmake.in;include/Cellerator/Cellerator.hh;include/Cellerator/compiler.hh;src/CMakeLists.txt;tests/CMakeLists.txt;tools/CMakeLists.txt,,"Inspect the cited read scope, implement bind existing cellerator cuda providers in the isolated F03 lane, add the focused ce_ccp1_f03_003 gate, and publish a source-linked receipt."
CE-CCP1-F03-004,CE-CCP1-F03-000,task,Generate custom relation kernels where selected,planned,829,serial_in_lane,f03;compiler-backend-nvcc;leaf,1,0,1,0,bench/compiler/backend/nvcc;include/Cellerator/compiler/backend/nvcc;include/Cellerator/compiler/backend/nvcc/generate_custom_relation_kernels_where_selected_v1.hh;src/compiler/backend/nvcc;src/compiler/backend/nvcc/generate_custom_relation_kernels_where_selected.cc;tests/compiler/backend/nvcc;tests/compiler/backend/nvcc/generate_custom_relation_kernels_where_selected_test.cc,cmake/providers;include/Cellerator/geometry/persistence;include/Cellerator/runtime;src/compute/architecture/providers/nvidia,.gitmodules;CMakeLists.txt;bench/CMakeLists.txt;cmake/compiler/CelleratorCompilerTargets.cmake;cmake/package/CelleratorConfig.cmake.in;cmake/package/CelleratorConfigVersion.cmake.in;include/Cellerator/Cellerator.hh;include/Cellerator/compiler.hh;src/CMakeLists.txt;tests/CMakeLists.txt;tools/CMakeLists.txt,,"Inspect the cited read scope, implement generate custom relation kernels where selected in the isolated F03 lane, add the focused ce_ccp1_f03_004 gate, and publish a source-linked receipt."
CE-CCP1-F03-005,CE-CCP1-F03-000,task,Generate non-relation CUDA operations,planned,829,serial_in_lane,f03;compiler-backend-nvcc;leaf,1,0,1,0,bench/compiler/backend/nvcc;include/Cellerator/compiler/backend/nvcc;include/Cellerator/compiler/backend/nvcc/generate_non_relation_cuda_operations_v1.hh;src/compiler/backend/nvcc;src/compiler/backend/nvcc/generate_non_relation_cuda_operations.cc;tests/compiler/backend/nvcc;tests/compiler/backend/nvcc/generate_non_relation_cuda_operations_test.cc,cmake/providers;include/Cellerator/geometry/persistence;include/Cellerator/runtime;src/compute/architecture/providers/nvidia,.gitmodules;CMakeLists.txt;bench/CMakeLists.txt;cmake/compiler/CelleratorCompilerTargets.cmake;cmake/package/CelleratorConfig.cmake.in;cmake/package/CelleratorConfigVersion.cmake.in;include/Cellerator/Cellerator.hh;include/Cellerator/compiler.hh;src/CMakeLists.txt;tests/CMakeLists.txt;tools/CMakeLists.txt,,"Inspect the cited read scope, implement generate non-relation cuda operations in the isolated F03 lane, add the focused ce_ccp1_f03_005 gate, and publish a source-linked receipt."
CE-CCP1-F03-006,CE-CCP1-F03-000,task,Implement NVCC option and architecture mapping,planned,829,serial_in_lane,f03;compiler-backend-nvcc;leaf,1,0,1,0,bench/compiler/backend/nvcc;include/Cellerator/compiler/backend/nvcc;include/Cellerator/compiler/backend/nvcc/implement_nvcc_option_and_architecture_mapping_v1.hh;src/compiler/backend/nvcc;src/compiler/backend/nvcc/implement_nvcc_option_and_architecture_mapping.cc;tests/compiler/backend/nvcc;tests/compiler/backend/nvcc/implement_nvcc_option_and_architecture_mapping_test.cc,cmake/providers;include/Cellerator/geometry/persistence;include/Cellerator/runtime;src/compute/architecture/providers/nvidia,.gitmodules;CMakeLists.txt;bench/CMakeLists.txt;cmake/compiler/CelleratorCompilerTargets.cmake;cmake/package/CelleratorConfig.cmake.in;cmake/package/CelleratorConfigVersion.cmake.in;include/Cellerator/Cellerator.hh;include/Cellerator/compiler.hh;src/CMakeLists.txt;tests/CMakeLists.txt;tools/CMakeLists.txt,,"Inspect the cited read scope, implement implement nvcc option and architecture mapping in the isolated F03 lane, add the focused ce_ccp1_f03_006 gate, and publish a source-linked receipt."
CE-CCP1-F03-007,CE-CCP1-F03-000,task,Implement host/device split compilation,planned,829,serial_in_lane,f03;compiler-backend-nvcc;leaf,1,0,1,0,bench/compiler/backend/nvcc;include/Cellerator/compiler/backend/nvcc;include/Cellerator/compiler/backend/nvcc/implement_host_device_split_compilation_v1.hh;src/compiler/backend/nvcc;src/compiler/backend/nvcc/implement_host_device_split_compilation.cc;tests/compiler/backend/nvcc;tests/compiler/backend/nvcc/implement_host_device_split_compilation_test.cc,cmake/providers;include/Cellerator/geometry/persistence;include/Cellerator/runtime;src/compute/architecture/providers/nvidia,.gitmodules;CMakeLists.txt;bench/CMakeLists.txt;cmake/compiler/CelleratorCompilerTargets.cmake;cmake/package/CelleratorConfig.cmake.in;cmake/package/CelleratorConfigVersion.cmake.in;include/Cellerator/Cellerator.hh;include/Cellerator/compiler.hh;src/CMakeLists.txt;tests/CMakeLists.txt;tools/CMakeLists.txt,,"Inspect the cited read scope, implement implement host/device split compilation in the isolated F03 lane, add the focused ce_ccp1_f03_007 gate, and publish a source-linked receipt."
CE-CCP1-F03-008,CE-CCP1-F03-000,task,Implement relocatable device code and device linking,planned,829,serial_in_lane,f03;compiler-backend-nvcc;leaf,1,0,1,0,bench/compiler/backend/nvcc;include/Cellerator/compiler/backend/nvcc;include/Cellerator/compiler/backend/nvcc/implement_relocatable_device_code_and_device_linking_v1.hh;src/compiler/backend/nvcc;src/compiler/backend/nvcc/implement_relocatable_device_code_and_device_linking.cc;tests/compiler/backend/nvcc;tests/compiler/backend/nvcc/implement_relocatable_device_code_and_device_linking_test.cc,cmake/providers;include/Cellerator/geometry/persistence;include/Cellerator/runtime;src/compute/architecture/providers/nvidia,.gitmodules;CMakeLists.txt;bench/CMakeLists.txt;cmake/compiler/CelleratorCompilerTargets.cmake;cmake/package/CelleratorConfig.cmake.in;cmake/package/CelleratorConfigVersion.cmake.in;include/Cellerator/Cellerator.hh;include/Cellerator/compiler.hh;src/CMakeLists.txt;tests/CMakeLists.txt;tools/CMakeLists.txt,,"Inspect the cited read scope, implement implement relocatable device code and device linking in the isolated F03 lane, add the focused ce_ccp1_f03_008 gate, and publish a source-linked receipt."
CE-CCP1-F03-009,CE-CCP1-F03-000,task,"Implement PTX, cubin, and fatbinary intermediates",planned,829,serial_in_lane,f03;compiler-backend-nvcc;leaf,1,0,1,0,bench/compiler/backend/nvcc;include/Cellerator/compiler/backend/nvcc;include/Cellerator/compiler/backend/nvcc/implement_ptx_cubin_and_fatbinary_intermediates_v1.hh;src/compiler/backend/nvcc;src/compiler/backend/nvcc/implement_ptx_cubin_and_fatbinary_intermediates.cc;tests/compiler/backend/nvcc;tests/compiler/backend/nvcc/implement_ptx_cubin_and_fatbinary_intermediates_test.cc,cmake/providers;include/Cellerator/geometry/persistence;include/Cellerator/runtime;src/compute/architecture/providers/nvidia,.gitmodules;CMakeLists.txt;bench/CMakeLists.txt;cmake/compiler/CelleratorCompilerTargets.cmake;cmake/package/CelleratorConfig.cmake.in;cmake/package/CelleratorConfigVersion.cmake.in;include/Cellerator/Cellerator.hh;include/Cellerator/compiler.hh;src/CMakeLists.txt;tests/CMakeLists.txt;tools/CMakeLists.txt,,"Inspect the cited read scope, implement implement ptx, cubin, and fatbinary intermediates in the isolated F03 lane, add the focused ce_ccp1_f03_009 gate, and publish a source-linked receipt."
CE-CCP1-F03-010,CE-CCP1-F03-000,task,Integrate CUDA runtime and library linkage,planned,829,serial_in_lane,f03;compiler-backend-nvcc;leaf,1,0,1,0,bench/compiler/backend/nvcc;include/Cellerator/compiler/backend/nvcc;include/Cellerator/compiler/backend/nvcc/integrate_cuda_runtime_and_library_linkage_v1.hh;src/compiler/backend/nvcc;src/compiler/backend/nvcc/integrate_cuda_runtime_and_library_linkage.cc;tests/compiler/backend/nvcc;tests/compiler/backend/nvcc/integrate_cuda_runtime_and_library_linkage_test.cc,cmake/providers;include/Cellerator/geometry/persistence;include/Cellerator/runtime;src/compute/architecture/providers/nvidia,.gitmodules;CMakeLists.txt;bench/CMakeLists.txt;cmake/compiler/CelleratorCompilerTargets.cmake;cmake/package/CelleratorConfig.cmake.in;cmake/package/CelleratorConfigVersion.cmake.in;include/Cellerator/Cellerator.hh;include/Cellerator/compiler.hh;src/CMakeLists.txt;tests/CMakeLists.txt;tools/CMakeLists.txt,,"Inspect the cited read scope, implement integrate cuda runtime and library linkage in the isolated F03 lane, add the focused ce_ccp1_f03_010 gate, and publish a source-linked receipt."
CE-CCP1-F03-011,CE-CCP1-F03-000,task,Map CUDA diagnostics and line information,planned,829,serial_in_lane,f03;compiler-backend-nvcc;leaf,1,0,1,0,bench/compiler/backend/nvcc;include/Cellerator/compiler/backend/nvcc;include/Cellerator/compiler/backend/nvcc/map_cuda_diagnostics_and_line_information_v1.hh;src/compiler/backend/nvcc;src/compiler/backend/nvcc/map_cuda_diagnostics_and_line_information.cc;tests/compiler/backend/nvcc;tests/compiler/backend/nvcc/map_cuda_diagnostics_and_line_information_test.cc,cmake/providers;include/Cellerator/geometry/persistence;include/Cellerator/runtime;src/compute/architecture/providers/nvidia,.gitmodules;CMakeLists.txt;bench/CMakeLists.txt;cmake/compiler/CelleratorCompilerTargets.cmake;cmake/package/CelleratorConfig.cmake.in;cmake/package/CelleratorConfigVersion.cmake.in;include/Cellerator/Cellerator.hh;include/Cellerator/compiler.hh;src/CMakeLists.txt;tests/CMakeLists.txt;tools/CMakeLists.txt,,"Inspect the cited read scope, implement map cuda diagnostics and line information in the isolated F03 lane, add the focused ce_ccp1_f03_011 gate, and publish a source-linked receipt."
CE-CCP1-F03-012,CE-CCP1-F03-000,task,Integrate asynchronous readiness and streams,planned,829,serial_in_lane,f03;compiler-backend-nvcc;leaf,1,0,1,0,bench/compiler/backend/nvcc;include/Cellerator/compiler/backend/nvcc;include/Cellerator/compiler/backend/nvcc/integrate_asynchronous_readiness_and_streams_v1.hh;src/compiler/backend/nvcc;src/compiler/backend/nvcc/integrate_asynchronous_readiness_and_streams.cc;tests/compiler/backend/nvcc;tests/compiler/backend/nvcc/integrate_asynchronous_readiness_and_streams_test.cc,cmake/providers;include/Cellerator/geometry/persistence;include/Cellerator/runtime;src/compute/architecture/providers/nvidia,.gitmodules;CMakeLists.txt;bench/CMakeLists.txt;cmake/compiler/CelleratorCompilerTargets.cmake;cmake/package/CelleratorConfig.cmake.in;cmake/package/CelleratorConfigVersion.cmake.in;include/Cellerator/Cellerator.hh;include/Cellerator/compiler.hh;src/CMakeLists.txt;tests/CMakeLists.txt;tools/CMakeLists.txt,,"Inspect the cited read scope, implement integrate asynchronous readiness and streams in the isolated F03 lane, add the focused ce_ccp1_f03_012 gate, and publish a source-linked receipt."
CE-CCP1-F03-013,CE-CCP1-F03-000,validation_task,Deliver the first NVCC object milestone,planned,829,serial_in_lane,f03;compiler-backend-nvcc;leaf,1,0,1,0,bench/compiler/backend/nvcc;include/Cellerator/compiler/backend/nvcc;include/Cellerator/compiler/backend/nvcc/deliver_the_first_nvcc_object_milestone_v1.hh;src/compiler/backend/nvcc;src/compiler/backend/nvcc/deliver_the_first_nvcc_object_milestone.cc;tests/compiler/backend/nvcc;tests/compiler/backend/nvcc/deliver_the_first_nvcc_object_milestone_test.cc,cmake/providers;include/Cellerator/geometry/persistence;include/Cellerator/runtime;src/compute/architecture/providers/nvidia,.gitmodules;CMakeLists.txt;bench/CMakeLists.txt;cmake/compiler/CelleratorCompilerTargets.cmake;cmake/package/CelleratorConfig.cmake.in;cmake/package/CelleratorConfigVersion.cmake.in;include/Cellerator/Cellerator.hh;include/Cellerator/compiler.hh;src/CMakeLists.txt;tests/CMakeLists.txt;tools/CMakeLists.txt,,"Inspect the cited read scope, implement deliver the first nvcc object milestone in the isolated F03 lane, add the focused ce_ccp1_f03_013 gate, and publish a source-linked receipt."
CE-CCP1-F03-014,CE-CCP1-F03-000,validation_task,Benchmark NVCC backend complete cost,planned,829,serial_in_lane,f03;compiler-backend-nvcc;leaf,1,0,1,0,bench/compiler/backend/nvcc;include/Cellerator/compiler/backend/nvcc;include/Cellerator/compiler/backend/nvcc/benchmark_nvcc_backend_complete_cost_v1.hh;src/compiler/backend/nvcc;src/compiler/backend/nvcc/benchmark_nvcc_backend_complete_cost.cc;tests/compiler/backend/nvcc;tests/compiler/backend/nvcc/benchmark_nvcc_backend_complete_cost_test.cc,cmake/providers;include/Cellerator/geometry/persistence;include/Cellerator/runtime;src/compute/architecture/providers/nvidia,.gitmodules;CMakeLists.txt;bench/CMakeLists.txt;cmake/compiler/CelleratorCompilerTargets.cmake;cmake/package/CelleratorConfig.cmake.in;cmake/package/CelleratorConfigVersion.cmake.in;include/Cellerator/Cellerator.hh;include/Cellerator/compiler.hh;src/CMakeLists.txt;tests/CMakeLists.txt;tools/CMakeLists.txt,,"Inspect the cited read scope, implement benchmark nvcc backend complete cost in the isolated F03 lane, add the focused ce_ccp1_f03_014 gate, and publish a source-linked receipt."
CE-CCP1-F03-015,CE-CCP1-F03-000,validation_task,Freeze the NVCC backend,planned,829,serial_in_lane,f03;compiler-backend-nvcc;leaf,3,1,1,2,bench/compiler/backend/nvcc;include/Cellerator/compiler/backend/nvcc;include/Cellerator/compiler/backend/nvcc/freeze_the_nvcc_backend_v1.hh;src/compiler/backend/nvcc;src/compiler/backend/nvcc/freeze_the_nvcc_backend.cc;tests/compiler/backend/nvcc;tests/compiler/backend/nvcc/freeze_the_nvcc_backend_test.cc,cmake/providers;include/Cellerator/geometry/persistence;include/Cellerator/runtime;src/compute/architecture/providers/nvidia,.gitmodules;CMakeLists.txt;bench/CMakeLists.txt;cmake/compiler/CelleratorCompilerTargets.cmake;cmake/package/CelleratorConfig.cmake.in;cmake/package/CelleratorConfigVersion.cmake.in;include/Cellerator/Cellerator.hh;include/Cellerator/compiler.hh;src/CMakeLists.txt;tests/CMakeLists.txt;tools/CMakeLists.txt,,"Inspect the cited read scope, implement freeze the nvcc backend in the isolated F03 lane, add the focused ce_ccp1_f03_015 gate, and publish a source-linked receipt."
CE-CCP1-F04-000,CE-CCP1-P50,workstream,"Clang CUDA, LLVM/NVPTX, and direct PTX routes",planned,878,serial_lane,workstream;f04;compiler-backend-nvptx,1,0,0,0,include/Cellerator/compiler/backend/nvptx;src/compiler/backend/nvptx;tests/compiler/backend/nvptx;bench/compiler/backend/nvptx,src/compute/architecture/providers/nvidia;include/Cellerator/geometry/persistence/execution_capability_manifest_v1.hh;docs/language,CMakeLists.txt;src/CMakeLists.txt;tools/CMakeLists.txt;tests/CMakeLists.txt;bench/CMakeLists.txt;include/Cellerator/Cellerator.hh;include/Cellerator/compiler.hh;.gitmodules;cmake/package/CelleratorConfig.cmake.in;cmake/package/CelleratorConfigVersion.cmake.in;cmake/compiler/CelleratorCompilerTargets.cmake,,Claim F04-001 after milestone prerequisites are reached.
CE-CCP1-F04-001,CE-CCP1-F04-000,validation_task,Freeze Clang CUDA and NVPTX backend contracts,planned,828,serial_in_lane,f04;compiler-backend-nvptx;leaf,1,0,1,0,bench/compiler/backend/nvptx;include/Cellerator/compiler/backend/nvptx;include/Cellerator/compiler/backend/nvptx/freeze_clang_cuda_and_nvptx_backend_contracts_v1.hh;src/compiler/backend/nvptx;src/compiler/backend/nvptx/freeze_clang_cuda_and_nvptx_backend_contracts.cc;tests/compiler/backend/nvptx;tests/compiler/backend/nvptx/freeze_clang_cuda_and_nvptx_backend_contracts_test.cc,docs/language;include/Cellerator/geometry/persistence/execution_capability_manifest_v1.hh;src/compute/architecture/providers/nvidia,.gitmodules;CMakeLists.txt;bench/CMakeLists.txt;cmake/compiler/CelleratorCompilerTargets.cmake;cmake/package/CelleratorConfig.cmake.in;cmake/package/CelleratorConfigVersion.cmake.in;include/Cellerator/Cellerator.hh;include/Cellerator/compiler.hh;src/CMakeLists.txt;tests/CMakeLists.txt;tools/CMakeLists.txt,,"Inspect the cited read scope, implement freeze clang cuda and nvptx backend contracts in the isolated F04 lane, add the focused ce_ccp1_f04_001 gate, and publish a source-linked receipt."
CE-CCP1-F04-002,CE-CCP1-F04-000,task,Implement Clang CUDA action mapping,planned,828,serial_in_lane,f04;compiler-backend-nvptx;leaf,1,0,1,0,bench/compiler/backend/nvptx;include/Cellerator/compiler/backend/nvptx;include/Cellerator/compiler/backend/nvptx/implement_clang_cuda_action_mapping_v1.hh;src/compiler/backend/nvptx;src/compiler/backend/nvptx/implement_clang_cuda_action_mapping.cc;tests/compiler/backend/nvptx;tests/compiler/backend/nvptx/implement_clang_cuda_action_mapping_test.cc,docs/language;include/Cellerator/geometry/persistence/execution_capability_manifest_v1.hh;src/compute/architecture/providers/nvidia,.gitmodules;CMakeLists.txt;bench/CMakeLists.txt;cmake/compiler/CelleratorCompilerTargets.cmake;cmake/package/CelleratorConfig.cmake.in;cmake/package/CelleratorConfigVersion.cmake.in;include/Cellerator/Cellerator.hh;include/Cellerator/compiler.hh;src/CMakeLists.txt;tests/CMakeLists.txt;tools/CMakeLists.txt,,"Inspect the cited read scope, implement implement clang cuda action mapping in the isolated F04 lane, add the focused ce_ccp1_f04_002 gate, and publish a source-linked receipt."
CE-CCP1-F04-003,CE-CCP1-F04-000,task,Implement LLVM/NVPTX module boundary,planned,828,serial_in_lane,f04;compiler-backend-nvptx;leaf,1,0,1,0,bench/compiler/backend/nvptx;include/Cellerator/compiler/backend/nvptx;include/Cellerator/compiler/backend/nvptx/implement_llvm_nvptx_module_boundary_v1.hh;src/compiler/backend/nvptx;src/compiler/backend/nvptx/implement_llvm_nvptx_module_boundary.cc;tests/compiler/backend/nvptx;tests/compiler/backend/nvptx/implement_llvm_nvptx_module_boundary_test.cc,docs/language;include/Cellerator/geometry/persistence/execution_capability_manifest_v1.hh;src/compute/architecture/providers/nvidia,.gitmodules;CMakeLists.txt;bench/CMakeLists.txt;cmake/compiler/CelleratorCompilerTargets.cmake;cmake/package/CelleratorConfig.cmake.in;cmake/package/CelleratorConfigVersion.cmake.in;include/Cellerator/Cellerator.hh;include/Cellerator/compiler.hh;src/CMakeLists.txt;tests/CMakeLists.txt;tools/CMakeLists.txt,,"Inspect the cited read scope, implement implement llvm/nvptx module boundary in the isolated F04 lane, add the focused ce_ccp1_f04_003 gate, and publish a source-linked receipt."
CE-CCP1-F04-004,CE-CCP1-F04-000,task,Define direct PTX typed operation model,planned,828,serial_in_lane,f04;compiler-backend-nvptx;leaf,1,0,1,0,bench/compiler/backend/nvptx;include/Cellerator/compiler/backend/nvptx;include/Cellerator/compiler/backend/nvptx/define_direct_ptx_typed_operation_model_v1.hh;src/compiler/backend/nvptx;src/compiler/backend/nvptx/define_direct_ptx_typed_operation_model.cc;tests/compiler/backend/nvptx;tests/compiler/backend/nvptx/define_direct_ptx_typed_operation_model_test.cc,docs/language;include/Cellerator/geometry/persistence/execution_capability_manifest_v1.hh;src/compute/architecture/providers/nvidia,.gitmodules;CMakeLists.txt;bench/CMakeLists.txt;cmake/compiler/CelleratorCompilerTargets.cmake;cmake/package/CelleratorConfig.cmake.in;cmake/package/CelleratorConfigVersion.cmake.in;include/Cellerator/Cellerator.hh;include/Cellerator/compiler.hh;src/CMakeLists.txt;tests/CMakeLists.txt;tools/CMakeLists.txt,,"Inspect the cited read scope, implement define direct ptx typed operation model in the isolated F04 lane, add the focused ce_ccp1_f04_004 gate, and publish a source-linked receipt."
CE-CCP1-F04-005,CE-CCP1-F04-000,task,Implement inline PTX/native block binding,planned,828,serial_in_lane,f04;compiler-backend-nvptx;leaf,1,0,1,0,bench/compiler/backend/nvptx;include/Cellerator/compiler/backend/nvptx;include/Cellerator/compiler/backend/nvptx/implement_inline_ptx_native_block_binding_v1.hh;src/compiler/backend/nvptx;src/compiler/backend/nvptx/implement_inline_ptx_native_block_binding.cc;tests/compiler/backend/nvptx;tests/compiler/backend/nvptx/implement_inline_ptx_native_block_binding_test.cc,docs/language;include/Cellerator/geometry/persistence/execution_capability_manifest_v1.hh;src/compute/architecture/providers/nvidia,.gitmodules;CMakeLists.txt;bench/CMakeLists.txt;cmake/compiler/CelleratorCompilerTargets.cmake;cmake/package/CelleratorConfig.cmake.in;cmake/package/CelleratorConfigVersion.cmake.in;include/Cellerator/Cellerator.hh;include/Cellerator/compiler.hh;src/CMakeLists.txt;tests/CMakeLists.txt;tools/CMakeLists.txt,,"Inspect the cited read scope, implement implement inline ptx/native block binding in the isolated F04 lane, add the focused ce_ccp1_f04_005 gate, and publish a source-linked receipt."
CE-CCP1-F04-006,CE-CCP1-F04-000,task,Implement PTX emission and ptxas assembly,planned,828,serial_in_lane,f04;compiler-backend-nvptx;leaf,1,0,1,0,bench/compiler/backend/nvptx;include/Cellerator/compiler/backend/nvptx;include/Cellerator/compiler/backend/nvptx/implement_ptx_emission_and_ptxas_assembly_v1.hh;src/compiler/backend/nvptx;src/compiler/backend/nvptx/implement_ptx_emission_and_ptxas_assembly.cc;tests/compiler/backend/nvptx;tests/compiler/backend/nvptx/implement_ptx_emission_and_ptxas_assembly_test.cc,docs/language;include/Cellerator/geometry/persistence/execution_capability_manifest_v1.hh;src/compute/architecture/providers/nvidia,.gitmodules;CMakeLists.txt;bench/CMakeLists.txt;cmake/compiler/CelleratorCompilerTargets.cmake;cmake/package/CelleratorConfig.cmake.in;cmake/package/CelleratorConfigVersion.cmake.in;include/Cellerator/Cellerator.hh;include/Cellerator/compiler.hh;src/CMakeLists.txt;tests/CMakeLists.txt;tools/CMakeLists.txt,,"Inspect the cited read scope, implement implement ptx emission and ptxas assembly in the isolated F04 lane, add the focused ce_ccp1_f04_006 gate, and publish a source-linked receipt."
CE-CCP1-F04-007,CE-CCP1-F04-000,task,Implement fatbinary/object embedding for direct PTX,planned,828,serial_in_lane,f04;compiler-backend-nvptx;leaf,1,0,1,0,bench/compiler/backend/nvptx;include/Cellerator/compiler/backend/nvptx;include/Cellerator/compiler/backend/nvptx/implement_fatbinary_object_embedding_for_direct_ptx_v1.hh;src/compiler/backend/nvptx;src/compiler/backend/nvptx/implement_fatbinary_object_embedding_for_direct_ptx.cc;tests/compiler/backend/nvptx;tests/compiler/backend/nvptx/implement_fatbinary_object_embedding_for_direct_ptx_test.cc,docs/language;include/Cellerator/geometry/persistence/execution_capability_manifest_v1.hh;src/compute/architecture/providers/nvidia,.gitmodules;CMakeLists.txt;bench/CMakeLists.txt;cmake/compiler/CelleratorCompilerTargets.cmake;cmake/package/CelleratorConfig.cmake.in;cmake/package/CelleratorConfigVersion.cmake.in;include/Cellerator/Cellerator.hh;include/Cellerator/compiler.hh;src/CMakeLists.txt;tests/CMakeLists.txt;tools/CMakeLists.txt,,"Inspect the cited read scope, implement implement fatbinary/object embedding for direct ptx in the isolated F04 lane, add the focused ce_ccp1_f04_007 gate, and publish a source-linked receipt."
CE-CCP1-F04-008,CE-CCP1-F04-000,task,Map target capabilities and instruction families,planned,828,serial_in_lane,f04;compiler-backend-nvptx;leaf,1,0,1,0,bench/compiler/backend/nvptx;include/Cellerator/compiler/backend/nvptx;include/Cellerator/compiler/backend/nvptx/map_target_capabilities_and_instruction_families_v1.hh;src/compiler/backend/nvptx;src/compiler/backend/nvptx/map_target_capabilities_and_instruction_families.cc;tests/compiler/backend/nvptx;tests/compiler/backend/nvptx/map_target_capabilities_and_instruction_families_test.cc,docs/language;include/Cellerator/geometry/persistence/execution_capability_manifest_v1.hh;src/compute/architecture/providers/nvidia,.gitmodules;CMakeLists.txt;bench/CMakeLists.txt;cmake/compiler/CelleratorCompilerTargets.cmake;cmake/package/CelleratorConfig.cmake.in;cmake/package/CelleratorConfigVersion.cmake.in;include/Cellerator/Cellerator.hh;include/Cellerator/compiler.hh;src/CMakeLists.txt;tests/CMakeLists.txt;tools/CMakeLists.txt,,"Inspect the cited read scope, implement map target capabilities and instruction families in the isolated F04 lane, add the focused ce_ccp1_f04_008 gate, and publish a source-linked receipt."
CE-CCP1-F04-009,CE-CCP1-F04-000,task,Implement source-to-PTX provenance,planned,828,serial_in_lane,f04;compiler-backend-nvptx;leaf,1,0,1,0,bench/compiler/backend/nvptx;include/Cellerator/compiler/backend/nvptx;include/Cellerator/compiler/backend/nvptx/implement_source_to_ptx_provenance_v1.hh;src/compiler/backend/nvptx;src/compiler/backend/nvptx/implement_source_to_ptx_provenance.cc;tests/compiler/backend/nvptx;tests/compiler/backend/nvptx/implement_source_to_ptx_provenance_test.cc,docs/language;include/Cellerator/geometry/persistence/execution_capability_manifest_v1.hh;src/compute/architecture/providers/nvidia,.gitmodules;CMakeLists.txt;bench/CMakeLists.txt;cmake/compiler/CelleratorCompilerTargets.cmake;cmake/package/CelleratorConfig.cmake.in;cmake/package/CelleratorConfigVersion.cmake.in;include/Cellerator/Cellerator.hh;include/Cellerator/compiler.hh;src/CMakeLists.txt;tests/CMakeLists.txt;tools/CMakeLists.txt,,"Inspect the cited read scope, implement implement source-to-ptx provenance in the isolated F04 lane, add the focused ce_ccp1_f04_009 gate, and publish a source-linked receipt."
CE-CCP1-F04-010,CE-CCP1-F04-000,validation_task,Deliver a direct-PTX hot-path demonstration,planned,828,serial_in_lane,f04;compiler-backend-nvptx;leaf,1,0,1,0,bench/compiler/backend/nvptx;include/Cellerator/compiler/backend/nvptx;include/Cellerator/compiler/backend/nvptx/deliver_a_direct_ptx_hot_path_demonstration_v1.hh;src/compiler/backend/nvptx;src/compiler/backend/nvptx/deliver_a_direct_ptx_hot_path_demonstration.cc;tests/compiler/backend/nvptx;tests/compiler/backend/nvptx/deliver_a_direct_ptx_hot_path_demonstration_test.cc,docs/language;include/Cellerator/geometry/persistence/execution_capability_manifest_v1.hh;src/compute/architecture/providers/nvidia,.gitmodules;CMakeLists.txt;bench/CMakeLists.txt;cmake/compiler/CelleratorCompilerTargets.cmake;cmake/package/CelleratorConfig.cmake.in;cmake/package/CelleratorConfigVersion.cmake.in;include/Cellerator/Cellerator.hh;include/Cellerator/compiler.hh;src/CMakeLists.txt;tests/CMakeLists.txt;tools/CMakeLists.txt,,"Inspect the cited read scope, implement deliver a direct-ptx hot-path demonstration in the isolated F04 lane, add the focused ce_ccp1_f04_010 gate, and publish a source-linked receipt."
CE-CCP1-F04-011,CE-CCP1-F04-000,task,"Compare NVCC, Clang CUDA, and direct PTX routes",planned,828,serial_in_lane,f04;compiler-backend-nvptx;leaf,1,0,1,0,bench/compiler/backend/nvptx;include/Cellerator/compiler/backend/nvptx;include/Cellerator/compiler/backend/nvptx/compare_nvcc_clang_cuda_and_direct_ptx_routes_v1.hh;src/compiler/backend/nvptx;src/compiler/backend/nvptx/compare_nvcc_clang_cuda_and_direct_ptx_routes.cc;tests/compiler/backend/nvptx;tests/compiler/backend/nvptx/compare_nvcc_clang_cuda_and_direct_ptx_routes_test.cc,docs/language;include/Cellerator/geometry/persistence/execution_capability_manifest_v1.hh;src/compute/architecture/providers/nvidia,.gitmodules;CMakeLists.txt;bench/CMakeLists.txt;cmake/compiler/CelleratorCompilerTargets.cmake;cmake/package/CelleratorConfig.cmake.in;cmake/package/CelleratorConfigVersion.cmake.in;include/Cellerator/Cellerator.hh;include/Cellerator/compiler.hh;src/CMakeLists.txt;tests/CMakeLists.txt;tools/CMakeLists.txt,,"Inspect the cited read scope, implement compare nvcc, clang cuda, and direct ptx routes in the isolated F04 lane, add the focused ce_ccp1_f04_011 gate, and publish a source-linked receipt."
CE-CCP1-F04-012,CE-CCP1-F04-000,validation_task,Validate backend fallback and mixed routes,planned,828,serial_in_lane,f04;compiler-backend-nvptx;leaf,1,0,1,0,bench/compiler/backend/nvptx;include/Cellerator/compiler/backend/nvptx;include/Cellerator/compiler/backend/nvptx/validate_backend_fallback_and_mixed_routes_v1.hh;src/compiler/backend/nvptx;src/compiler/backend/nvptx/validate_backend_fallback_and_mixed_routes.cc;tests/compiler/backend/nvptx;tests/compiler/backend/nvptx/validate_backend_fallback_and_mixed_routes_test.cc,docs/language;include/Cellerator/geometry/persistence/execution_capability_manifest_v1.hh;src/compute/architecture/providers/nvidia,.gitmodules;CMakeLists.txt;bench/CMakeLists.txt;cmake/compiler/CelleratorCompilerTargets.cmake;cmake/package/CelleratorConfig.cmake.in;cmake/package/CelleratorConfigVersion.cmake.in;include/Cellerator/Cellerator.hh;include/Cellerator/compiler.hh;src/CMakeLists.txt;tests/CMakeLists.txt;tools/CMakeLists.txt,,"Inspect the cited read scope, implement validate backend fallback and mixed routes in the isolated F04 lane, add the focused ce_ccp1_f04_012 gate, and publish a source-linked receipt."
CE-CCP1-F04-013,CE-CCP1-F04-000,validation_task,Freeze optional NVIDIA backend routes,planned,828,serial_in_lane,f04;compiler-backend-nvptx;leaf,3,1,1,2,bench/compiler/backend/nvptx;include/Cellerator/compiler/backend/nvptx;include/Cellerator/compiler/backend/nvptx/freeze_optional_nvidia_backend_routes_v1.hh;src/compiler/backend/nvptx;src/compiler/backend/nvptx/freeze_optional_nvidia_backend_routes.cc;tests/compiler/backend/nvptx;tests/compiler/backend/nvptx/freeze_optional_nvidia_backend_routes_test.cc,docs/language;include/Cellerator/geometry/persistence/execution_capability_manifest_v1.hh;src/compute/architecture/providers/nvidia,.gitmodules;CMakeLists.txt;bench/CMakeLists.txt;cmake/compiler/CelleratorCompilerTargets.cmake;cmake/package/CelleratorConfig.cmake.in;cmake/package/CelleratorConfigVersion.cmake.in;include/Cellerator/Cellerator.hh;include/Cellerator/compiler.hh;src/CMakeLists.txt;tests/CMakeLists.txt;tools/CMakeLists.txt,,"Inspect the cited read scope, implement freeze optional nvidia backend routes in the isolated F04 lane, add the focused ce_ccp1_f04_013 gate, and publish a source-linked receipt."
CE-CCP1-G01-000,CE-CCP1-P60,workstream,Source reflection and inline writable CEIR,planned,877,serial_lane,workstream;g01;compiler-reflection,1,0,0,0,include/Cellerator/compiler/reflection;src/compiler/reflection;tests/compiler/reflection,docs/language;include/Cellerator/compiler/ir;include/Cellerator/compiler/ast,CMakeLists.txt;src/CMakeLists.txt;tools/CMakeLists.txt;tests/CMakeLists.txt;bench/CMakeLists.txt;include/Cellerator/Cellerator.hh;include/Cellerator/compiler.hh;.gitmodules;cmake/package/CelleratorConfig.cmake.in;cmake/package/CelleratorConfigVersion.cmake.in;cmake/compiler/CelleratorCompilerTargets.cmake,,Claim G01-001 after milestone prerequisites are reached.
CE-CCP1-G01-001,CE-CCP1-G01-000,validation_task,Freeze the compile-time IR handle model,planned,827,serial_in_lane,g01;compiler-reflection;leaf,1,0,1,0,include/Cellerator/compiler/reflection;include/Cellerator/compiler/reflection/freeze_the_compile_time_ir_handle_model_v1.hh;src/compiler/reflection;src/compiler/reflection/freeze_the_compile_time_ir_handle_model.cc;tests/compiler/reflection;tests/compiler/reflection/freeze_the_compile_time_ir_handle_model_test.cc,docs/language;include/Cellerator/compiler/ast;include/Cellerator/compiler/ir,.gitmodules;CMakeLists.txt;bench/CMakeLists.txt;cmake/compiler/CelleratorCompilerTargets.cmake;cmake/package/CelleratorConfig.cmake.in;cmake/package/CelleratorConfigVersion.cmake.in;include/Cellerator/Cellerator.hh;include/Cellerator/compiler.hh;src/CMakeLists.txt;tests/CMakeLists.txt;tools/CMakeLists.txt,,"Inspect the cited read scope, implement freeze the compile-time ir handle model in the isolated G01 lane, add the focused ce_ccp1_g01_001 gate, and publish a source-linked receipt."
CE-CCP1-G01-002,CE-CCP1-G01-000,task,Implement reflection of current and named execution fields,planned,827,serial_in_lane,g01;compiler-reflection;leaf,1,0,1,0,include/Cellerator/compiler/reflection;include/Cellerator/compiler/reflection/implement_reflection_of_current_and_named_execution_fiel_v1.hh;src/compiler/reflection;src/compiler/reflection/implement_reflection_of_current_and_named_execution_fiel.cc;tests/compiler/reflection;tests/compiler/reflection/implement_reflection_of_current_and_named_execution_fiel_test.cc,docs/language;include/Cellerator/compiler/ast;include/Cellerator/compiler/ir,.gitmodules;CMakeLists.txt;bench/CMakeLists.txt;cmake/compiler/CelleratorCompilerTargets.cmake;cmake/package/CelleratorConfig.cmake.in;cmake/package/CelleratorConfigVersion.cmake.in;include/Cellerator/Cellerator.hh;include/Cellerator/compiler.hh;src/CMakeLists.txt;tests/CMakeLists.txt;tools/CMakeLists.txt,,"Inspect the cited read scope, implement implement reflection of current and named execution fields in the isolated G01 lane, add the focused ce_ccp1_g01_002 gate, and publish a source-linked receipt."
CE-CCP1-G01-003,CE-CCP1-G01-000,task,Implement reflection of operations and relations,planned,827,serial_in_lane,g01;compiler-reflection;leaf,1,0,1,0,include/Cellerator/compiler/reflection;include/Cellerator/compiler/reflection/implement_reflection_of_operations_and_relations_v1.hh;src/compiler/reflection;src/compiler/reflection/implement_reflection_of_operations_and_relations.cc;tests/compiler/reflection;tests/compiler/reflection/implement_reflection_of_operations_and_relations_test.cc,docs/language;include/Cellerator/compiler/ast;include/Cellerator/compiler/ir,.gitmodules;CMakeLists.txt;bench/CMakeLists.txt;cmake/compiler/CelleratorCompilerTargets.cmake;cmake/package/CelleratorConfig.cmake.in;cmake/package/CelleratorConfigVersion.cmake.in;include/Cellerator/Cellerator.hh;include/Cellerator/compiler.hh;src/CMakeLists.txt;tests/CMakeLists.txt;tools/CMakeLists.txt,,"Inspect the cited read scope, implement implement reflection of operations and relations in the isolated G01 lane, add the focused ce_ccp1_g01_003 gate, and publish a source-linked receipt."
CE-CCP1-G01-004,CE-CCP1-G01-000,task,Implement reflection of profile environments,planned,827,serial_in_lane,g01;compiler-reflection;leaf,1,0,1,0,include/Cellerator/compiler/reflection;include/Cellerator/compiler/reflection/implement_reflection_of_profile_environments_v1.hh;src/compiler/reflection;src/compiler/reflection/implement_reflection_of_profile_environments.cc;tests/compiler/reflection;tests/compiler/reflection/implement_reflection_of_profile_environments_test.cc,docs/language;include/Cellerator/compiler/ast;include/Cellerator/compiler/ir,.gitmodules;CMakeLists.txt;bench/CMakeLists.txt;cmake/compiler/CelleratorCompilerTargets.cmake;cmake/package/CelleratorConfig.cmake.in;cmake/package/CelleratorConfigVersion.cmake.in;include/Cellerator/Cellerator.hh;include/Cellerator/compiler.hh;src/CMakeLists.txt;tests/CMakeLists.txt;tools/CMakeLists.txt,,"Inspect the cited read scope, implement implement reflection of profile environments in the isolated G01 lane, add the focused ce_ccp1_g01_004 gate, and publish a source-linked receipt."
CE-CCP1-G01-005,CE-CCP1-G01-000,task,Implement reflection of Planning IR search spaces,planned,827,serial_in_lane,g01;compiler-reflection;leaf,1,0,1,0,include/Cellerator/compiler/reflection;include/Cellerator/compiler/reflection/implement_reflection_of_planning_ir_search_spaces_v1.hh;src/compiler/reflection;src/compiler/reflection/implement_reflection_of_planning_ir_search_spaces.cc;tests/compiler/reflection;tests/compiler/reflection/implement_reflection_of_planning_ir_search_spaces_test.cc,docs/language;include/Cellerator/compiler/ast;include/Cellerator/compiler/ir,.gitmodules;CMakeLists.txt;bench/CMakeLists.txt;cmake/compiler/CelleratorCompilerTargets.cmake;cmake/package/CelleratorConfig.cmake.in;cmake/package/CelleratorConfigVersion.cmake.in;include/Cellerator/Cellerator.hh;include/Cellerator/compiler.hh;src/CMakeLists.txt;tests/CMakeLists.txt;tools/CMakeLists.txt,,"Inspect the cited read scope, implement implement reflection of planning ir search spaces in the isolated G01 lane, add the focused ce_ccp1_g01_005 gate, and publish a source-linked receipt."
CE-CCP1-G01-006,CE-CCP1-G01-000,task,Implement reflection of Realization IR,planned,827,serial_in_lane,g01;compiler-reflection;leaf,1,0,1,0,include/Cellerator/compiler/reflection;include/Cellerator/compiler/reflection/implement_reflection_of_realization_ir_v1.hh;src/compiler/reflection;src/compiler/reflection/implement_reflection_of_realization_ir.cc;tests/compiler/reflection;tests/compiler/reflection/implement_reflection_of_realization_ir_test.cc,docs/language;include/Cellerator/compiler/ast;include/Cellerator/compiler/ir,.gitmodules;CMakeLists.txt;bench/CMakeLists.txt;cmake/compiler/CelleratorCompilerTargets.cmake;cmake/package/CelleratorConfig.cmake.in;cmake/package/CelleratorConfigVersion.cmake.in;include/Cellerator/Cellerator.hh;include/Cellerator/compiler.hh;src/CMakeLists.txt;tests/CMakeLists.txt;tools/CMakeLists.txt,,"Inspect the cited read scope, implement implement reflection of realization ir in the isolated G01 lane, add the focused ce_ccp1_g01_006 gate, and publish a source-linked receipt."
CE-CCP1-G01-007,CE-CCP1-G01-000,task,Integrate reflection with C++ templates and constant evaluation,planned,827,serial_in_lane,g01;compiler-reflection;leaf,1,0,1,0,include/Cellerator/compiler/reflection;include/Cellerator/compiler/reflection/integrate_reflection_with_c_templates_and_constant_evalu_v1.hh;src/compiler/reflection;src/compiler/reflection/integrate_reflection_with_c_templates_and_constant_evalu.cc;tests/compiler/reflection;tests/compiler/reflection/integrate_reflection_with_c_templates_and_constant_evalu_test.cc,docs/language;include/Cellerator/compiler/ast;include/Cellerator/compiler/ir,.gitmodules;CMakeLists.txt;bench/CMakeLists.txt;cmake/compiler/CelleratorCompilerTargets.cmake;cmake/package/CelleratorConfig.cmake.in;cmake/package/CelleratorConfigVersion.cmake.in;include/Cellerator/Cellerator.hh;include/Cellerator/compiler.hh;src/CMakeLists.txt;tests/CMakeLists.txt;tools/CMakeLists.txt,,"Inspect the cited read scope, implement integrate reflection with c++ templates and constant evaluation in the isolated G01 lane, add the focused ce_ccp1_g01_007 gate, and publish a source-linked receipt."
CE-CCP1-G01-008,CE-CCP1-G01-000,task,Implement compile-time CEIR builders,planned,827,serial_in_lane,g01;compiler-reflection;leaf,1,0,1,0,include/Cellerator/compiler/reflection;include/Cellerator/compiler/reflection/implement_compile_time_ceir_builders_v1.hh;src/compiler/reflection;src/compiler/reflection/implement_compile_time_ceir_builders.cc;tests/compiler/reflection;tests/compiler/reflection/implement_compile_time_ceir_builders_test.cc,docs/language;include/Cellerator/compiler/ast;include/Cellerator/compiler/ir,.gitmodules;CMakeLists.txt;bench/CMakeLists.txt;cmake/compiler/CelleratorCompilerTargets.cmake;cmake/package/CelleratorConfig.cmake.in;cmake/package/CelleratorConfigVersion.cmake.in;include/Cellerator/Cellerator.hh;include/Cellerator/compiler.hh;src/CMakeLists.txt;tests/CMakeLists.txt;tools/CMakeLists.txt,,"Inspect the cited read scope, implement implement compile-time ceir builders in the isolated G01 lane, add the focused ce_ccp1_g01_008 gate, and publish a source-linked receipt."
CE-CCP1-G01-009,CE-CCP1-G01-000,task,Implement inline Semantic IR blocks,planned,827,serial_in_lane,g01;compiler-reflection;leaf,1,0,1,0,include/Cellerator/compiler/reflection;include/Cellerator/compiler/reflection/implement_inline_semantic_ir_blocks_v1.hh;src/compiler/reflection;src/compiler/reflection/implement_inline_semantic_ir_blocks.cc;tests/compiler/reflection;tests/compiler/reflection/implement_inline_semantic_ir_blocks_test.cc,docs/language;include/Cellerator/compiler/ast;include/Cellerator/compiler/ir,.gitmodules;CMakeLists.txt;bench/CMakeLists.txt;cmake/compiler/CelleratorCompilerTargets.cmake;cmake/package/CelleratorConfig.cmake.in;cmake/package/CelleratorConfigVersion.cmake.in;include/Cellerator/Cellerator.hh;include/Cellerator/compiler.hh;src/CMakeLists.txt;tests/CMakeLists.txt;tools/CMakeLists.txt,,"Inspect the cited read scope, implement implement inline semantic ir blocks in the isolated G01 lane, add the focused ce_ccp1_g01_009 gate, and publish a source-linked receipt."
CE-CCP1-G01-010,CE-CCP1-G01-000,task,Implement inline Planning IR blocks,planned,827,serial_in_lane,g01;compiler-reflection;leaf,1,0,1,0,include/Cellerator/compiler/reflection;include/Cellerator/compiler/reflection/implement_inline_planning_ir_blocks_v1.hh;src/compiler/reflection;src/compiler/reflection/implement_inline_planning_ir_blocks.cc;tests/compiler/reflection;tests/compiler/reflection/implement_inline_planning_ir_blocks_test.cc,docs/language;include/Cellerator/compiler/ast;include/Cellerator/compiler/ir,.gitmodules;CMakeLists.txt;bench/CMakeLists.txt;cmake/compiler/CelleratorCompilerTargets.cmake;cmake/package/CelleratorConfig.cmake.in;cmake/package/CelleratorConfigVersion.cmake.in;include/Cellerator/Cellerator.hh;include/Cellerator/compiler.hh;src/CMakeLists.txt;tests/CMakeLists.txt;tools/CMakeLists.txt,,"Inspect the cited read scope, implement implement inline planning ir blocks in the isolated G01 lane, add the focused ce_ccp1_g01_010 gate, and publish a source-linked receipt."
CE-CCP1-G01-011,CE-CCP1-G01-000,task,Implement inline Realization IR blocks,planned,827,serial_in_lane,g01;compiler-reflection;leaf,1,0,1,0,include/Cellerator/compiler/reflection;include/Cellerator/compiler/reflection/implement_inline_realization_ir_blocks_v1.hh;src/compiler/reflection;src/compiler/reflection/implement_inline_realization_ir_blocks.cc;tests/compiler/reflection;tests/compiler/reflection/implement_inline_realization_ir_blocks_test.cc,docs/language;include/Cellerator/compiler/ast;include/Cellerator/compiler/ir,.gitmodules;CMakeLists.txt;bench/CMakeLists.txt;cmake/compiler/CelleratorCompilerTargets.cmake;cmake/package/CelleratorConfig.cmake.in;cmake/package/CelleratorConfigVersion.cmake.in;include/Cellerator/Cellerator.hh;include/Cellerator/compiler.hh;src/CMakeLists.txt;tests/CMakeLists.txt;tools/CMakeLists.txt,,"Inspect the cited read scope, implement implement inline realization ir blocks in the isolated G01 lane, add the focused ce_ccp1_g01_011 gate, and publish a source-linked receipt."
CE-CCP1-G01-012,CE-CCP1-G01-000,task,Implement typed capture and result binding,planned,827,serial_in_lane,g01;compiler-reflection;leaf,1,0,1,0,include/Cellerator/compiler/reflection;include/Cellerator/compiler/reflection/implement_typed_capture_and_result_binding_v1.hh;src/compiler/reflection;src/compiler/reflection/implement_typed_capture_and_result_binding.cc;tests/compiler/reflection;tests/compiler/reflection/implement_typed_capture_and_result_binding_test.cc,docs/language;include/Cellerator/compiler/ast;include/Cellerator/compiler/ir,.gitmodules;CMakeLists.txt;bench/CMakeLists.txt;cmake/compiler/CelleratorCompilerTargets.cmake;cmake/package/CelleratorConfig.cmake.in;cmake/package/CelleratorConfigVersion.cmake.in;include/Cellerator/Cellerator.hh;include/Cellerator/compiler.hh;src/CMakeLists.txt;tests/CMakeLists.txt;tools/CMakeLists.txt,,"Inspect the cited read scope, implement implement typed capture and result binding in the isolated G01 lane, add the focused ce_ccp1_g01_012 gate, and publish a source-linked receipt."
CE-CCP1-G01-013,CE-CCP1-G01-000,task,Implement operation replacement and IR splicing,planned,827,serial_in_lane,g01;compiler-reflection;leaf,1,0,1,0,include/Cellerator/compiler/reflection;include/Cellerator/compiler/reflection/implement_operation_replacement_and_ir_splicing_v1.hh;src/compiler/reflection;src/compiler/reflection/implement_operation_replacement_and_ir_splicing.cc;tests/compiler/reflection;tests/compiler/reflection/implement_operation_replacement_and_ir_splicing_test.cc,docs/language;include/Cellerator/compiler/ast;include/Cellerator/compiler/ir,.gitmodules;CMakeLists.txt;bench/CMakeLists.txt;cmake/compiler/CelleratorCompilerTargets.cmake;cmake/package/CelleratorConfig.cmake.in;cmake/package/CelleratorConfigVersion.cmake.in;include/Cellerator/Cellerator.hh;include/Cellerator/compiler.hh;src/CMakeLists.txt;tests/CMakeLists.txt;tools/CMakeLists.txt,,"Inspect the cited read scope, implement implement operation replacement and ir splicing in the isolated G01 lane, add the focused ce_ccp1_g01_013 gate, and publish a source-linked receipt."
CE-CCP1-G01-014,CE-CCP1-G01-000,task,Define identity and generation behavior under inline IR,planned,827,serial_in_lane,g01;compiler-reflection;leaf,1,0,1,0,include/Cellerator/compiler/reflection;include/Cellerator/compiler/reflection/define_identity_and_generation_behavior_under_inline_ir_v1.hh;src/compiler/reflection;src/compiler/reflection/define_identity_and_generation_behavior_under_inline_ir.cc;tests/compiler/reflection;tests/compiler/reflection/define_identity_and_generation_behavior_under_inline_ir_test.cc,docs/language;include/Cellerator/compiler/ast;include/Cellerator/compiler/ir,.gitmodules;CMakeLists.txt;bench/CMakeLists.txt;cmake/compiler/CelleratorCompilerTargets.cmake;cmake/package/CelleratorConfig.cmake.in;cmake/package/CelleratorConfigVersion.cmake.in;include/Cellerator/Cellerator.hh;include/Cellerator/compiler.hh;src/CMakeLists.txt;tests/CMakeLists.txt;tools/CMakeLists.txt,,"Inspect the cited read scope, implement define identity and generation behavior under inline ir in the isolated G01 lane, add the focused ce_ccp1_g01_014 gate, and publish a source-linked receipt."
CE-CCP1-G01-015,CE-CCP1-G01-000,task,Expose reflection and inline-IR diagnostics,planned,827,serial_in_lane,g01;compiler-reflection;leaf,1,0,1,0,include/Cellerator/compiler/reflection;include/Cellerator/compiler/reflection/expose_reflection_and_inline_ir_diagnostics_v1.hh;src/compiler/reflection;src/compiler/reflection/expose_reflection_and_inline_ir_diagnostics.cc;tests/compiler/reflection;tests/compiler/reflection/expose_reflection_and_inline_ir_diagnostics_test.cc,docs/language;include/Cellerator/compiler/ast;include/Cellerator/compiler/ir,.gitmodules;CMakeLists.txt;bench/CMakeLists.txt;cmake/compiler/CelleratorCompilerTargets.cmake;cmake/package/CelleratorConfig.cmake.in;cmake/package/CelleratorConfigVersion.cmake.in;include/Cellerator/Cellerator.hh;include/Cellerator/compiler.hh;src/CMakeLists.txt;tests/CMakeLists.txt;tools/CMakeLists.txt,,"Inspect the cited read scope, implement expose reflection and inline-ir diagnostics in the isolated G01 lane, add the focused ce_ccp1_g01_015 gate, and publish a source-linked receipt."
CE-CCP1-G01-016,CE-CCP1-G01-000,validation_task,Deliver the first source-defined inline rewrite,planned,827,serial_in_lane,g01;compiler-reflection;leaf,4,1,1,3,include/Cellerator/compiler/reflection;include/Cellerator/compiler/reflection/deliver_the_first_source_defined_inline_rewrite_v1.hh;src/compiler/reflection;src/compiler/reflection/deliver_the_first_source_defined_inline_rewrite.cc;tests/compiler/reflection;tests/compiler/reflection/deliver_the_first_source_defined_inline_rewrite_test.cc,docs/language;include/Cellerator/compiler/ast;include/Cellerator/compiler/ir,.gitmodules;CMakeLists.txt;bench/CMakeLists.txt;cmake/compiler/CelleratorCompilerTargets.cmake;cmake/package/CelleratorConfig.cmake.in;cmake/package/CelleratorConfigVersion.cmake.in;include/Cellerator/Cellerator.hh;include/Cellerator/compiler.hh;src/CMakeLists.txt;tests/CMakeLists.txt;tools/CMakeLists.txt,,"Inspect the cited read scope, implement deliver the first source-defined inline rewrite in the isolated G01 lane, add the focused ce_ccp1_g01_016 gate, and publish a source-linked receipt."
CE-CCP1-G02-000,CE-CCP1-P60,workstream,"Open pass pipeline, custom extensions, and same-compilation transforms",planned,876,serial_lane,workstream;g02;compiler-pass,2,0,0,0,include/Cellerator/compiler/pass;src/compiler/pass;tests/compiler/pass,docs/language;include/Cellerator/compiler/ir;include/Cellerator/compiler/reflection,CMakeLists.txt;src/CMakeLists.txt;tools/CMakeLists.txt;tests/CMakeLists.txt;bench/CMakeLists.txt;include/Cellerator/Cellerator.hh;include/Cellerator/compiler.hh;.gitmodules;cmake/package/CelleratorConfig.cmake.in;cmake/package/CelleratorConfigVersion.cmake.in;cmake/compiler/CelleratorCompilerTargets.cmake,,Claim G02-001 after milestone prerequisites are reached.
CE-CCP1-G02-001,CE-CCP1-G02-000,validation_task,Freeze the pass pipeline stage taxonomy,planned,826,serial_in_lane,g02;compiler-pass;leaf,2,0,1,0,include/Cellerator/compiler/pass;include/Cellerator/compiler/pass/freeze_the_pass_pipeline_stage_taxonomy_v1.hh;src/compiler/pass;src/compiler/pass/freeze_the_pass_pipeline_stage_taxonomy.cc;tests/compiler/pass;tests/compiler/pass/freeze_the_pass_pipeline_stage_taxonomy_test.cc,docs/language;include/Cellerator/compiler/ir;include/Cellerator/compiler/reflection,.gitmodules;CMakeLists.txt;bench/CMakeLists.txt;cmake/compiler/CelleratorCompilerTargets.cmake;cmake/package/CelleratorConfig.cmake.in;cmake/package/CelleratorConfigVersion.cmake.in;include/Cellerator/Cellerator.hh;include/Cellerator/compiler.hh;src/CMakeLists.txt;tests/CMakeLists.txt;tools/CMakeLists.txt,,"Inspect the cited read scope, implement freeze the pass pipeline stage taxonomy in the isolated G02 lane, add the focused ce_ccp1_g02_001 gate, and publish a source-linked receipt."
CE-CCP1-G02-002,CE-CCP1-G02-000,task,Implement pass manager and analysis invalidation,planned,826,serial_in_lane,g02;compiler-pass;leaf,1,0,1,0,include/Cellerator/compiler/pass;include/Cellerator/compiler/pass/implement_pass_manager_and_analysis_invalidation_v1.hh;src/compiler/pass;src/compiler/pass/implement_pass_manager_and_analysis_invalidation.cc;tests/compiler/pass;tests/compiler/pass/implement_pass_manager_and_analysis_invalidation_test.cc,docs/language;include/Cellerator/compiler/ir;include/Cellerator/compiler/reflection,.gitmodules;CMakeLists.txt;bench/CMakeLists.txt;cmake/compiler/CelleratorCompilerTargets.cmake;cmake/package/CelleratorConfig.cmake.in;cmake/package/CelleratorConfigVersion.cmake.in;include/Cellerator/Cellerator.hh;include/Cellerator/compiler.hh;src/CMakeLists.txt;tests/CMakeLists.txt;tools/CMakeLists.txt,,"Inspect the cited read scope, implement implement pass manager and analysis invalidation in the isolated G02 lane, add the focused ce_ccp1_g02_002 gate, and publish a source-linked receipt."
CE-CCP1-G02-003,CE-CCP1-G02-000,task,Implement pipeline configuration syntax and APIs,planned,826,serial_in_lane,g02;compiler-pass;leaf,1,0,1,0,include/Cellerator/compiler/pass;include/Cellerator/compiler/pass/implement_pipeline_configuration_syntax_and_apis_v1.hh;src/compiler/pass;src/compiler/pass/implement_pipeline_configuration_syntax_and_apis.cc;tests/compiler/pass;tests/compiler/pass/implement_pipeline_configuration_syntax_and_apis_test.cc,docs/language;include/Cellerator/compiler/ir;include/Cellerator/compiler/reflection,.gitmodules;CMakeLists.txt;bench/CMakeLists.txt;cmake/compiler/CelleratorCompilerTargets.cmake;cmake/package/CelleratorConfig.cmake.in;cmake/package/CelleratorConfigVersion.cmake.in;include/Cellerator/Cellerator.hh;include/Cellerator/compiler.hh;src/CMakeLists.txt;tests/CMakeLists.txt;tools/CMakeLists.txt,,"Inspect the cited read scope, implement implement pipeline configuration syntax and apis in the isolated G02 lane, add the focused ce_ccp1_g02_003 gate, and publish a source-linked receipt."
CE-CCP1-G02-004,CE-CCP1-G02-000,task,Implement custom semantic pass API,planned,826,serial_in_lane,g02;compiler-pass;leaf,1,0,1,0,include/Cellerator/compiler/pass;include/Cellerator/compiler/pass/implement_custom_semantic_pass_api_v1.hh;src/compiler/pass;src/compiler/pass/implement_custom_semantic_pass_api.cc;tests/compiler/pass;tests/compiler/pass/implement_custom_semantic_pass_api_test.cc,docs/language;include/Cellerator/compiler/ir;include/Cellerator/compiler/reflection,.gitmodules;CMakeLists.txt;bench/CMakeLists.txt;cmake/compiler/CelleratorCompilerTargets.cmake;cmake/package/CelleratorConfig.cmake.in;cmake/package/CelleratorConfigVersion.cmake.in;include/Cellerator/Cellerator.hh;include/Cellerator/compiler.hh;src/CMakeLists.txt;tests/CMakeLists.txt;tools/CMakeLists.txt,,"Inspect the cited read scope, implement implement custom semantic pass api in the isolated G02 lane, add the focused ce_ccp1_g02_004 gate, and publish a source-linked receipt."
CE-CCP1-G02-005,CE-CCP1-G02-000,task,Implement custom planning pass API,planned,826,serial_in_lane,g02;compiler-pass;leaf,1,0,1,0,include/Cellerator/compiler/pass;include/Cellerator/compiler/pass/implement_custom_planning_pass_api_v1.hh;src/compiler/pass;src/compiler/pass/implement_custom_planning_pass_api.cc;tests/compiler/pass;tests/compiler/pass/implement_custom_planning_pass_api_test.cc,docs/language;include/Cellerator/compiler/ir;include/Cellerator/compiler/reflection,.gitmodules;CMakeLists.txt;bench/CMakeLists.txt;cmake/compiler/CelleratorCompilerTargets.cmake;cmake/package/CelleratorConfig.cmake.in;cmake/package/CelleratorConfigVersion.cmake.in;include/Cellerator/Cellerator.hh;include/Cellerator/compiler.hh;src/CMakeLists.txt;tests/CMakeLists.txt;tools/CMakeLists.txt,,"Inspect the cited read scope, implement implement custom planning pass api in the isolated G02 lane, add the focused ce_ccp1_g02_005 gate, and publish a source-linked receipt."
CE-CCP1-G02-006,CE-CCP1-G02-000,task,Implement custom realization pass API,planned,826,serial_in_lane,g02;compiler-pass;leaf,1,0,1,0,include/Cellerator/compiler/pass;include/Cellerator/compiler/pass/implement_custom_realization_pass_api_v1.hh;src/compiler/pass;src/compiler/pass/implement_custom_realization_pass_api.cc;tests/compiler/pass;tests/compiler/pass/implement_custom_realization_pass_api_test.cc,docs/language;include/Cellerator/compiler/ir;include/Cellerator/compiler/reflection,.gitmodules;CMakeLists.txt;bench/CMakeLists.txt;cmake/compiler/CelleratorCompilerTargets.cmake;cmake/package/CelleratorConfig.cmake.in;cmake/package/CelleratorConfigVersion.cmake.in;include/Cellerator/Cellerator.hh;include/Cellerator/compiler.hh;src/CMakeLists.txt;tests/CMakeLists.txt;tools/CMakeLists.txt,,"Inspect the cited read scope, implement implement custom realization pass api in the isolated G02 lane, add the focused ce_ccp1_g02_006 gate, and publish a source-linked receipt."
CE-CCP1-G02-007,CE-CCP1-G02-000,task,Implement complete built-in stage replacement,planned,826,serial_in_lane,g02;compiler-pass;leaf,1,0,1,0,include/Cellerator/compiler/pass;include/Cellerator/compiler/pass/implement_complete_built_in_stage_replacement_v1.hh;src/compiler/pass;src/compiler/pass/implement_complete_built_in_stage_replacement.cc;tests/compiler/pass;tests/compiler/pass/implement_complete_built_in_stage_replacement_test.cc,docs/language;include/Cellerator/compiler/ir;include/Cellerator/compiler/reflection,.gitmodules;CMakeLists.txt;bench/CMakeLists.txt;cmake/compiler/CelleratorCompilerTargets.cmake;cmake/package/CelleratorConfig.cmake.in;cmake/package/CelleratorConfigVersion.cmake.in;include/Cellerator/Cellerator.hh;include/Cellerator/compiler.hh;src/CMakeLists.txt;tests/CMakeLists.txt;tools/CMakeLists.txt,,"Inspect the cited read scope, implement implement complete built-in stage replacement in the isolated G02 lane, add the focused ce_ccp1_g02_007 gate, and publish a source-linked receipt."
CE-CCP1-G02-008,CE-CCP1-G02-000,task,"Define extensible operation, type, and attribute registration",planned,826,serial_in_lane,g02;compiler-pass;leaf,1,0,1,0,include/Cellerator/compiler/pass;include/Cellerator/compiler/pass/define_extensible_operation_type_and_attribute_registrat_v1.hh;src/compiler/pass;src/compiler/pass/define_extensible_operation_type_and_attribute_registrat.cc;tests/compiler/pass;tests/compiler/pass/define_extensible_operation_type_and_attribute_registrat_test.cc,docs/language;include/Cellerator/compiler/ir;include/Cellerator/compiler/reflection,.gitmodules;CMakeLists.txt;bench/CMakeLists.txt;cmake/compiler/CelleratorCompilerTargets.cmake;cmake/package/CelleratorConfig.cmake.in;cmake/package/CelleratorConfigVersion.cmake.in;include/Cellerator/Cellerator.hh;include/Cellerator/compiler.hh;src/CMakeLists.txt;tests/CMakeLists.txt;tools/CMakeLists.txt,,"Inspect the cited read scope, implement define extensible operation, type, and attribute registration in the isolated G02 lane, add the focused ce_ccp1_g02_008 gate, and publish a source-linked receipt."
CE-CCP1-G02-009,CE-CCP1-G02-000,task,Implement unknown extension preservation and forwarding,planned,826,serial_in_lane,g02;compiler-pass;leaf,1,0,1,0,include/Cellerator/compiler/pass;include/Cellerator/compiler/pass/implement_unknown_extension_preservation_and_forwarding_v1.hh;src/compiler/pass;src/compiler/pass/implement_unknown_extension_preservation_and_forwarding.cc;tests/compiler/pass;tests/compiler/pass/implement_unknown_extension_preservation_and_forwarding_test.cc,docs/language;include/Cellerator/compiler/ir;include/Cellerator/compiler/reflection,.gitmodules;CMakeLists.txt;bench/CMakeLists.txt;cmake/compiler/CelleratorCompilerTargets.cmake;cmake/package/CelleratorConfig.cmake.in;cmake/package/CelleratorConfigVersion.cmake.in;include/Cellerator/Cellerator.hh;include/Cellerator/compiler.hh;src/CMakeLists.txt;tests/CMakeLists.txt;tools/CMakeLists.txt,,"Inspect the cited read scope, implement implement unknown extension preservation and forwarding in the isolated G02 lane, add the focused ce_ccp1_g02_009 gate, and publish a source-linked receipt."
CE-CCP1-G02-010,CE-CCP1-G02-000,task,Implement extension capability negotiation,planned,826,serial_in_lane,g02;compiler-pass;leaf,1,0,1,0,include/Cellerator/compiler/pass;include/Cellerator/compiler/pass/implement_extension_capability_negotiation_v1.hh;src/compiler/pass;src/compiler/pass/implement_extension_capability_negotiation.cc;tests/compiler/pass;tests/compiler/pass/implement_extension_capability_negotiation_test.cc,docs/language;include/Cellerator/compiler/ir;include/Cellerator/compiler/reflection,.gitmodules;CMakeLists.txt;bench/CMakeLists.txt;cmake/compiler/CelleratorCompilerTargets.cmake;cmake/package/CelleratorConfig.cmake.in;cmake/package/CelleratorConfigVersion.cmake.in;include/Cellerator/Cellerator.hh;include/Cellerator/compiler.hh;src/CMakeLists.txt;tests/CMakeLists.txt;tools/CMakeLists.txt,,"Inspect the cited read scope, implement implement extension capability negotiation in the isolated G02 lane, add the focused ce_ccp1_g02_010 gate, and publish a source-linked receipt."
CE-CCP1-G02-011,CE-CCP1-G02-000,task,Implement compiler prelude regions,planned,826,serial_in_lane,g02;compiler-pass;leaf,1,0,1,0,include/Cellerator/compiler/pass;include/Cellerator/compiler/pass/implement_compiler_prelude_regions_v1.hh;src/compiler/pass;src/compiler/pass/implement_compiler_prelude_regions.cc;tests/compiler/pass;tests/compiler/pass/implement_compiler_prelude_regions_test.cc,docs/language;include/Cellerator/compiler/ir;include/Cellerator/compiler/reflection,.gitmodules;CMakeLists.txt;bench/CMakeLists.txt;cmake/compiler/CelleratorCompilerTargets.cmake;cmake/package/CelleratorConfig.cmake.in;cmake/package/CelleratorConfigVersion.cmake.in;include/Cellerator/Cellerator.hh;include/Cellerator/compiler.hh;src/CMakeLists.txt;tests/CMakeLists.txt;tools/CMakeLists.txt,,"Inspect the cited read scope, implement implement compiler prelude regions in the isolated G02 lane, add the focused ce_ccp1_g02_011 gate, and publish a source-linked receipt."
CE-CCP1-G02-012,CE-CCP1-G02-000,task,Compile same-translation-unit transforms in an early host stage,planned,826,serial_in_lane,g02;compiler-pass;leaf,1,0,1,0,include/Cellerator/compiler/pass;include/Cellerator/compiler/pass/compile_same_translation_unit_transforms_in_an_early_hos_v1.hh;src/compiler/pass;src/compiler/pass/compile_same_translation_unit_transforms_in_an_early_hos.cc;tests/compiler/pass;tests/compiler/pass/compile_same_translation_unit_transforms_in_an_early_hos_test.cc,docs/language;include/Cellerator/compiler/ir;include/Cellerator/compiler/reflection,.gitmodules;CMakeLists.txt;bench/CMakeLists.txt;cmake/compiler/CelleratorCompilerTargets.cmake;cmake/package/CelleratorConfig.cmake.in;cmake/package/CelleratorConfigVersion.cmake.in;include/Cellerator/Cellerator.hh;include/Cellerator/compiler.hh;src/CMakeLists.txt;tests/CMakeLists.txt;tools/CMakeLists.txt,,"Inspect the cited read scope, implement compile same-translation-unit transforms in an early host stage in the isolated G02 lane, add the focused ce_ccp1_g02_012 gate, and publish a source-linked receipt."
CE-CCP1-G02-013,CE-CCP1-G02-000,task,Implement bounded meta-generation and staging,planned,826,serial_in_lane,g02;compiler-pass;leaf,1,0,1,0,include/Cellerator/compiler/pass;include/Cellerator/compiler/pass/implement_bounded_meta_generation_and_staging_v1.hh;src/compiler/pass;src/compiler/pass/implement_bounded_meta_generation_and_staging.cc;tests/compiler/pass;tests/compiler/pass/implement_bounded_meta_generation_and_staging_test.cc,docs/language;include/Cellerator/compiler/ir;include/Cellerator/compiler/reflection,.gitmodules;CMakeLists.txt;bench/CMakeLists.txt;cmake/compiler/CelleratorCompilerTargets.cmake;cmake/package/CelleratorConfig.cmake.in;cmake/package/CelleratorConfigVersion.cmake.in;include/Cellerator/Cellerator.hh;include/Cellerator/compiler.hh;src/CMakeLists.txt;tests/CMakeLists.txt;tools/CMakeLists.txt,,"Inspect the cited read scope, implement implement bounded meta-generation and staging in the isolated G02 lane, add the focused ce_ccp1_g02_013 gate, and publish a source-linked receipt."
CE-CCP1-G02-014,CE-CCP1-G02-000,task,Cache compiled transforms safely,planned,826,serial_in_lane,g02;compiler-pass;leaf,1,0,1,0,include/Cellerator/compiler/pass;include/Cellerator/compiler/pass/cache_compiled_transforms_safely_v1.hh;src/compiler/pass;src/compiler/pass/cache_compiled_transforms_safely.cc;tests/compiler/pass;tests/compiler/pass/cache_compiled_transforms_safely_test.cc,docs/language;include/Cellerator/compiler/ir;include/Cellerator/compiler/reflection,.gitmodules;CMakeLists.txt;bench/CMakeLists.txt;cmake/compiler/CelleratorCompilerTargets.cmake;cmake/package/CelleratorConfig.cmake.in;cmake/package/CelleratorConfigVersion.cmake.in;include/Cellerator/Cellerator.hh;include/Cellerator/compiler.hh;src/CMakeLists.txt;tests/CMakeLists.txt;tools/CMakeLists.txt,,"Inspect the cited read scope, implement cache compiled transforms safely in the isolated G02 lane, add the focused ce_ccp1_g02_014 gate, and publish a source-linked receipt."
CE-CCP1-G02-015,CE-CCP1-G02-000,task,"Implement transform sandbox policy as opt-in, not authority",planned,826,serial_in_lane,g02;compiler-pass;leaf,1,0,1,0,include/Cellerator/compiler/pass;include/Cellerator/compiler/pass/implement_transform_sandbox_policy_as_opt_in_not_authori_v1.hh;src/compiler/pass;src/compiler/pass/implement_transform_sandbox_policy_as_opt_in_not_authori.cc;tests/compiler/pass;tests/compiler/pass/implement_transform_sandbox_policy_as_opt_in_not_authori_test.cc,docs/language;include/Cellerator/compiler/ir;include/Cellerator/compiler/reflection,.gitmodules;CMakeLists.txt;bench/CMakeLists.txt;cmake/compiler/CelleratorCompilerTargets.cmake;cmake/package/CelleratorConfig.cmake.in;cmake/package/CelleratorConfigVersion.cmake.in;include/Cellerator/Cellerator.hh;include/Cellerator/compiler.hh;src/CMakeLists.txt;tests/CMakeLists.txt;tools/CMakeLists.txt,,"Inspect the cited read scope, implement implement transform sandbox policy as opt-in, not authority in the isolated G02 lane, add the focused ce_ccp1_g02_015 gate, and publish a source-linked receipt."
CE-CCP1-G02-016,CE-CCP1-G02-000,task,Integrate extension/pass provenance,planned,826,serial_in_lane,g02;compiler-pass;leaf,1,0,1,0,include/Cellerator/compiler/pass;include/Cellerator/compiler/pass/integrate_extension_pass_provenance_v1.hh;src/compiler/pass;src/compiler/pass/integrate_extension_pass_provenance.cc;tests/compiler/pass;tests/compiler/pass/integrate_extension_pass_provenance_test.cc,docs/language;include/Cellerator/compiler/ir;include/Cellerator/compiler/reflection,.gitmodules;CMakeLists.txt;bench/CMakeLists.txt;cmake/compiler/CelleratorCompilerTargets.cmake;cmake/package/CelleratorConfig.cmake.in;cmake/package/CelleratorConfigVersion.cmake.in;include/Cellerator/Cellerator.hh;include/Cellerator/compiler.hh;src/CMakeLists.txt;tests/CMakeLists.txt;tools/CMakeLists.txt,,"Inspect the cited read scope, implement integrate extension/pass provenance in the isolated G02 lane, add the focused ce_ccp1_g02_016 gate, and publish a source-linked receipt."
CE-CCP1-G02-017,CE-CCP1-G02-000,validation_task,Deliver same-compilation self-transformation,planned,826,serial_in_lane,g02;compiler-pass;leaf,1,0,1,0,include/Cellerator/compiler/pass;include/Cellerator/compiler/pass/deliver_same_compilation_self_transformation_v1.hh;src/compiler/pass;src/compiler/pass/deliver_same_compilation_self_transformation.cc;tests/compiler/pass;tests/compiler/pass/deliver_same_compilation_self_transformation_test.cc,docs/language;include/Cellerator/compiler/ir;include/Cellerator/compiler/reflection,.gitmodules;CMakeLists.txt;bench/CMakeLists.txt;cmake/compiler/CelleratorCompilerTargets.cmake;cmake/package/CelleratorConfig.cmake.in;cmake/package/CelleratorConfigVersion.cmake.in;include/Cellerator/Cellerator.hh;include/Cellerator/compiler.hh;src/CMakeLists.txt;tests/CMakeLists.txt;tools/CMakeLists.txt,,"Inspect the cited read scope, implement deliver same-compilation self-transformation in the isolated G02 lane, add the focused ce_ccp1_g02_017 gate, and publish a source-linked receipt."
CE-CCP1-G02-018,CE-CCP1-G02-000,validation_task,Freeze the open compiler-extension surface,planned,826,serial_in_lane,g02;compiler-pass;leaf,4,1,1,3,include/Cellerator/compiler/pass;include/Cellerator/compiler/pass/freeze_the_open_compiler_extension_surface_v1.hh;src/compiler/pass;src/compiler/pass/freeze_the_open_compiler_extension_surface.cc;tests/compiler/pass;tests/compiler/pass/freeze_the_open_compiler_extension_surface_test.cc,docs/language;include/Cellerator/compiler/ir;include/Cellerator/compiler/reflection,.gitmodules;CMakeLists.txt;bench/CMakeLists.txt;cmake/compiler/CelleratorCompilerTargets.cmake;cmake/package/CelleratorConfig.cmake.in;cmake/package/CelleratorConfigVersion.cmake.in;include/Cellerator/Cellerator.hh;include/Cellerator/compiler.hh;src/CMakeLists.txt;tests/CMakeLists.txt;tools/CMakeLists.txt,,"Inspect the cited read scope, implement freeze the open compiler-extension surface in the isolated G02 lane, add the focused ce_ccp1_g02_018 gate, and publish a source-linked receipt."
CE-CCP1-G03-000,CE-CCP1-P60,workstream,"Validation modes, diagnostics, provenance, and compiler explainability",planned,875,serial_lane,workstream;g03;compiler-diagnostics,2,0,0,0,include/Cellerator/compiler/diagnostics;src/compiler/diagnostics;tests/compiler/diagnostics,docs/language;include/Cellerator/compiler;include/Cellerator/profiling;include/Cellerator/execution/lowering_resumption,CMakeLists.txt;src/CMakeLists.txt;tools/CMakeLists.txt;tests/CMakeLists.txt;bench/CMakeLists.txt;include/Cellerator/Cellerator.hh;include/Cellerator/compiler.hh;.gitmodules;cmake/package/CelleratorConfig.cmake.in;cmake/package/CelleratorConfigVersion.cmake.in;cmake/compiler/CelleratorCompilerTargets.cmake,,Claim G03-001 after milestone prerequisites are reached.
CE-CCP1-G03-001,CE-CCP1-G03-000,validation_task,Freeze validation-mode semantics,planned,825,serial_in_lane,g03;compiler-diagnostics;leaf,2,0,1,0,include/Cellerator/compiler/diagnostics;include/Cellerator/compiler/diagnostics/freeze_validation_mode_semantics_v1.hh;src/compiler/diagnostics;src/compiler/diagnostics/freeze_validation_mode_semantics.cc;tests/compiler/diagnostics;tests/compiler/diagnostics/freeze_validation_mode_semantics_test.cc,docs/language;include/Cellerator/compiler;include/Cellerator/execution/lowering_resumption;include/Cellerator/profiling,.gitmodules;CMakeLists.txt;bench/CMakeLists.txt;cmake/compiler/CelleratorCompilerTargets.cmake;cmake/package/CelleratorConfig.cmake.in;cmake/package/CelleratorConfigVersion.cmake.in;include/Cellerator/Cellerator.hh;include/Cellerator/compiler.hh;src/CMakeLists.txt;tests/CMakeLists.txt;tools/CMakeLists.txt,,"Inspect the cited read scope, implement freeze validation-mode semantics in the isolated G03 lane, add the focused ce_ccp1_g03_001 gate, and publish a source-linked receipt."
CE-CCP1-G03-002,CE-CCP1-G03-000,task,Implement structural impossibility checks,planned,825,serial_in_lane,g03;compiler-diagnostics;leaf,1,0,1,0,include/Cellerator/compiler/diagnostics;include/Cellerator/compiler/diagnostics/implement_structural_impossibility_checks_v1.hh;src/compiler/diagnostics;src/compiler/diagnostics/implement_structural_impossibility_checks.cc;tests/compiler/diagnostics;tests/compiler/diagnostics/implement_structural_impossibility_checks_test.cc,docs/language;include/Cellerator/compiler;include/Cellerator/execution/lowering_resumption;include/Cellerator/profiling,.gitmodules;CMakeLists.txt;bench/CMakeLists.txt;cmake/compiler/CelleratorCompilerTargets.cmake;cmake/package/CelleratorConfig.cmake.in;cmake/package/CelleratorConfigVersion.cmake.in;include/Cellerator/Cellerator.hh;include/Cellerator/compiler.hh;src/CMakeLists.txt;tests/CMakeLists.txt;tools/CMakeLists.txt,,"Inspect the cited read scope, implement implement structural impossibility checks in the isolated G03 lane, add the focused ce_ccp1_g03_002 gate, and publish a source-linked receipt."
CE-CCP1-G03-003,CE-CCP1-G03-000,task,Implement advisory semantic validators,planned,825,serial_in_lane,g03;compiler-diagnostics;leaf,1,0,1,0,include/Cellerator/compiler/diagnostics;include/Cellerator/compiler/diagnostics/implement_advisory_semantic_validators_v1.hh;src/compiler/diagnostics;src/compiler/diagnostics/implement_advisory_semantic_validators.cc;tests/compiler/diagnostics;tests/compiler/diagnostics/implement_advisory_semantic_validators_test.cc,docs/language;include/Cellerator/compiler;include/Cellerator/execution/lowering_resumption;include/Cellerator/profiling,.gitmodules;CMakeLists.txt;bench/CMakeLists.txt;cmake/compiler/CelleratorCompilerTargets.cmake;cmake/package/CelleratorConfig.cmake.in;cmake/package/CelleratorConfigVersion.cmake.in;include/Cellerator/Cellerator.hh;include/Cellerator/compiler.hh;src/CMakeLists.txt;tests/CMakeLists.txt;tools/CMakeLists.txt,,"Inspect the cited read scope, implement implement advisory semantic validators in the isolated G03 lane, add the focused ce_ccp1_g03_003 gate, and publish a source-linked receipt."
CE-CCP1-G03-004,CE-CCP1-G03-000,task,Implement exact-coverage and ownership diagnostics,planned,825,serial_in_lane,g03;compiler-diagnostics;leaf,1,0,1,0,include/Cellerator/compiler/diagnostics;include/Cellerator/compiler/diagnostics/implement_exact_coverage_and_ownership_diagnostics_v1.hh;src/compiler/diagnostics;src/compiler/diagnostics/implement_exact_coverage_and_ownership_diagnostics.cc;tests/compiler/diagnostics;tests/compiler/diagnostics/implement_exact_coverage_and_ownership_diagnostics_test.cc,docs/language;include/Cellerator/compiler;include/Cellerator/execution/lowering_resumption;include/Cellerator/profiling,.gitmodules;CMakeLists.txt;bench/CMakeLists.txt;cmake/compiler/CelleratorCompilerTargets.cmake;cmake/package/CelleratorConfig.cmake.in;cmake/package/CelleratorConfigVersion.cmake.in;include/Cellerator/Cellerator.hh;include/Cellerator/compiler.hh;src/CMakeLists.txt;tests/CMakeLists.txt;tools/CMakeLists.txt,,"Inspect the cited read scope, implement implement exact-coverage and ownership diagnostics in the isolated G03 lane, add the focused ce_ccp1_g03_004 gate, and publish a source-linked receipt."
CE-CCP1-G03-005,CE-CCP1-G03-000,task,Implement target/native diagnostics,planned,825,serial_in_lane,g03;compiler-diagnostics;leaf,1,0,1,0,include/Cellerator/compiler/diagnostics;include/Cellerator/compiler/diagnostics/implement_target_native_diagnostics_v1.hh;src/compiler/diagnostics;src/compiler/diagnostics/implement_target_native_diagnostics.cc;tests/compiler/diagnostics;tests/compiler/diagnostics/implement_target_native_diagnostics_test.cc,docs/language;include/Cellerator/compiler;include/Cellerator/execution/lowering_resumption;include/Cellerator/profiling,.gitmodules;CMakeLists.txt;bench/CMakeLists.txt;cmake/compiler/CelleratorCompilerTargets.cmake;cmake/package/CelleratorConfig.cmake.in;cmake/package/CelleratorConfigVersion.cmake.in;include/Cellerator/Cellerator.hh;include/Cellerator/compiler.hh;src/CMakeLists.txt;tests/CMakeLists.txt;tools/CMakeLists.txt,,"Inspect the cited read scope, implement implement target/native diagnostics in the isolated G03 lane, add the focused ce_ccp1_g03_005 gate, and publish a source-linked receipt."
CE-CCP1-G03-006,CE-CCP1-G03-000,task,Build the provenance graph model,planned,825,serial_in_lane,g03;compiler-diagnostics;leaf,1,0,1,0,include/Cellerator/compiler/diagnostics;include/Cellerator/compiler/diagnostics/build_the_provenance_graph_model_v1.hh;src/compiler/diagnostics;src/compiler/diagnostics/build_the_provenance_graph_model.cc;tests/compiler/diagnostics;tests/compiler/diagnostics/build_the_provenance_graph_model_test.cc,docs/language;include/Cellerator/compiler;include/Cellerator/execution/lowering_resumption;include/Cellerator/profiling,.gitmodules;CMakeLists.txt;bench/CMakeLists.txt;cmake/compiler/CelleratorCompilerTargets.cmake;cmake/package/CelleratorConfig.cmake.in;cmake/package/CelleratorConfigVersion.cmake.in;include/Cellerator/Cellerator.hh;include/Cellerator/compiler.hh;src/CMakeLists.txt;tests/CMakeLists.txt;tools/CMakeLists.txt,,"Inspect the cited read scope, implement build the provenance graph model in the isolated G03 lane, add the focused ce_ccp1_g03_006 gate, and publish a source-linked receipt."
CE-CCP1-G03-007,CE-CCP1-G03-000,task,Implement source-to-native maps and removable sections,planned,825,serial_in_lane,g03;compiler-diagnostics;leaf,1,0,1,0,include/Cellerator/compiler/diagnostics;include/Cellerator/compiler/diagnostics/implement_source_to_native_maps_and_removable_sections_v1.hh;src/compiler/diagnostics;src/compiler/diagnostics/implement_source_to_native_maps_and_removable_sections.cc;tests/compiler/diagnostics;tests/compiler/diagnostics/implement_source_to_native_maps_and_removable_sections_test.cc,docs/language;include/Cellerator/compiler;include/Cellerator/execution/lowering_resumption;include/Cellerator/profiling,.gitmodules;CMakeLists.txt;bench/CMakeLists.txt;cmake/compiler/CelleratorCompilerTargets.cmake;cmake/package/CelleratorConfig.cmake.in;cmake/package/CelleratorConfigVersion.cmake.in;include/Cellerator/Cellerator.hh;include/Cellerator/compiler.hh;src/CMakeLists.txt;tests/CMakeLists.txt;tools/CMakeLists.txt,,"Inspect the cited read scope, implement implement source-to-native maps and removable sections in the isolated G03 lane, add the focused ce_ccp1_g03_007 gate, and publish a source-linked receipt."
CE-CCP1-G03-008,CE-CCP1-G03-000,task,Implement 'what changed' and staleness explanations,planned,825,serial_in_lane,g03;compiler-diagnostics;leaf,1,0,1,0,include/Cellerator/compiler/diagnostics;include/Cellerator/compiler/diagnostics/implement_what_changed_and_staleness_explanations_v1.hh;src/compiler/diagnostics;src/compiler/diagnostics/implement_what_changed_and_staleness_explanations.cc;tests/compiler/diagnostics;tests/compiler/diagnostics/implement_what_changed_and_staleness_explanations_test.cc,docs/language;include/Cellerator/compiler;include/Cellerator/execution/lowering_resumption;include/Cellerator/profiling,.gitmodules;CMakeLists.txt;bench/CMakeLists.txt;cmake/compiler/CelleratorCompilerTargets.cmake;cmake/package/CelleratorConfig.cmake.in;cmake/package/CelleratorConfigVersion.cmake.in;include/Cellerator/Cellerator.hh;include/Cellerator/compiler.hh;src/CMakeLists.txt;tests/CMakeLists.txt;tools/CMakeLists.txt,,"Inspect the cited read scope, implement implement 'what changed' and staleness explanations in the isolated G03 lane, add the focused ce_ccp1_g03_008 gate, and publish a source-linked receipt."
CE-CCP1-G03-009,CE-CCP1-G03-000,task,Implement planning barrier explanations,planned,825,serial_in_lane,g03;compiler-diagnostics;leaf,1,0,1,0,include/Cellerator/compiler/diagnostics;include/Cellerator/compiler/diagnostics/implement_planning_barrier_explanations_v1.hh;src/compiler/diagnostics;src/compiler/diagnostics/implement_planning_barrier_explanations.cc;tests/compiler/diagnostics;tests/compiler/diagnostics/implement_planning_barrier_explanations_test.cc,docs/language;include/Cellerator/compiler;include/Cellerator/execution/lowering_resumption;include/Cellerator/profiling,.gitmodules;CMakeLists.txt;bench/CMakeLists.txt;cmake/compiler/CelleratorCompilerTargets.cmake;cmake/package/CelleratorConfig.cmake.in;cmake/package/CelleratorConfigVersion.cmake.in;include/Cellerator/Cellerator.hh;include/Cellerator/compiler.hh;src/CMakeLists.txt;tests/CMakeLists.txt;tools/CMakeLists.txt,,"Inspect the cited read scope, implement implement planning barrier explanations in the isolated G03 lane, add the focused ce_ccp1_g03_009 gate, and publish a source-linked receipt."
CE-CCP1-G03-010,CE-CCP1-G03-000,task,Implement candidate decision reports,planned,825,serial_in_lane,g03;compiler-diagnostics;leaf,1,0,1,0,include/Cellerator/compiler/diagnostics;include/Cellerator/compiler/diagnostics/implement_candidate_decision_reports_v1.hh;src/compiler/diagnostics;src/compiler/diagnostics/implement_candidate_decision_reports.cc;tests/compiler/diagnostics;tests/compiler/diagnostics/implement_candidate_decision_reports_test.cc,docs/language;include/Cellerator/compiler;include/Cellerator/execution/lowering_resumption;include/Cellerator/profiling,.gitmodules;CMakeLists.txt;bench/CMakeLists.txt;cmake/compiler/CelleratorCompilerTargets.cmake;cmake/package/CelleratorConfig.cmake.in;cmake/package/CelleratorConfigVersion.cmake.in;include/Cellerator/Cellerator.hh;include/Cellerator/compiler.hh;src/CMakeLists.txt;tests/CMakeLists.txt;tools/CMakeLists.txt,,"Inspect the cited read scope, implement implement candidate decision reports in the isolated G03 lane, add the focused ce_ccp1_g03_010 gate, and publish a source-linked receipt."
CE-CCP1-G03-011,CE-CCP1-G03-000,task,Implement optimization remarks and missed-opportunity diagnostics,planned,825,serial_in_lane,g03;compiler-diagnostics;leaf,1,0,1,0,include/Cellerator/compiler/diagnostics;include/Cellerator/compiler/diagnostics/implement_optimization_remarks_and_missed_opportunity_di_v1.hh;src/compiler/diagnostics;src/compiler/diagnostics/implement_optimization_remarks_and_missed_opportunity_di.cc;tests/compiler/diagnostics;tests/compiler/diagnostics/implement_optimization_remarks_and_missed_opportunity_di_test.cc,docs/language;include/Cellerator/compiler;include/Cellerator/execution/lowering_resumption;include/Cellerator/profiling,.gitmodules;CMakeLists.txt;bench/CMakeLists.txt;cmake/compiler/CelleratorCompilerTargets.cmake;cmake/package/CelleratorConfig.cmake.in;cmake/package/CelleratorConfigVersion.cmake.in;include/Cellerator/Cellerator.hh;include/Cellerator/compiler.hh;src/CMakeLists.txt;tests/CMakeLists.txt;tools/CMakeLists.txt,,"Inspect the cited read scope, implement implement optimization remarks and missed-opportunity diagnostics in the isolated G03 lane, add the focused ce_ccp1_g03_011 gate, and publish a source-linked receipt."
CE-CCP1-G03-012,CE-CCP1-G03-000,task,Implement deterministic reproducer bundles,planned,825,serial_in_lane,g03;compiler-diagnostics;leaf,1,0,1,0,include/Cellerator/compiler/diagnostics;include/Cellerator/compiler/diagnostics/implement_deterministic_reproducer_bundles_v1.hh;src/compiler/diagnostics;src/compiler/diagnostics/implement_deterministic_reproducer_bundles.cc;tests/compiler/diagnostics;tests/compiler/diagnostics/implement_deterministic_reproducer_bundles_test.cc,docs/language;include/Cellerator/compiler;include/Cellerator/execution/lowering_resumption;include/Cellerator/profiling,.gitmodules;CMakeLists.txt;bench/CMakeLists.txt;cmake/compiler/CelleratorCompilerTargets.cmake;cmake/package/CelleratorConfig.cmake.in;cmake/package/CelleratorConfigVersion.cmake.in;include/Cellerator/Cellerator.hh;include/Cellerator/compiler.hh;src/CMakeLists.txt;tests/CMakeLists.txt;tools/CMakeLists.txt,,"Inspect the cited read scope, implement implement deterministic reproducer bundles in the isolated G03 lane, add the focused ce_ccp1_g03_012 gate, and publish a source-linked receipt."
CE-CCP1-G03-013,CE-CCP1-G03-000,task,Implement crash and timeout diagnostics,planned,825,serial_in_lane,g03;compiler-diagnostics;leaf,1,0,1,0,include/Cellerator/compiler/diagnostics;include/Cellerator/compiler/diagnostics/implement_crash_and_timeout_diagnostics_v1.hh;src/compiler/diagnostics;src/compiler/diagnostics/implement_crash_and_timeout_diagnostics.cc;tests/compiler/diagnostics;tests/compiler/diagnostics/implement_crash_and_timeout_diagnostics_test.cc,docs/language;include/Cellerator/compiler;include/Cellerator/execution/lowering_resumption;include/Cellerator/profiling,.gitmodules;CMakeLists.txt;bench/CMakeLists.txt;cmake/compiler/CelleratorCompilerTargets.cmake;cmake/package/CelleratorConfig.cmake.in;cmake/package/CelleratorConfigVersion.cmake.in;include/Cellerator/Cellerator.hh;include/Cellerator/compiler.hh;src/CMakeLists.txt;tests/CMakeLists.txt;tools/CMakeLists.txt,,"Inspect the cited read scope, implement implement crash and timeout diagnostics in the isolated G03 lane, add the focused ce_ccp1_g03_013 gate, and publish a source-linked receipt."
CE-CCP1-G03-014,CE-CCP1-G03-000,task,Expose structured diagnostic and query APIs,planned,825,serial_in_lane,g03;compiler-diagnostics;leaf,1,0,1,0,include/Cellerator/compiler/diagnostics;include/Cellerator/compiler/diagnostics/expose_structured_diagnostic_and_query_apis_v1.hh;src/compiler/diagnostics;src/compiler/diagnostics/expose_structured_diagnostic_and_query_apis.cc;tests/compiler/diagnostics;tests/compiler/diagnostics/expose_structured_diagnostic_and_query_apis_test.cc,docs/language;include/Cellerator/compiler;include/Cellerator/execution/lowering_resumption;include/Cellerator/profiling,.gitmodules;CMakeLists.txt;bench/CMakeLists.txt;cmake/compiler/CelleratorCompilerTargets.cmake;cmake/package/CelleratorConfig.cmake.in;cmake/package/CelleratorConfigVersion.cmake.in;include/Cellerator/Cellerator.hh;include/Cellerator/compiler.hh;src/CMakeLists.txt;tests/CMakeLists.txt;tools/CMakeLists.txt,,"Inspect the cited read scope, implement expose structured diagnostic and query apis in the isolated G03 lane, add the focused ce_ccp1_g03_014 gate, and publish a source-linked receipt."
CE-CCP1-G03-015,CE-CCP1-G03-000,validation_task,Benchmark diagnostics and provenance overhead,planned,825,serial_in_lane,g03;compiler-diagnostics;leaf,1,0,1,0,include/Cellerator/compiler/diagnostics;include/Cellerator/compiler/diagnostics/benchmark_diagnostics_and_provenance_overhead_v1.hh;src/compiler/diagnostics;src/compiler/diagnostics/benchmark_diagnostics_and_provenance_overhead.cc;tests/compiler/diagnostics;tests/compiler/diagnostics/benchmark_diagnostics_and_provenance_overhead_test.cc,docs/language;include/Cellerator/compiler;include/Cellerator/execution/lowering_resumption;include/Cellerator/profiling,.gitmodules;CMakeLists.txt;bench/CMakeLists.txt;cmake/compiler/CelleratorCompilerTargets.cmake;cmake/package/CelleratorConfig.cmake.in;cmake/package/CelleratorConfigVersion.cmake.in;include/Cellerator/Cellerator.hh;include/Cellerator/compiler.hh;src/CMakeLists.txt;tests/CMakeLists.txt;tools/CMakeLists.txt,,"Inspect the cited read scope, implement benchmark diagnostics and provenance overhead in the isolated G03 lane, add the focused ce_ccp1_g03_015 gate, and publish a source-linked receipt."
CE-CCP1-G03-016,CE-CCP1-G03-000,validation_task,Freeze explainability and unsafe-control behavior,planned,825,serial_in_lane,g03;compiler-diagnostics;leaf,4,1,1,3,include/Cellerator/compiler/diagnostics;include/Cellerator/compiler/diagnostics/freeze_explainability_and_unsafe_control_behavior_v1.hh;src/compiler/diagnostics;src/compiler/diagnostics/freeze_explainability_and_unsafe_control_behavior.cc;tests/compiler/diagnostics;tests/compiler/diagnostics/freeze_explainability_and_unsafe_control_behavior_test.cc,docs/language;include/Cellerator/compiler;include/Cellerator/execution/lowering_resumption;include/Cellerator/profiling,.gitmodules;CMakeLists.txt;bench/CMakeLists.txt;cmake/compiler/CelleratorCompilerTargets.cmake;cmake/package/CelleratorConfig.cmake.in;cmake/package/CelleratorConfigVersion.cmake.in;include/Cellerator/Cellerator.hh;include/Cellerator/compiler.hh;src/CMakeLists.txt;tests/CMakeLists.txt;tools/CMakeLists.txt,,"Inspect the cited read scope, implement freeze explainability and unsafe-control behavior in the isolated G03 lane, add the focused ce_ccp1_g03_016 gate, and publish a source-linked receipt."
CE-CCP1-H01-000,CE-CCP1-P70,workstream,"Cross-translation-unit CEIR, object sections, archives, and Cellerator LTO",planned,874,serial_lane,workstream;h01;compiler-lto,2,0,0,0,include/Cellerator/compiler/lto;src/compiler/lto;tests/compiler/lto,include/Cellerator/compiler/ir;tools/cellerator;docs/language;CMakeLists.txt,CMakeLists.txt;src/CMakeLists.txt;tools/CMakeLists.txt;tests/CMakeLists.txt;bench/CMakeLists.txt;include/Cellerator/Cellerator.hh;include/Cellerator/compiler.hh;.gitmodules;cmake/package/CelleratorConfig.cmake.in;cmake/package/CelleratorConfigVersion.cmake.in;cmake/compiler/CelleratorCompilerTargets.cmake,,Claim H01-001 after milestone prerequisites are reached.
CE-CCP1-H01-001,CE-CCP1-H01-000,validation_task,Freeze the CEIR companion object-artifact contract,planned,824,serial_in_lane,h01;compiler-lto;leaf,2,0,1,0,include/Cellerator/compiler/lto;include/Cellerator/compiler/lto/freeze_the_ceir_companion_object_artifact_contract_v1.hh;src/compiler/lto;src/compiler/lto/freeze_the_ceir_companion_object_artifact_contract.cc;tests/compiler/lto;tests/compiler/lto/freeze_the_ceir_companion_object_artifact_contract_test.cc,CMakeLists.txt;docs/language;include/Cellerator/compiler/ir;tools/cellerator,.gitmodules;CMakeLists.txt;bench/CMakeLists.txt;cmake/compiler/CelleratorCompilerTargets.cmake;cmake/package/CelleratorConfig.cmake.in;cmake/package/CelleratorConfigVersion.cmake.in;include/Cellerator/Cellerator.hh;include/Cellerator/compiler.hh;src/CMakeLists.txt;tests/CMakeLists.txt;tools/CMakeLists.txt,,"Inspect the cited read scope, implement freeze the ceir companion object-artifact contract in the isolated H01 lane, add the focused ce_ccp1_h01_001 gate, and publish a source-linked receipt."
CE-CCP1-H01-002,CE-CCP1-H01-000,task,Implement ELF CEIR sections,planned,824,serial_in_lane,h01;compiler-lto;leaf,1,0,1,0,include/Cellerator/compiler/lto;include/Cellerator/compiler/lto/implement_elf_ceir_sections_v1.hh;src/compiler/lto;src/compiler/lto/implement_elf_ceir_sections.cc;tests/compiler/lto;tests/compiler/lto/implement_elf_ceir_sections_test.cc,CMakeLists.txt;docs/language;include/Cellerator/compiler/ir;tools/cellerator,.gitmodules;CMakeLists.txt;bench/CMakeLists.txt;cmake/compiler/CelleratorCompilerTargets.cmake;cmake/package/CelleratorConfig.cmake.in;cmake/package/CelleratorConfigVersion.cmake.in;include/Cellerator/Cellerator.hh;include/Cellerator/compiler.hh;src/CMakeLists.txt;tests/CMakeLists.txt;tools/CMakeLists.txt,,"Inspect the cited read scope, implement implement elf ceir sections in the isolated H01 lane, add the focused ce_ccp1_h01_002 gate, and publish a source-linked receipt."
CE-CCP1-H01-003,CE-CCP1-H01-000,task,Implement Mach-O and COFF strategies,planned,824,serial_in_lane,h01;compiler-lto;leaf,1,0,1,0,include/Cellerator/compiler/lto;include/Cellerator/compiler/lto/implement_mach_o_and_coff_strategies_v1.hh;src/compiler/lto;src/compiler/lto/implement_mach_o_and_coff_strategies.cc;tests/compiler/lto;tests/compiler/lto/implement_mach_o_and_coff_strategies_test.cc,CMakeLists.txt;docs/language;include/Cellerator/compiler/ir;tools/cellerator,.gitmodules;CMakeLists.txt;bench/CMakeLists.txt;cmake/compiler/CelleratorCompilerTargets.cmake;cmake/package/CelleratorConfig.cmake.in;cmake/package/CelleratorConfigVersion.cmake.in;include/Cellerator/Cellerator.hh;include/Cellerator/compiler.hh;src/CMakeLists.txt;tests/CMakeLists.txt;tools/CMakeLists.txt,,"Inspect the cited read scope, implement implement mach-o and coff strategies in the isolated H01 lane, add the focused ce_ccp1_h01_003 gate, and publish a source-linked receipt."
CE-CCP1-H01-004,CE-CCP1-H01-000,task,Implement portable sidecar fallback,planned,824,serial_in_lane,h01;compiler-lto;leaf,1,0,1,0,include/Cellerator/compiler/lto;include/Cellerator/compiler/lto/implement_portable_sidecar_fallback_v1.hh;src/compiler/lto;src/compiler/lto/implement_portable_sidecar_fallback.cc;tests/compiler/lto;tests/compiler/lto/implement_portable_sidecar_fallback_test.cc,CMakeLists.txt;docs/language;include/Cellerator/compiler/ir;tools/cellerator,.gitmodules;CMakeLists.txt;bench/CMakeLists.txt;cmake/compiler/CelleratorCompilerTargets.cmake;cmake/package/CelleratorConfig.cmake.in;cmake/package/CelleratorConfigVersion.cmake.in;include/Cellerator/Cellerator.hh;include/Cellerator/compiler.hh;src/CMakeLists.txt;tests/CMakeLists.txt;tools/CMakeLists.txt,,"Inspect the cited read scope, implement implement portable sidecar fallback in the isolated H01 lane, add the focused ce_ccp1_h01_004 gate, and publish a source-linked receipt."
CE-CCP1-H01-005,CE-CCP1-H01-000,task,Assign cross-TU field and symbol identities,planned,824,serial_in_lane,h01;compiler-lto;leaf,1,0,1,0,include/Cellerator/compiler/lto;include/Cellerator/compiler/lto/assign_cross_tu_field_and_symbol_identities_v1.hh;src/compiler/lto;src/compiler/lto/assign_cross_tu_field_and_symbol_identities.cc;tests/compiler/lto;tests/compiler/lto/assign_cross_tu_field_and_symbol_identities_test.cc,CMakeLists.txt;docs/language;include/Cellerator/compiler/ir;tools/cellerator,.gitmodules;CMakeLists.txt;bench/CMakeLists.txt;cmake/compiler/CelleratorCompilerTargets.cmake;cmake/package/CelleratorConfig.cmake.in;cmake/package/CelleratorConfigVersion.cmake.in;include/Cellerator/Cellerator.hh;include/Cellerator/compiler.hh;src/CMakeLists.txt;tests/CMakeLists.txt;tools/CMakeLists.txt,,"Inspect the cited read scope, implement assign cross-tu field and symbol identities in the isolated H01 lane, add the focused ce_ccp1_h01_005 gate, and publish a source-linked receipt."
CE-CCP1-H01-006,CE-CCP1-H01-000,task,Implement template instantiation deduplication,planned,824,serial_in_lane,h01;compiler-lto;leaf,1,0,1,0,include/Cellerator/compiler/lto;include/Cellerator/compiler/lto/implement_template_instantiation_deduplication_v1.hh;src/compiler/lto;src/compiler/lto/implement_template_instantiation_deduplication.cc;tests/compiler/lto;tests/compiler/lto/implement_template_instantiation_deduplication_test.cc,CMakeLists.txt;docs/language;include/Cellerator/compiler/ir;tools/cellerator,.gitmodules;CMakeLists.txt;bench/CMakeLists.txt;cmake/compiler/CelleratorCompilerTargets.cmake;cmake/package/CelleratorConfig.cmake.in;cmake/package/CelleratorConfigVersion.cmake.in;include/Cellerator/Cellerator.hh;include/Cellerator/compiler.hh;src/CMakeLists.txt;tests/CMakeLists.txt;tools/CMakeLists.txt,,"Inspect the cited read scope, implement implement template instantiation deduplication in the isolated H01 lane, add the focused ce_ccp1_h01_006 gate, and publish a source-linked receipt."
CE-CCP1-H01-007,CE-CCP1-H01-000,task,Implement profile environment merge,planned,824,serial_in_lane,h01;compiler-lto;leaf,1,0,1,0,include/Cellerator/compiler/lto;include/Cellerator/compiler/lto/implement_profile_environment_merge_v1.hh;src/compiler/lto;src/compiler/lto/implement_profile_environment_merge.cc;tests/compiler/lto;tests/compiler/lto/implement_profile_environment_merge_test.cc,CMakeLists.txt;docs/language;include/Cellerator/compiler/ir;tools/cellerator,.gitmodules;CMakeLists.txt;bench/CMakeLists.txt;cmake/compiler/CelleratorCompilerTargets.cmake;cmake/package/CelleratorConfig.cmake.in;cmake/package/CelleratorConfigVersion.cmake.in;include/Cellerator/Cellerator.hh;include/Cellerator/compiler.hh;src/CMakeLists.txt;tests/CMakeLists.txt;tools/CMakeLists.txt,,"Inspect the cited read scope, implement implement profile environment merge in the isolated H01 lane, add the focused ce_ccp1_h01_007 gate, and publish a source-linked receipt."
CE-CCP1-H01-008,CE-CCP1-H01-000,task,Implement cross-TU semantic imports,planned,824,serial_in_lane,h01;compiler-lto;leaf,1,0,1,0,include/Cellerator/compiler/lto;include/Cellerator/compiler/lto/implement_cross_tu_semantic_imports_v1.hh;src/compiler/lto;src/compiler/lto/implement_cross_tu_semantic_imports.cc;tests/compiler/lto;tests/compiler/lto/implement_cross_tu_semantic_imports_test.cc,CMakeLists.txt;docs/language;include/Cellerator/compiler/ir;tools/cellerator,.gitmodules;CMakeLists.txt;bench/CMakeLists.txt;cmake/compiler/CelleratorCompilerTargets.cmake;cmake/package/CelleratorConfig.cmake.in;cmake/package/CelleratorConfigVersion.cmake.in;include/Cellerator/Cellerator.hh;include/Cellerator/compiler.hh;src/CMakeLists.txt;tests/CMakeLists.txt;tools/CMakeLists.txt,,"Inspect the cited read scope, implement implement cross-tu semantic imports in the isolated H01 lane, add the focused ce_ccp1_h01_008 gate, and publish a source-linked receipt."
CE-CCP1-H01-009,CE-CCP1-H01-000,task,Implement explicit program-planning authorization,planned,824,serial_in_lane,h01;compiler-lto;leaf,1,0,1,0,include/Cellerator/compiler/lto;include/Cellerator/compiler/lto/implement_explicit_program_planning_authorization_v1.hh;src/compiler/lto;src/compiler/lto/implement_explicit_program_planning_authorization.cc;tests/compiler/lto;tests/compiler/lto/implement_explicit_program_planning_authorization_test.cc,CMakeLists.txt;docs/language;include/Cellerator/compiler/ir;tools/cellerator,.gitmodules;CMakeLists.txt;bench/CMakeLists.txt;cmake/compiler/CelleratorCompilerTargets.cmake;cmake/package/CelleratorConfig.cmake.in;cmake/package/CelleratorConfigVersion.cmake.in;include/Cellerator/Cellerator.hh;include/Cellerator/compiler.hh;src/CMakeLists.txt;tests/CMakeLists.txt;tools/CMakeLists.txt,,"Inspect the cited read scope, implement implement explicit program-planning authorization in the isolated H01 lane, add the focused ce_ccp1_h01_009 gate, and publish a source-linked receipt."
CE-CCP1-H01-010,CE-CCP1-H01-000,task,Implement object and archive CEIR extraction,planned,824,serial_in_lane,h01;compiler-lto;leaf,1,0,1,0,include/Cellerator/compiler/lto;include/Cellerator/compiler/lto/implement_object_and_archive_ceir_extraction_v1.hh;src/compiler/lto;src/compiler/lto/implement_object_and_archive_ceir_extraction.cc;tests/compiler/lto;tests/compiler/lto/implement_object_and_archive_ceir_extraction_test.cc,CMakeLists.txt;docs/language;include/Cellerator/compiler/ir;tools/cellerator,.gitmodules;CMakeLists.txt;bench/CMakeLists.txt;cmake/compiler/CelleratorCompilerTargets.cmake;cmake/package/CelleratorConfig.cmake.in;cmake/package/CelleratorConfigVersion.cmake.in;include/Cellerator/Cellerator.hh;include/Cellerator/compiler.hh;src/CMakeLists.txt;tests/CMakeLists.txt;tools/CMakeLists.txt,,"Inspect the cited read scope, implement implement object and archive ceir extraction in the isolated H01 lane, add the focused ce_ccp1_h01_010 gate, and publish a source-linked receipt."
CE-CCP1-H01-011,CE-CCP1-H01-000,task,Implement Cellerator link-driver mode,planned,824,serial_in_lane,h01;compiler-lto;leaf,1,0,1,0,include/Cellerator/compiler/lto;include/Cellerator/compiler/lto/implement_cellerator_link_driver_mode_v1.hh;src/compiler/lto;src/compiler/lto/implement_cellerator_link_driver_mode.cc;tests/compiler/lto;tests/compiler/lto/implement_cellerator_link_driver_mode_test.cc,CMakeLists.txt;docs/language;include/Cellerator/compiler/ir;tools/cellerator,.gitmodules;CMakeLists.txt;bench/CMakeLists.txt;cmake/compiler/CelleratorCompilerTargets.cmake;cmake/package/CelleratorConfig.cmake.in;cmake/package/CelleratorConfigVersion.cmake.in;include/Cellerator/Cellerator.hh;include/Cellerator/compiler.hh;src/CMakeLists.txt;tests/CMakeLists.txt;tools/CMakeLists.txt,,"Inspect the cited read scope, implement implement cellerator link-driver mode in the isolated H01 lane, add the focused ce_ccp1_h01_011 gate, and publish a source-linked receipt."
CE-CCP1-H01-012,CE-CCP1-H01-000,task,Implement program-level Semantic/Planning IR,planned,824,serial_in_lane,h01;compiler-lto;leaf,1,0,1,0,include/Cellerator/compiler/lto;include/Cellerator/compiler/lto/implement_program_level_semantic_planning_ir_v1.hh;src/compiler/lto;src/compiler/lto/implement_program_level_semantic_planning_ir.cc;tests/compiler/lto;tests/compiler/lto/implement_program_level_semantic_planning_ir_test.cc,CMakeLists.txt;docs/language;include/Cellerator/compiler/ir;tools/cellerator,.gitmodules;CMakeLists.txt;bench/CMakeLists.txt;cmake/compiler/CelleratorCompilerTargets.cmake;cmake/package/CelleratorConfig.cmake.in;cmake/package/CelleratorConfigVersion.cmake.in;include/Cellerator/Cellerator.hh;include/Cellerator/compiler.hh;src/CMakeLists.txt;tests/CMakeLists.txt;tools/CMakeLists.txt,,"Inspect the cited read scope, implement implement program-level semantic/planning ir in the isolated H01 lane, add the focused ce_ccp1_h01_012 gate, and publish a source-linked receipt."
CE-CCP1-H01-013,CE-CCP1-H01-000,task,Implement cross-TU inlining and connected planning,planned,824,serial_in_lane,h01;compiler-lto;leaf,1,0,1,0,include/Cellerator/compiler/lto;include/Cellerator/compiler/lto/implement_cross_tu_inlining_and_connected_planning_v1.hh;src/compiler/lto;src/compiler/lto/implement_cross_tu_inlining_and_connected_planning.cc;tests/compiler/lto;tests/compiler/lto/implement_cross_tu_inlining_and_connected_planning_test.cc,CMakeLists.txt;docs/language;include/Cellerator/compiler/ir;tools/cellerator,.gitmodules;CMakeLists.txt;bench/CMakeLists.txt;cmake/compiler/CelleratorCompilerTargets.cmake;cmake/package/CelleratorConfig.cmake.in;cmake/package/CelleratorConfigVersion.cmake.in;include/Cellerator/Cellerator.hh;include/Cellerator/compiler.hh;src/CMakeLists.txt;tests/CMakeLists.txt;tools/CMakeLists.txt,,"Inspect the cited read scope, implement implement cross-tu inlining and connected planning in the isolated H01 lane, add the focused ce_ccp1_h01_013 gate, and publish a source-linked receipt."
CE-CCP1-H01-014,CE-CCP1-H01-000,task,Implement incremental and thin-summary LTO,planned,824,serial_in_lane,h01;compiler-lto;leaf,1,0,1,0,include/Cellerator/compiler/lto;include/Cellerator/compiler/lto/implement_incremental_and_thin_summary_lto_v1.hh;src/compiler/lto;src/compiler/lto/implement_incremental_and_thin_summary_lto.cc;tests/compiler/lto;tests/compiler/lto/implement_incremental_and_thin_summary_lto_test.cc,CMakeLists.txt;docs/language;include/Cellerator/compiler/ir;tools/cellerator,.gitmodules;CMakeLists.txt;bench/CMakeLists.txt;cmake/compiler/CelleratorCompilerTargets.cmake;cmake/package/CelleratorConfig.cmake.in;cmake/package/CelleratorConfigVersion.cmake.in;include/Cellerator/Cellerator.hh;include/Cellerator/compiler.hh;src/CMakeLists.txt;tests/CMakeLists.txt;tools/CMakeLists.txt,,"Inspect the cited read scope, implement implement incremental and thin-summary lto in the isolated H01 lane, add the focused ce_ccp1_h01_014 gate, and publish a source-linked receipt."
CE-CCP1-H01-015,CE-CCP1-H01-000,task,Implement mixed-backend re-emission,planned,824,serial_in_lane,h01;compiler-lto;leaf,1,0,1,0,include/Cellerator/compiler/lto;include/Cellerator/compiler/lto/implement_mixed_backend_re_emission_v1.hh;src/compiler/lto;src/compiler/lto/implement_mixed_backend_re_emission.cc;tests/compiler/lto;tests/compiler/lto/implement_mixed_backend_re_emission_test.cc,CMakeLists.txt;docs/language;include/Cellerator/compiler/ir;tools/cellerator,.gitmodules;CMakeLists.txt;bench/CMakeLists.txt;cmake/compiler/CelleratorCompilerTargets.cmake;cmake/package/CelleratorConfig.cmake.in;cmake/package/CelleratorConfigVersion.cmake.in;include/Cellerator/Cellerator.hh;include/Cellerator/compiler.hh;src/CMakeLists.txt;tests/CMakeLists.txt;tools/CMakeLists.txt,,"Inspect the cited read scope, implement implement mixed-backend re-emission in the isolated H01 lane, add the focused ce_ccp1_h01_015 gate, and publish a source-linked receipt."
CE-CCP1-H01-016,CE-CCP1-H01-000,validation_task,Freeze cross-TU and LTO vertical acceptance,planned,824,serial_in_lane,h01;compiler-lto;leaf,5,1,1,4,include/Cellerator/compiler/lto;include/Cellerator/compiler/lto/freeze_cross_tu_and_lto_vertical_acceptance_v1.hh;src/compiler/lto;src/compiler/lto/freeze_cross_tu_and_lto_vertical_acceptance.cc;tests/compiler/lto;tests/compiler/lto/freeze_cross_tu_and_lto_vertical_acceptance_test.cc,CMakeLists.txt;docs/language;include/Cellerator/compiler/ir;tools/cellerator,.gitmodules;CMakeLists.txt;bench/CMakeLists.txt;cmake/compiler/CelleratorCompilerTargets.cmake;cmake/package/CelleratorConfig.cmake.in;cmake/package/CelleratorConfigVersion.cmake.in;include/Cellerator/Cellerator.hh;include/Cellerator/compiler.hh;src/CMakeLists.txt;tests/CMakeLists.txt;tools/CMakeLists.txt,,"Inspect the cited read scope, implement freeze cross-tu and lto vertical acceptance in the isolated H01 lane, add the focused ce_ccp1_h01_016 gate, and publish a source-linked receipt."
CE-CCP1-H02-000,CE-CCP1-P70,workstream,libCellerator compiler APIs and runtime/execution SDK,planned,873,serial_lane,workstream;h02;sdk-libcellerator,2,0,0,0,include/Cellerator/compiler/api;src/compiler/api;include/Cellerator/sdk;src/sdk;tests/sdk,include/Cellerator;src/runtime;src/execution;src/compute;src/planner;docs/language,CMakeLists.txt;src/CMakeLists.txt;tools/CMakeLists.txt;tests/CMakeLists.txt;bench/CMakeLists.txt;include/Cellerator/Cellerator.hh;include/Cellerator/compiler.hh;.gitmodules;cmake/package/CelleratorConfig.cmake.in;cmake/package/CelleratorConfigVersion.cmake.in;cmake/compiler/CelleratorCompilerTargets.cmake,,Claim H02-001 after milestone prerequisites are reached.
CE-CCP1-H02-001,CE-CCP1-H02-000,validation_task,Freeze libCellerator component architecture,planned,823,serial_in_lane,h02;sdk-libcellerator;leaf,2,0,1,0,include/Cellerator/compiler/api;include/Cellerator/compiler/api/freeze_libcellerator_component_architecture_v1.hh;include/Cellerator/sdk;include/Cellerator/sdk/freeze_libcellerator_component_architecture_v1.hh;src/compiler/api;src/compiler/api/freeze_libcellerator_component_architecture.cc;src/sdk;tests/compiler/h02/freeze_libcellerator_component_architecture_test.cc;tests/sdk,docs/language;include/Cellerator;src/compute;src/execution;src/planner;src/runtime,.gitmodules;CMakeLists.txt;bench/CMakeLists.txt;cmake/compiler/CelleratorCompilerTargets.cmake;cmake/package/CelleratorConfig.cmake.in;cmake/package/CelleratorConfigVersion.cmake.in;include/Cellerator/Cellerator.hh;include/Cellerator/compiler.hh;src/CMakeLists.txt;tests/CMakeLists.txt;tools/CMakeLists.txt,,"Inspect the cited read scope, implement freeze libcellerator component architecture in the isolated H02 lane, add the focused ce_ccp1_h02_001 gate, and publish a source-linked receipt."
CE-CCP1-H02-002,CE-CCP1-H02-000,task,Define C compiler session API,planned,823,serial_in_lane,h02;sdk-libcellerator;leaf,1,0,1,0,include/Cellerator/compiler/api;include/Cellerator/compiler/api/define_c_compiler_session_api_v1.hh;include/Cellerator/sdk;include/Cellerator/sdk/define_c_compiler_session_api_v1.hh;src/compiler/api;src/compiler/api/define_c_compiler_session_api.cc;src/sdk;tests/compiler/h02/define_c_compiler_session_api_test.cc;tests/sdk,docs/language;include/Cellerator;src/compute;src/execution;src/planner;src/runtime,.gitmodules;CMakeLists.txt;bench/CMakeLists.txt;cmake/compiler/CelleratorCompilerTargets.cmake;cmake/package/CelleratorConfig.cmake.in;cmake/package/CelleratorConfigVersion.cmake.in;include/Cellerator/Cellerator.hh;include/Cellerator/compiler.hh;src/CMakeLists.txt;tests/CMakeLists.txt;tools/CMakeLists.txt,,"Inspect the cited read scope, implement define c compiler session api in the isolated H02 lane, add the focused ce_ccp1_h02_002 gate, and publish a source-linked receipt."
CE-CCP1-H02-003,CE-CCP1-H02-000,task,Define C++ compiler session API,planned,823,serial_in_lane,h02;sdk-libcellerator;leaf,1,0,1,0,include/Cellerator/compiler/api;include/Cellerator/compiler/api/define_c_compiler_session_api_v1.hh;include/Cellerator/sdk;include/Cellerator/sdk/define_c_compiler_session_api_v1.hh;src/compiler/api;src/compiler/api/define_c_compiler_session_api.cc;src/sdk;tests/compiler/h02/define_c_compiler_session_api_test.cc;tests/sdk,docs/language;include/Cellerator;src/compute;src/execution;src/planner;src/runtime,.gitmodules;CMakeLists.txt;bench/CMakeLists.txt;cmake/compiler/CelleratorCompilerTargets.cmake;cmake/package/CelleratorConfig.cmake.in;cmake/package/CelleratorConfigVersion.cmake.in;include/Cellerator/Cellerator.hh;include/Cellerator/compiler.hh;src/CMakeLists.txt;tests/CMakeLists.txt;tools/CMakeLists.txt,,"Inspect the cited read scope, implement define c++ compiler session api in the isolated H02 lane, add the focused ce_ccp1_h02_003 gate, and publish a source-linked receipt."
CE-CCP1-H02-004,CE-CCP1-H02-000,task,Expose parse and semantic-analysis APIs,planned,823,serial_in_lane,h02;sdk-libcellerator;leaf,1,0,1,0,include/Cellerator/compiler/api;include/Cellerator/compiler/api/expose_parse_and_semantic_analysis_apis_v1.hh;include/Cellerator/sdk;include/Cellerator/sdk/expose_parse_and_semantic_analysis_apis_v1.hh;src/compiler/api;src/compiler/api/expose_parse_and_semantic_analysis_apis.cc;src/sdk;tests/compiler/h02/expose_parse_and_semantic_analysis_apis_test.cc;tests/sdk,docs/language;include/Cellerator;src/compute;src/execution;src/planner;src/runtime,.gitmodules;CMakeLists.txt;bench/CMakeLists.txt;cmake/compiler/CelleratorCompilerTargets.cmake;cmake/package/CelleratorConfig.cmake.in;cmake/package/CelleratorConfigVersion.cmake.in;include/Cellerator/Cellerator.hh;include/Cellerator/compiler.hh;src/CMakeLists.txt;tests/CMakeLists.txt;tools/CMakeLists.txt,,"Inspect the cited read scope, implement expose parse and semantic-analysis apis in the isolated H02 lane, add the focused ce_ccp1_h02_004 gate, and publish a source-linked receipt."
CE-CCP1-H02-005,CE-CCP1-H02-000,task,Expose CEIR ownership and mutation APIs,planned,823,serial_in_lane,h02;sdk-libcellerator;leaf,1,0,1,0,include/Cellerator/compiler/api;include/Cellerator/compiler/api/expose_ceir_ownership_and_mutation_apis_v1.hh;include/Cellerator/sdk;include/Cellerator/sdk/expose_ceir_ownership_and_mutation_apis_v1.hh;src/compiler/api;src/compiler/api/expose_ceir_ownership_and_mutation_apis.cc;src/sdk;tests/compiler/h02/expose_ceir_ownership_and_mutation_apis_test.cc;tests/sdk,docs/language;include/Cellerator;src/compute;src/execution;src/planner;src/runtime,.gitmodules;CMakeLists.txt;bench/CMakeLists.txt;cmake/compiler/CelleratorCompilerTargets.cmake;cmake/package/CelleratorConfig.cmake.in;cmake/package/CelleratorConfigVersion.cmake.in;include/Cellerator/Cellerator.hh;include/Cellerator/compiler.hh;src/CMakeLists.txt;tests/CMakeLists.txt;tools/CMakeLists.txt,,"Inspect the cited read scope, implement expose ceir ownership and mutation apis in the isolated H02 lane, add the focused ce_ccp1_h02_005 gate, and publish a source-linked receipt."
CE-CCP1-H02-006,CE-CCP1-H02-000,task,Expose profile build/load/query APIs,planned,823,serial_in_lane,h02;sdk-libcellerator;leaf,1,0,1,0,include/Cellerator/compiler/api;include/Cellerator/compiler/api/expose_profile_build_load_query_apis_v1.hh;include/Cellerator/sdk;include/Cellerator/sdk/expose_profile_build_load_query_apis_v1.hh;src/compiler/api;src/compiler/api/expose_profile_build_load_query_apis.cc;src/sdk;tests/compiler/h02/expose_profile_build_load_query_apis_test.cc;tests/sdk,docs/language;include/Cellerator;src/compute;src/execution;src/planner;src/runtime,.gitmodules;CMakeLists.txt;bench/CMakeLists.txt;cmake/compiler/CelleratorCompilerTargets.cmake;cmake/package/CelleratorConfig.cmake.in;cmake/package/CelleratorConfigVersion.cmake.in;include/Cellerator/Cellerator.hh;include/Cellerator/compiler.hh;src/CMakeLists.txt;tests/CMakeLists.txt;tools/CMakeLists.txt,,"Inspect the cited read scope, implement expose profile build/load/query apis in the isolated H02 lane, add the focused ce_ccp1_h02_006 gate, and publish a source-linked receipt."
CE-CCP1-H02-007,CE-CCP1-H02-000,task,Expose planning and candidate APIs,planned,823,serial_in_lane,h02;sdk-libcellerator;leaf,1,0,1,0,include/Cellerator/compiler/api;include/Cellerator/compiler/api/expose_planning_and_candidate_apis_v1.hh;include/Cellerator/sdk;include/Cellerator/sdk/expose_planning_and_candidate_apis_v1.hh;src/compiler/api;src/compiler/api/expose_planning_and_candidate_apis.cc;src/sdk;tests/compiler/h02/expose_planning_and_candidate_apis_test.cc;tests/sdk,docs/language;include/Cellerator;src/compute;src/execution;src/planner;src/runtime,.gitmodules;CMakeLists.txt;bench/CMakeLists.txt;cmake/compiler/CelleratorCompilerTargets.cmake;cmake/package/CelleratorConfig.cmake.in;cmake/package/CelleratorConfigVersion.cmake.in;include/Cellerator/Cellerator.hh;include/Cellerator/compiler.hh;src/CMakeLists.txt;tests/CMakeLists.txt;tools/CMakeLists.txt,,"Inspect the cited read scope, implement expose planning and candidate apis in the isolated H02 lane, add the focused ce_ccp1_h02_007 gate, and publish a source-linked receipt."
CE-CCP1-H02-008,CE-CCP1-H02-000,task,Expose realization and backend APIs,planned,823,serial_in_lane,h02;sdk-libcellerator;leaf,1,0,1,0,include/Cellerator/compiler/api;include/Cellerator/compiler/api/expose_realization_and_backend_apis_v1.hh;include/Cellerator/sdk;include/Cellerator/sdk/expose_realization_and_backend_apis_v1.hh;src/compiler/api;src/compiler/api/expose_realization_and_backend_apis.cc;src/sdk;tests/compiler/h02/expose_realization_and_backend_apis_test.cc;tests/sdk,docs/language;include/Cellerator;src/compute;src/execution;src/planner;src/runtime,.gitmodules;CMakeLists.txt;bench/CMakeLists.txt;cmake/compiler/CelleratorCompilerTargets.cmake;cmake/package/CelleratorConfig.cmake.in;cmake/package/CelleratorConfigVersion.cmake.in;include/Cellerator/Cellerator.hh;include/Cellerator/compiler.hh;src/CMakeLists.txt;tests/CMakeLists.txt;tools/CMakeLists.txt,,"Inspect the cited read scope, implement expose realization and backend apis in the isolated H02 lane, add the focused ce_ccp1_h02_008 gate, and publish a source-linked receipt."
CE-CCP1-H02-009,CE-CCP1-H02-000,task,"Expose pass, reflection, and extension APIs",planned,823,serial_in_lane,h02;sdk-libcellerator;leaf,1,0,1,0,include/Cellerator/compiler/api;include/Cellerator/compiler/api/expose_pass_reflection_and_extension_apis_v1.hh;include/Cellerator/sdk;include/Cellerator/sdk/expose_pass_reflection_and_extension_apis_v1.hh;src/compiler/api;src/compiler/api/expose_pass_reflection_and_extension_apis.cc;src/sdk;tests/compiler/h02/expose_pass_reflection_and_extension_apis_test.cc;tests/sdk,docs/language;include/Cellerator;src/compute;src/execution;src/planner;src/runtime,.gitmodules;CMakeLists.txt;bench/CMakeLists.txt;cmake/compiler/CelleratorCompilerTargets.cmake;cmake/package/CelleratorConfig.cmake.in;cmake/package/CelleratorConfigVersion.cmake.in;include/Cellerator/Cellerator.hh;include/Cellerator/compiler.hh;src/CMakeLists.txt;tests/CMakeLists.txt;tools/CMakeLists.txt,,"Inspect the cited read scope, implement expose pass, reflection, and extension apis in the isolated H02 lane, add the focused ce_ccp1_h02_009 gate, and publish a source-linked receipt."
CE-CCP1-H02-010,CE-CCP1-H02-000,task,Expose structured diagnostics and explainability APIs,planned,823,serial_in_lane,h02;sdk-libcellerator;leaf,1,0,1,0,include/Cellerator/compiler/api;include/Cellerator/compiler/api/expose_structured_diagnostics_and_explainability_apis_v1.hh;include/Cellerator/sdk;include/Cellerator/sdk/expose_structured_diagnostics_and_explainability_apis_v1.hh;src/compiler/api;src/compiler/api/expose_structured_diagnostics_and_explainability_apis.cc;src/sdk;tests/compiler/h02/expose_structured_diagnostics_and_explainability_apis_test.cc;tests/sdk,docs/language;include/Cellerator;src/compute;src/execution;src/planner;src/runtime,.gitmodules;CMakeLists.txt;bench/CMakeLists.txt;cmake/compiler/CelleratorCompilerTargets.cmake;cmake/package/CelleratorConfig.cmake.in;cmake/package/CelleratorConfigVersion.cmake.in;include/Cellerator/Cellerator.hh;include/Cellerator/compiler.hh;src/CMakeLists.txt;tests/CMakeLists.txt;tools/CMakeLists.txt,,"Inspect the cited read scope, implement expose structured diagnostics and explainability apis in the isolated H02 lane, add the focused ce_ccp1_h02_010 gate, and publish a source-linked receipt."
CE-CCP1-H02-011,CE-CCP1-H02-000,task,Define thread safety and context isolation,planned,823,serial_in_lane,h02;sdk-libcellerator;leaf,1,0,1,0,include/Cellerator/compiler/api;include/Cellerator/compiler/api/define_thread_safety_and_context_isolation_v1.hh;include/Cellerator/sdk;include/Cellerator/sdk/define_thread_safety_and_context_isolation_v1.hh;src/compiler/api;src/compiler/api/define_thread_safety_and_context_isolation.cc;src/sdk;tests/compiler/h02/define_thread_safety_and_context_isolation_test.cc;tests/sdk,docs/language;include/Cellerator;src/compute;src/execution;src/planner;src/runtime,.gitmodules;CMakeLists.txt;bench/CMakeLists.txt;cmake/compiler/CelleratorCompilerTargets.cmake;cmake/package/CelleratorConfig.cmake.in;cmake/package/CelleratorConfigVersion.cmake.in;include/Cellerator/Cellerator.hh;include/Cellerator/compiler.hh;src/CMakeLists.txt;tests/CMakeLists.txt;tools/CMakeLists.txt,,"Inspect the cited read scope, implement define thread safety and context isolation in the isolated H02 lane, add the focused ce_ccp1_h02_011 gate, and publish a source-linked receipt."
CE-CCP1-H02-012,CE-CCP1-H02-000,task,Preserve direct runtime/execution access,planned,823,serial_in_lane,h02;sdk-libcellerator;leaf,1,0,1,0,include/Cellerator/compiler/api;include/Cellerator/compiler/api/preserve_direct_runtime_execution_access_v1.hh;include/Cellerator/sdk;include/Cellerator/sdk/preserve_direct_runtime_execution_access_v1.hh;src/compiler/api;src/compiler/api/preserve_direct_runtime_execution_access.cc;src/sdk;tests/compiler/h02/preserve_direct_runtime_execution_access_test.cc;tests/sdk,docs/language;include/Cellerator;src/compute;src/execution;src/planner;src/runtime,.gitmodules;CMakeLists.txt;bench/CMakeLists.txt;cmake/compiler/CelleratorCompilerTargets.cmake;cmake/package/CelleratorConfig.cmake.in;cmake/package/CelleratorConfigVersion.cmake.in;include/Cellerator/Cellerator.hh;include/Cellerator/compiler.hh;src/CMakeLists.txt;tests/CMakeLists.txt;tools/CMakeLists.txt,,"Inspect the cited read scope, implement preserve direct runtime/execution access in the isolated H02 lane, add the focused ce_ccp1_h02_012 gate, and publish a source-linked receipt."
CE-CCP1-H02-013,CE-CCP1-H02-000,task,Create narrow public runtime facades,planned,823,serial_in_lane,h02;sdk-libcellerator;leaf,1,0,1,0,include/Cellerator/compiler/api;include/Cellerator/compiler/api/create_narrow_public_runtime_facades_v1.hh;include/Cellerator/sdk;include/Cellerator/sdk/create_narrow_public_runtime_facades_v1.hh;src/compiler/api;src/compiler/api/create_narrow_public_runtime_facades.cc;src/sdk;tests/compiler/h02/create_narrow_public_runtime_facades_test.cc;tests/sdk,docs/language;include/Cellerator;src/compute;src/execution;src/planner;src/runtime,.gitmodules;CMakeLists.txt;bench/CMakeLists.txt;cmake/compiler/CelleratorCompilerTargets.cmake;cmake/package/CelleratorConfig.cmake.in;cmake/package/CelleratorConfigVersion.cmake.in;include/Cellerator/Cellerator.hh;include/Cellerator/compiler.hh;src/CMakeLists.txt;tests/CMakeLists.txt;tools/CMakeLists.txt,,"Inspect the cited read scope, implement create narrow public runtime facades in the isolated H02 lane, add the focused ce_ccp1_h02_013 gate, and publish a source-linked receipt."
CE-CCP1-H02-014,CE-CCP1-H02-000,task,Define ABI/version and feature queries,planned,823,serial_in_lane,h02;sdk-libcellerator;leaf,1,0,1,0,include/Cellerator/compiler/api;include/Cellerator/compiler/api/define_abi_version_and_feature_queries_v1.hh;include/Cellerator/sdk;include/Cellerator/sdk/define_abi_version_and_feature_queries_v1.hh;src/compiler/api;src/compiler/api/define_abi_version_and_feature_queries.cc;src/sdk;tests/compiler/h02/define_abi_version_and_feature_queries_test.cc;tests/sdk,docs/language;include/Cellerator;src/compute;src/execution;src/planner;src/runtime,.gitmodules;CMakeLists.txt;bench/CMakeLists.txt;cmake/compiler/CelleratorCompilerTargets.cmake;cmake/package/CelleratorConfig.cmake.in;cmake/package/CelleratorConfigVersion.cmake.in;include/Cellerator/Cellerator.hh;include/Cellerator/compiler.hh;src/CMakeLists.txt;tests/CMakeLists.txt;tools/CMakeLists.txt,,"Inspect the cited read scope, implement define abi/version and feature queries in the isolated H02 lane, add the focused ce_ccp1_h02_014 gate, and publish a source-linked receipt."
CE-CCP1-H02-015,CE-CCP1-H02-000,task,Create installed SDK examples,planned,823,serial_in_lane,h02;sdk-libcellerator;leaf,1,0,1,0,include/Cellerator/compiler/api;include/Cellerator/compiler/api/create_installed_sdk_examples_v1.hh;include/Cellerator/sdk;include/Cellerator/sdk/create_installed_sdk_examples_v1.hh;src/compiler/api;src/compiler/api/create_installed_sdk_examples.cc;src/sdk;tests/compiler/h02/create_installed_sdk_examples_test.cc;tests/sdk,docs/language;include/Cellerator;src/compute;src/execution;src/planner;src/runtime,.gitmodules;CMakeLists.txt;bench/CMakeLists.txt;cmake/compiler/CelleratorCompilerTargets.cmake;cmake/package/CelleratorConfig.cmake.in;cmake/package/CelleratorConfigVersion.cmake.in;include/Cellerator/Cellerator.hh;include/Cellerator/compiler.hh;src/CMakeLists.txt;tests/CMakeLists.txt;tools/CMakeLists.txt,,"Inspect the cited read scope, implement create installed sdk examples in the isolated H02 lane, add the focused ce_ccp1_h02_015 gate, and publish a source-linked receipt."
CE-CCP1-H02-016,CE-CCP1-H02-000,validation_task,Freeze libCellerator SDK acceptance,planned,823,serial_in_lane,h02;sdk-libcellerator;leaf,6,1,1,5,include/Cellerator/compiler/api;include/Cellerator/compiler/api/freeze_libcellerator_sdk_acceptance_v1.hh;include/Cellerator/sdk;include/Cellerator/sdk/freeze_libcellerator_sdk_acceptance_v1.hh;src/compiler/api;src/compiler/api/freeze_libcellerator_sdk_acceptance.cc;src/sdk;tests/compiler/h02/freeze_libcellerator_sdk_acceptance_test.cc;tests/sdk,docs/language;include/Cellerator;src/compute;src/execution;src/planner;src/runtime,.gitmodules;CMakeLists.txt;bench/CMakeLists.txt;cmake/compiler/CelleratorCompilerTargets.cmake;cmake/package/CelleratorConfig.cmake.in;cmake/package/CelleratorConfigVersion.cmake.in;include/Cellerator/Cellerator.hh;include/Cellerator/compiler.hh;src/CMakeLists.txt;tests/CMakeLists.txt;tools/CMakeLists.txt,,"Inspect the cited read scope, implement freeze libcellerator sdk acceptance in the isolated H02 lane, add the focused ce_ccp1_h02_016 gate, and publish a source-linked receipt."
CE-CCP1-H03-000,CE-CCP1-P70,workstream,"Cellerator standard library, reference profiles, installation, and package integration",planned,872,serial_lane,workstream;h03;sdk-package,3,0,0,0,stdlib;profiles/reference;cmake/package;docs/sdk;tests/package,CMakeLists.txt;docs/language;include/Cellerator;tools;components/CelleraTorch,CMakeLists.txt;src/CMakeLists.txt;tools/CMakeLists.txt;tests/CMakeLists.txt;bench/CMakeLists.txt;include/Cellerator/Cellerator.hh;include/Cellerator/compiler.hh;.gitmodules;cmake/package/CelleratorConfig.cmake.in;cmake/package/CelleratorConfigVersion.cmake.in;cmake/compiler/CelleratorCompilerTargets.cmake,,Claim H03-001 after milestone prerequisites are reached.
CE-CCP1-H03-001,CE-CCP1-H03-000,validation_task,Freeze the language versus standard-library boundary,planned,822,serial_in_lane,h03;sdk-package;leaf,3,0,1,0,cmake/package;cmake/package/freeze_the_language_versus_standard_library_boundary.cmake;docs/sdk;profiles/reference;profiles/reference/freeze_the_language_versus_standard_library_boundary.ceprofile;stdlib;stdlib/freeze_the_language_versus_standard_library_boundary.md;tests/compiler/h03/freeze_the_language_versus_standard_library_boundary_test.cc;tests/package,CMakeLists.txt;components/CelleraTorch;docs/language;include/Cellerator;tools,.gitmodules;CMakeLists.txt;bench/CMakeLists.txt;cmake/compiler/CelleratorCompilerTargets.cmake;include/Cellerator/Cellerator.hh;include/Cellerator/compiler.hh;src/CMakeLists.txt;tests/CMakeLists.txt;tools/CMakeLists.txt,,"Inspect the cited read scope, implement freeze the language versus standard-library boundary in the isolated H03 lane, add the focused ce_ccp1_h03_001 gate, and publish a source-linked receipt."
CE-CCP1-H03-002,CE-CCP1-H03-000,task,Define standard-library package structure,planned,822,serial_in_lane,h03;sdk-package;leaf,1,0,1,0,cmake/package;cmake/package/define_standard_library_package_structure.cmake;docs/sdk;profiles/reference;profiles/reference/define_standard_library_package_structure.ceprofile;stdlib;stdlib/define_standard_library_package_structure.md;tests/compiler/h03/define_standard_library_package_structure_test.cc;tests/package,CMakeLists.txt;components/CelleraTorch;docs/language;include/Cellerator;tools,.gitmodules;CMakeLists.txt;bench/CMakeLists.txt;cmake/compiler/CelleratorCompilerTargets.cmake;include/Cellerator/Cellerator.hh;include/Cellerator/compiler.hh;src/CMakeLists.txt;tests/CMakeLists.txt;tools/CMakeLists.txt,,"Inspect the cited read scope, implement define standard-library package structure in the isolated H03 lane, add the focused ce_ccp1_h03_002 gate, and publish a source-linked receipt."
CE-CCP1-H03-003,CE-CCP1-H03-000,task,Implement the minimal core `.cell` library,planned,822,serial_in_lane,h03;sdk-package;leaf,1,0,1,0,cmake/package;cmake/package/implement_the_minimal_core_cell_library.cmake;docs/sdk;profiles/reference;profiles/reference/implement_the_minimal_core_cell_library.ceprofile;stdlib;stdlib/implement_the_minimal_core_cell_library.md;tests/compiler/h03/implement_the_minimal_core_cell_library_test.cc;tests/package,CMakeLists.txt;components/CelleraTorch;docs/language;include/Cellerator;tools,.gitmodules;CMakeLists.txt;bench/CMakeLists.txt;cmake/compiler/CelleratorCompilerTargets.cmake;include/Cellerator/Cellerator.hh;include/Cellerator/compiler.hh;src/CMakeLists.txt;tests/CMakeLists.txt;tools/CMakeLists.txt,,"Inspect the cited read scope, implement implement the minimal core `.cell` library in the isolated H03 lane, add the focused ce_ccp1_h03_003 gate, and publish a source-linked receipt."
CE-CCP1-H03-004,CE-CCP1-H03-000,task,Implement relation and state construction helpers,planned,822,serial_in_lane,h03;sdk-package;leaf,1,0,1,0,cmake/package;cmake/package/implement_relation_and_state_construction_helpers.cmake;docs/sdk;profiles/reference;profiles/reference/implement_relation_and_state_construction_helpers.ceprofile;stdlib;stdlib/implement_relation_and_state_construction_helpers.md;tests/compiler/h03/implement_relation_and_state_construction_helpers_test.cc;tests/package,CMakeLists.txt;components/CelleraTorch;docs/language;include/Cellerator;tools,.gitmodules;CMakeLists.txt;bench/CMakeLists.txt;cmake/compiler/CelleratorCompilerTargets.cmake;include/Cellerator/Cellerator.hh;include/Cellerator/compiler.hh;src/CMakeLists.txt;tests/CMakeLists.txt;tools/CMakeLists.txt,,"Inspect the cited read scope, implement implement relation and state construction helpers in the isolated H03 lane, add the focused ce_ccp1_h03_004 gate, and publish a source-linked receipt."
CE-CCP1-H03-005,CE-CCP1-H03-000,task,Implement operation wrappers in Cellerator source,planned,822,serial_in_lane,h03;sdk-package;leaf,1,0,1,0,cmake/package;cmake/package/implement_operation_wrappers_in_cellerator_source.cmake;docs/sdk;profiles/reference;profiles/reference/implement_operation_wrappers_in_cellerator_source.ceprofile;stdlib;stdlib/implement_operation_wrappers_in_cellerator_source.md;tests/compiler/h03/implement_operation_wrappers_in_cellerator_source_test.cc;tests/package,CMakeLists.txt;components/CelleraTorch;docs/language;include/Cellerator;tools,.gitmodules;CMakeLists.txt;bench/CMakeLists.txt;cmake/compiler/CelleratorCompilerTargets.cmake;include/Cellerator/Cellerator.hh;include/Cellerator/compiler.hh;src/CMakeLists.txt;tests/CMakeLists.txt;tools/CMakeLists.txt,,"Inspect the cited read scope, implement implement operation wrappers in cellerator source in the isolated H03 lane, add the focused ce_ccp1_h03_005 gate, and publish a source-linked receipt."
CE-CCP1-H03-006,CE-CCP1-H03-000,task,Implement profile and persistence helpers,planned,822,serial_in_lane,h03;sdk-package;leaf,1,0,1,0,cmake/package;cmake/package/implement_profile_and_persistence_helpers.cmake;docs/sdk;profiles/reference;profiles/reference/implement_profile_and_persistence_helpers.ceprofile;stdlib;stdlib/implement_profile_and_persistence_helpers.md;tests/compiler/h03/implement_profile_and_persistence_helpers_test.cc;tests/package,CMakeLists.txt;components/CelleraTorch;docs/language;include/Cellerator;tools,.gitmodules;CMakeLists.txt;bench/CMakeLists.txt;cmake/compiler/CelleratorCompilerTargets.cmake;include/Cellerator/Cellerator.hh;include/Cellerator/compiler.hh;src/CMakeLists.txt;tests/CMakeLists.txt;tools/CMakeLists.txt,,"Inspect the cited read scope, implement implement profile and persistence helpers in the isolated H03 lane, add the focused ce_ccp1_h03_006 gate, and publish a source-linked receipt."
CE-CCP1-H03-007,CE-CCP1-H03-000,task,Implement planning and expert-control helpers,planned,822,serial_in_lane,h03;sdk-package;leaf,1,0,1,0,cmake/package;cmake/package/implement_planning_and_expert_control_helpers.cmake;docs/sdk;profiles/reference;profiles/reference/implement_planning_and_expert_control_helpers.ceprofile;stdlib;stdlib/implement_planning_and_expert_control_helpers.md;tests/compiler/h03/implement_planning_and_expert_control_helpers_test.cc;tests/package,CMakeLists.txt;components/CelleraTorch;docs/language;include/Cellerator;tools,.gitmodules;CMakeLists.txt;bench/CMakeLists.txt;cmake/compiler/CelleratorCompilerTargets.cmake;include/Cellerator/Cellerator.hh;include/Cellerator/compiler.hh;src/CMakeLists.txt;tests/CMakeLists.txt;tools/CMakeLists.txt,,"Inspect the cited read scope, implement implement planning and expert-control helpers in the isolated H03 lane, add the focused ce_ccp1_h03_007 gate, and publish a source-linked receipt."
CE-CCP1-H03-008,CE-CCP1-H03-000,task,Implement reflection and inline-IR helper library,planned,822,serial_in_lane,h03;sdk-package;leaf,1,0,1,0,cmake/package;cmake/package/implement_reflection_and_inline_ir_helper_library.cmake;docs/sdk;profiles/reference;profiles/reference/implement_reflection_and_inline_ir_helper_library.ceprofile;stdlib;stdlib/implement_reflection_and_inline_ir_helper_library.md;tests/compiler/h03/implement_reflection_and_inline_ir_helper_library_test.cc;tests/package,CMakeLists.txt;components/CelleraTorch;docs/language;include/Cellerator;tools,.gitmodules;CMakeLists.txt;bench/CMakeLists.txt;cmake/compiler/CelleratorCompilerTargets.cmake;include/Cellerator/Cellerator.hh;include/Cellerator/compiler.hh;src/CMakeLists.txt;tests/CMakeLists.txt;tools/CMakeLists.txt,,"Inspect the cited read scope, implement implement reflection and inline-ir helper library in the isolated H03 lane, add the focused ce_ccp1_h03_008 gate, and publish a source-linked receipt."
CE-CCP1-H03-009,CE-CCP1-H03-000,task,Define reference species profile policy,planned,822,serial_in_lane,h03;sdk-package;leaf,1,0,1,0,cmake/package;cmake/package/define_reference_species_profile_policy.cmake;docs/sdk;profiles/reference;profiles/reference/define_reference_species_profile_policy.ceprofile;stdlib;stdlib/define_reference_species_profile_policy.md;tests/compiler/h03/define_reference_species_profile_policy_test.cc;tests/package,CMakeLists.txt;components/CelleraTorch;docs/language;include/Cellerator;tools,.gitmodules;CMakeLists.txt;bench/CMakeLists.txt;cmake/compiler/CelleratorCompilerTargets.cmake;include/Cellerator/Cellerator.hh;include/Cellerator/compiler.hh;src/CMakeLists.txt;tests/CMakeLists.txt;tools/CMakeLists.txt,,"Inspect the cited read scope, implement define reference species profile policy in the isolated H03 lane, add the focused ce_ccp1_h03_009 gate, and publish a source-linked receipt."
CE-CCP1-H03-010,CE-CCP1-H03-000,task,Build minimal reference profile artifacts,planned,822,serial_in_lane,h03;sdk-package;leaf,1,0,1,0,cmake/package;cmake/package/build_minimal_reference_profile_artifacts.cmake;docs/sdk;profiles/reference;profiles/reference/build_minimal_reference_profile_artifacts.ceprofile;stdlib;stdlib/build_minimal_reference_profile_artifacts.md;tests/compiler/h03/build_minimal_reference_profile_artifacts_test.cc;tests/package,CMakeLists.txt;components/CelleraTorch;docs/language;include/Cellerator;tools,.gitmodules;CMakeLists.txt;bench/CMakeLists.txt;cmake/compiler/CelleratorCompilerTargets.cmake;include/Cellerator/Cellerator.hh;include/Cellerator/compiler.hh;src/CMakeLists.txt;tests/CMakeLists.txt;tools/CMakeLists.txt,,"Inspect the cited read scope, implement build minimal reference profile artifacts in the isolated H03 lane, add the focused ce_ccp1_h03_010 gate, and publish a source-linked receipt."
CE-CCP1-H03-011,CE-CCP1-H03-000,task,Implement compiler resource discovery,planned,822,serial_in_lane,h03;sdk-package;leaf,1,0,1,0,cmake/package;cmake/package/implement_compiler_resource_discovery.cmake;docs/sdk;profiles/reference;profiles/reference/implement_compiler_resource_discovery.ceprofile;stdlib;stdlib/implement_compiler_resource_discovery.md;tests/compiler/h03/implement_compiler_resource_discovery_test.cc;tests/package,CMakeLists.txt;components/CelleraTorch;docs/language;include/Cellerator;tools,.gitmodules;CMakeLists.txt;bench/CMakeLists.txt;cmake/compiler/CelleratorCompilerTargets.cmake;include/Cellerator/Cellerator.hh;include/Cellerator/compiler.hh;src/CMakeLists.txt;tests/CMakeLists.txt;tools/CMakeLists.txt,,"Inspect the cited read scope, implement implement compiler resource discovery in the isolated H03 lane, add the focused ce_ccp1_h03_011 gate, and publish a source-linked receipt."
CE-CCP1-H03-012,CE-CCP1-H03-000,task,Create CMake package exports,planned,822,serial_in_lane,h03;sdk-package;leaf,1,0,1,0,cmake/package;cmake/package/create_cmake_package_exports.cmake;docs/sdk;profiles/reference;profiles/reference/create_cmake_package_exports.ceprofile;stdlib;stdlib/create_cmake_package_exports.md;tests/compiler/h03/create_cmake_package_exports_test.cc;tests/package,CMakeLists.txt;components/CelleraTorch;docs/language;include/Cellerator;tools,.gitmodules;CMakeLists.txt;bench/CMakeLists.txt;cmake/compiler/CelleratorCompilerTargets.cmake;include/Cellerator/Cellerator.hh;include/Cellerator/compiler.hh;src/CMakeLists.txt;tests/CMakeLists.txt;tools/CMakeLists.txt,,"Inspect the cited read scope, implement create cmake package exports in the isolated H03 lane, add the focused ce_ccp1_h03_012 gate, and publish a source-linked receipt."
CE-CCP1-H03-013,CE-CCP1-H03-000,task,Create CMake compiler integration helpers,planned,822,serial_in_lane,h03;sdk-package;leaf,1,0,1,0,cmake/package;cmake/package/create_cmake_compiler_integration_helpers.cmake;docs/sdk;profiles/reference;profiles/reference/create_cmake_compiler_integration_helpers.ceprofile;stdlib;stdlib/create_cmake_compiler_integration_helpers.md;tests/compiler/h03/create_cmake_compiler_integration_helpers_test.cc;tests/package,CMakeLists.txt;components/CelleraTorch;docs/language;include/Cellerator;tools,.gitmodules;CMakeLists.txt;bench/CMakeLists.txt;cmake/compiler/CelleratorCompilerTargets.cmake;include/Cellerator/Cellerator.hh;include/Cellerator/compiler.hh;src/CMakeLists.txt;tests/CMakeLists.txt;tools/CMakeLists.txt,,"Inspect the cited read scope, implement create cmake compiler integration helpers in the isolated H03 lane, add the focused ce_ccp1_h03_013 gate, and publish a source-linked receipt."
CE-CCP1-H03-014,CE-CCP1-H03-000,task,Define installation layout and RPATH policy,planned,822,serial_in_lane,h03;sdk-package;leaf,1,0,1,0,cmake/package;cmake/package/define_installation_layout_and_rpath_policy.cmake;docs/sdk;profiles/reference;profiles/reference/define_installation_layout_and_rpath_policy.ceprofile;stdlib;stdlib/define_installation_layout_and_rpath_policy.md;tests/compiler/h03/define_installation_layout_and_rpath_policy_test.cc;tests/package,CMakeLists.txt;components/CelleraTorch;docs/language;include/Cellerator;tools,.gitmodules;CMakeLists.txt;bench/CMakeLists.txt;cmake/compiler/CelleratorCompilerTargets.cmake;include/Cellerator/Cellerator.hh;include/Cellerator/compiler.hh;src/CMakeLists.txt;tests/CMakeLists.txt;tools/CMakeLists.txt,,"Inspect the cited read scope, implement define installation layout and rpath policy in the isolated H03 lane, add the focused ce_ccp1_h03_014 gate, and publish a source-linked receipt."
CE-CCP1-H03-015,CE-CCP1-H03-000,task,Create pkg-config or equivalent lightweight metadata,planned,822,serial_in_lane,h03;sdk-package;leaf,1,0,1,0,cmake/package;cmake/package/create_pkg_config_or_equivalent_lightweight_metadata.cmake;docs/sdk;profiles/reference;profiles/reference/create_pkg_config_or_equivalent_lightweight_metadata.ceprofile;stdlib;stdlib/create_pkg_config_or_equivalent_lightweight_metadata.md;tests/compiler/h03/create_pkg_config_or_equivalent_lightweight_metadata_test.cc;tests/package,CMakeLists.txt;components/CelleraTorch;docs/language;include/Cellerator;tools,.gitmodules;CMakeLists.txt;bench/CMakeLists.txt;cmake/compiler/CelleratorCompilerTargets.cmake;include/Cellerator/Cellerator.hh;include/Cellerator/compiler.hh;src/CMakeLists.txt;tests/CMakeLists.txt;tools/CMakeLists.txt,,"Inspect the cited read scope, implement create pkg-config or equivalent lightweight metadata in the isolated H03 lane, add the focused ce_ccp1_h03_015 gate, and publish a source-linked receipt."
CE-CCP1-H03-016,CE-CCP1-H03-000,task,Build package manifest and resource hashes,planned,822,serial_in_lane,h03;sdk-package;leaf,1,0,1,0,cmake/package;cmake/package/build_package_manifest_and_resource_hashes.cmake;docs/sdk;profiles/reference;profiles/reference/build_package_manifest_and_resource_hashes.ceprofile;stdlib;stdlib/build_package_manifest_and_resource_hashes.md;tests/compiler/h03/build_package_manifest_and_resource_hashes_test.cc;tests/package,CMakeLists.txt;components/CelleraTorch;docs/language;include/Cellerator;tools,.gitmodules;CMakeLists.txt;bench/CMakeLists.txt;cmake/compiler/CelleratorCompilerTargets.cmake;include/Cellerator/Cellerator.hh;include/Cellerator/compiler.hh;src/CMakeLists.txt;tests/CMakeLists.txt;tools/CMakeLists.txt,,"Inspect the cited read scope, implement build package manifest and resource hashes in the isolated H03 lane, add the focused ce_ccp1_h03_016 gate, and publish a source-linked receipt."
CE-CCP1-H03-017,CE-CCP1-H03-000,task,Create package upgrade and coexistence tests,planned,822,serial_in_lane,h03;sdk-package;leaf,1,0,1,0,cmake/package;cmake/package/create_package_upgrade_and_coexistence_tests.cmake;docs/sdk;profiles/reference;profiles/reference/create_package_upgrade_and_coexistence_tests.ceprofile;stdlib;stdlib/create_package_upgrade_and_coexistence_tests.md;tests/compiler/h03/create_package_upgrade_and_coexistence_tests_test.cc;tests/package,CMakeLists.txt;components/CelleraTorch;docs/language;include/Cellerator;tools,.gitmodules;CMakeLists.txt;bench/CMakeLists.txt;cmake/compiler/CelleratorCompilerTargets.cmake;include/Cellerator/Cellerator.hh;include/Cellerator/compiler.hh;src/CMakeLists.txt;tests/CMakeLists.txt;tools/CMakeLists.txt,,"Inspect the cited read scope, implement create package upgrade and coexistence tests in the isolated H03 lane, add the focused ce_ccp1_h03_017 gate, and publish a source-linked receipt."
CE-CCP1-H03-018,CE-CCP1-H03-000,validation_task,Freeze installable SDK and standard-library foundation,planned,822,serial_in_lane,h03;sdk-package;leaf,3,1,1,3,cmake/package;cmake/package/freeze_installable_sdk_and_standard_library_foundation.cmake;docs/sdk;profiles/reference;profiles/reference/freeze_installable_sdk_and_standard_library_foundation.ceprofile;stdlib;stdlib/freeze_installable_sdk_and_standard_library_foundation.md;tests/compiler/h03/freeze_installable_sdk_and_standard_library_foundation_test.cc;tests/package,CMakeLists.txt;components/CelleraTorch;docs/language;include/Cellerator;tools,.gitmodules;CMakeLists.txt;bench/CMakeLists.txt;cmake/compiler/CelleratorCompilerTargets.cmake;include/Cellerator/Cellerator.hh;include/Cellerator/compiler.hh;src/CMakeLists.txt;tests/CMakeLists.txt;tools/CMakeLists.txt,,"Inspect the cited read scope, implement freeze installable sdk and standard-library foundation in the isolated H03 lane, add the focused ce_ccp1_h03_018 gate, and publish a source-linked receipt."
CE-CCP1-I01-000,CE-CCP1-P80,workstream,"celleratord core, clangd compatibility, and incremental compiler snapshots",planned,871,serial_lane,workstream;i01;tools-celleratord-core,2,0,0,0,include/Cellerator/compiler/tooling;src/compiler/tooling;tools/celleratord;tests/celleratord/core,include/Cellerator/compiler/frontend;include/Cellerator/compiler/ast;include/Cellerator/compiler/api;docs/language,CMakeLists.txt;src/CMakeLists.txt;tools/CMakeLists.txt;tests/CMakeLists.txt;bench/CMakeLists.txt;include/Cellerator/Cellerator.hh;include/Cellerator/compiler.hh;.gitmodules;cmake/package/CelleratorConfig.cmake.in;cmake/package/CelleratorConfigVersion.cmake.in;cmake/compiler/CelleratorCompilerTargets.cmake,,Claim I01-001 after milestone prerequisites are reached.
CE-CCP1-I01-001,CE-CCP1-I01-000,validation_task,Freeze the celleratord architecture,planned,821,serial_in_lane,i01;tools-celleratord-core;leaf,2,0,1,0,include/Cellerator/compiler/tooling;include/Cellerator/compiler/tooling/freeze_the_celleratord_architecture_v1.hh;src/compiler/tooling;src/compiler/tooling/freeze_the_celleratord_architecture.cc;tests/celleratord/core;tests/compiler/i01/freeze_the_celleratord_architecture_test.cc;tools/celleratord;tools/celleratord/freeze_the_celleratord_architecture.cc,docs/language;include/Cellerator/compiler/api;include/Cellerator/compiler/ast;include/Cellerator/compiler/frontend,.gitmodules;CMakeLists.txt;bench/CMakeLists.txt;cmake/compiler/CelleratorCompilerTargets.cmake;cmake/package/CelleratorConfig.cmake.in;cmake/package/CelleratorConfigVersion.cmake.in;include/Cellerator/Cellerator.hh;include/Cellerator/compiler.hh;src/CMakeLists.txt;tests/CMakeLists.txt;tools/CMakeLists.txt,,"Inspect the cited read scope, implement freeze the celleratord architecture in the isolated I01 lane, add the focused ce_ccp1_i01_001 gate, and publish a source-linked receipt."
CE-CCP1-I01-002,CE-CCP1-I01-000,task,Implement JSON-RPC and LSP transport,planned,821,serial_in_lane,i01;tools-celleratord-core;leaf,1,0,1,0,include/Cellerator/compiler/tooling;include/Cellerator/compiler/tooling/implement_json_rpc_and_lsp_transport_v1.hh;src/compiler/tooling;src/compiler/tooling/implement_json_rpc_and_lsp_transport.cc;tests/celleratord/core;tests/compiler/i01/implement_json_rpc_and_lsp_transport_test.cc;tools/celleratord;tools/celleratord/implement_json_rpc_and_lsp_transport.cc,docs/language;include/Cellerator/compiler/api;include/Cellerator/compiler/ast;include/Cellerator/compiler/frontend,.gitmodules;CMakeLists.txt;bench/CMakeLists.txt;cmake/compiler/CelleratorCompilerTargets.cmake;cmake/package/CelleratorConfig.cmake.in;cmake/package/CelleratorConfigVersion.cmake.in;include/Cellerator/Cellerator.hh;include/Cellerator/compiler.hh;src/CMakeLists.txt;tests/CMakeLists.txt;tools/CMakeLists.txt,,"Inspect the cited read scope, implement implement json-rpc and lsp transport in the isolated I01 lane, add the focused ce_ccp1_i01_002 gate, and publish a source-linked receipt."
CE-CCP1-I01-003,CE-CCP1-I01-000,task,Implement clangd worker discovery and lifecycle,planned,821,serial_in_lane,i01;tools-celleratord-core;leaf,1,0,1,0,include/Cellerator/compiler/tooling;include/Cellerator/compiler/tooling/implement_clangd_worker_discovery_and_lifecycle_v1.hh;src/compiler/tooling;src/compiler/tooling/implement_clangd_worker_discovery_and_lifecycle.cc;tests/celleratord/core;tests/compiler/i01/implement_clangd_worker_discovery_and_lifecycle_test.cc;tools/celleratord;tools/celleratord/implement_clangd_worker_discovery_and_lifecycle.cc,docs/language;include/Cellerator/compiler/api;include/Cellerator/compiler/ast;include/Cellerator/compiler/frontend,.gitmodules;CMakeLists.txt;bench/CMakeLists.txt;cmake/compiler/CelleratorCompilerTargets.cmake;cmake/package/CelleratorConfig.cmake.in;cmake/package/CelleratorConfigVersion.cmake.in;include/Cellerator/Cellerator.hh;include/Cellerator/compiler.hh;src/CMakeLists.txt;tests/CMakeLists.txt;tools/CMakeLists.txt,,"Inspect the cited read scope, implement implement clangd worker discovery and lifecycle in the isolated I01 lane, add the focused ce_ccp1_i01_003 gate, and publish a source-linked receipt."
CE-CCP1-I01-004,CE-CCP1-I01-000,task,Implement compile-command and project configuration,planned,821,serial_in_lane,i01;tools-celleratord-core;leaf,1,0,1,0,include/Cellerator/compiler/tooling;include/Cellerator/compiler/tooling/implement_compile_command_and_project_configuration_v1.hh;src/compiler/tooling;src/compiler/tooling/implement_compile_command_and_project_configuration.cc;tests/celleratord/core;tests/compiler/i01/implement_compile_command_and_project_configuration_test.cc;tools/celleratord;tools/celleratord/implement_compile_command_and_project_configuration.cc,docs/language;include/Cellerator/compiler/api;include/Cellerator/compiler/ast;include/Cellerator/compiler/frontend,.gitmodules;CMakeLists.txt;bench/CMakeLists.txt;cmake/compiler/CelleratorCompilerTargets.cmake;cmake/package/CelleratorConfig.cmake.in;cmake/package/CelleratorConfigVersion.cmake.in;include/Cellerator/Cellerator.hh;include/Cellerator/compiler.hh;src/CMakeLists.txt;tests/CMakeLists.txt;tools/CMakeLists.txt,,"Inspect the cited read scope, implement implement compile-command and project configuration in the isolated I01 lane, add the focused ce_ccp1_i01_004 gate, and publish a source-linked receipt."
CE-CCP1-I01-005,CE-CCP1-I01-000,task,Implement virtual shadow-document mapping,planned,821,serial_in_lane,i01;tools-celleratord-core;leaf,1,0,1,0,include/Cellerator/compiler/tooling;include/Cellerator/compiler/tooling/implement_virtual_shadow_document_mapping_v1.hh;src/compiler/tooling;src/compiler/tooling/implement_virtual_shadow_document_mapping.cc;tests/celleratord/core;tests/compiler/i01/implement_virtual_shadow_document_mapping_test.cc;tools/celleratord;tools/celleratord/implement_virtual_shadow_document_mapping.cc,docs/language;include/Cellerator/compiler/api;include/Cellerator/compiler/ast;include/Cellerator/compiler/frontend,.gitmodules;CMakeLists.txt;bench/CMakeLists.txt;cmake/compiler/CelleratorCompilerTargets.cmake;cmake/package/CelleratorConfig.cmake.in;cmake/package/CelleratorConfigVersion.cmake.in;include/Cellerator/Cellerator.hh;include/Cellerator/compiler.hh;src/CMakeLists.txt;tests/CMakeLists.txt;tools/CMakeLists.txt,,"Inspect the cited read scope, implement implement virtual shadow-document mapping in the isolated I01 lane, add the focused ce_ccp1_i01_005 gate, and publish a source-linked receipt."
CE-CCP1-I01-006,CE-CCP1-I01-000,task,Implement incremental source and AST snapshots,planned,821,serial_in_lane,i01;tools-celleratord-core;leaf,1,0,1,0,include/Cellerator/compiler/tooling;include/Cellerator/compiler/tooling/implement_incremental_source_and_ast_snapshots_v1.hh;src/compiler/tooling;src/compiler/tooling/implement_incremental_source_and_ast_snapshots.cc;tests/celleratord/core;tests/compiler/i01/implement_incremental_source_and_ast_snapshots_test.cc;tools/celleratord;tools/celleratord/implement_incremental_source_and_ast_snapshots.cc,docs/language;include/Cellerator/compiler/api;include/Cellerator/compiler/ast;include/Cellerator/compiler/frontend,.gitmodules;CMakeLists.txt;bench/CMakeLists.txt;cmake/compiler/CelleratorCompilerTargets.cmake;cmake/package/CelleratorConfig.cmake.in;cmake/package/CelleratorConfigVersion.cmake.in;include/Cellerator/Cellerator.hh;include/Cellerator/compiler.hh;src/CMakeLists.txt;tests/CMakeLists.txt;tools/CMakeLists.txt,,"Inspect the cited read scope, implement implement incremental source and ast snapshots in the isolated I01 lane, add the focused ce_ccp1_i01_006 gate, and publish a source-linked receipt."
CE-CCP1-I01-007,CE-CCP1-I01-000,task,Implement document scheduling and cancellation,planned,821,serial_in_lane,i01;tools-celleratord-core;leaf,1,0,1,0,include/Cellerator/compiler/tooling;include/Cellerator/compiler/tooling/implement_document_scheduling_and_cancellation_v1.hh;src/compiler/tooling;src/compiler/tooling/implement_document_scheduling_and_cancellation.cc;tests/celleratord/core;tests/compiler/i01/implement_document_scheduling_and_cancellation_test.cc;tools/celleratord;tools/celleratord/implement_document_scheduling_and_cancellation.cc,docs/language;include/Cellerator/compiler/api;include/Cellerator/compiler/ast;include/Cellerator/compiler/frontend,.gitmodules;CMakeLists.txt;bench/CMakeLists.txt;cmake/compiler/CelleratorCompilerTargets.cmake;cmake/package/CelleratorConfig.cmake.in;cmake/package/CelleratorConfigVersion.cmake.in;include/Cellerator/Cellerator.hh;include/Cellerator/compiler.hh;src/CMakeLists.txt;tests/CMakeLists.txt;tools/CMakeLists.txt,,"Inspect the cited read scope, implement implement document scheduling and cancellation in the isolated I01 lane, add the focused ce_ccp1_i01_007 gate, and publish a source-linked receipt."
CE-CCP1-I01-008,CE-CCP1-I01-000,task,Merge ordinary C++ and Cellerator diagnostics,planned,821,serial_in_lane,i01;tools-celleratord-core;leaf,1,0,1,0,include/Cellerator/compiler/tooling;include/Cellerator/compiler/tooling/merge_ordinary_c_and_cellerator_diagnostics_v1.hh;src/compiler/tooling;src/compiler/tooling/merge_ordinary_c_and_cellerator_diagnostics.cc;tests/celleratord/core;tests/compiler/i01/merge_ordinary_c_and_cellerator_diagnostics_test.cc;tools/celleratord;tools/celleratord/merge_ordinary_c_and_cellerator_diagnostics.cc,docs/language;include/Cellerator/compiler/api;include/Cellerator/compiler/ast;include/Cellerator/compiler/frontend,.gitmodules;CMakeLists.txt;bench/CMakeLists.txt;cmake/compiler/CelleratorCompilerTargets.cmake;cmake/package/CelleratorConfig.cmake.in;cmake/package/CelleratorConfigVersion.cmake.in;include/Cellerator/Cellerator.hh;include/Cellerator/compiler.hh;src/CMakeLists.txt;tests/CMakeLists.txt;tools/CMakeLists.txt,,"Inspect the cited read scope, implement merge ordinary c++ and cellerator diagnostics in the isolated I01 lane, add the focused ce_ccp1_i01_008 gate, and publish a source-linked receipt."
CE-CCP1-I01-009,CE-CCP1-I01-000,task,"Forward completion, hover, navigation, and rename",planned,821,serial_in_lane,i01;tools-celleratord-core;leaf,1,0,1,0,include/Cellerator/compiler/tooling;include/Cellerator/compiler/tooling/forward_completion_hover_navigation_and_rename_v1.hh;src/compiler/tooling;src/compiler/tooling/forward_completion_hover_navigation_and_rename.cc;tests/celleratord/core;tests/compiler/i01/forward_completion_hover_navigation_and_rename_test.cc;tools/celleratord;tools/celleratord/forward_completion_hover_navigation_and_rename.cc,docs/language;include/Cellerator/compiler/api;include/Cellerator/compiler/ast;include/Cellerator/compiler/frontend,.gitmodules;CMakeLists.txt;bench/CMakeLists.txt;cmake/compiler/CelleratorCompilerTargets.cmake;cmake/package/CelleratorConfig.cmake.in;cmake/package/CelleratorConfigVersion.cmake.in;include/Cellerator/Cellerator.hh;include/Cellerator/compiler.hh;src/CMakeLists.txt;tests/CMakeLists.txt;tools/CMakeLists.txt,,"Inspect the cited read scope, implement forward completion, hover, navigation, and rename in the isolated I01 lane, add the focused ce_ccp1_i01_009 gate, and publish a source-linked receipt."
CE-CCP1-I01-010,CE-CCP1-I01-000,task,Implement workspace symbol and indexing foundations,planned,821,serial_in_lane,i01;tools-celleratord-core;leaf,1,0,1,0,include/Cellerator/compiler/tooling;include/Cellerator/compiler/tooling/implement_workspace_symbol_and_indexing_foundations_v1.hh;src/compiler/tooling;src/compiler/tooling/implement_workspace_symbol_and_indexing_foundations.cc;tests/celleratord/core;tests/compiler/i01/implement_workspace_symbol_and_indexing_foundations_test.cc;tools/celleratord;tools/celleratord/implement_workspace_symbol_and_indexing_foundations.cc,docs/language;include/Cellerator/compiler/api;include/Cellerator/compiler/ast;include/Cellerator/compiler/frontend,.gitmodules;CMakeLists.txt;bench/CMakeLists.txt;cmake/compiler/CelleratorCompilerTargets.cmake;cmake/package/CelleratorConfig.cmake.in;cmake/package/CelleratorConfigVersion.cmake.in;include/Cellerator/Cellerator.hh;include/Cellerator/compiler.hh;src/CMakeLists.txt;tests/CMakeLists.txt;tools/CMakeLists.txt,,"Inspect the cited read scope, implement implement workspace symbol and indexing foundations in the isolated I01 lane, add the focused ce_ccp1_i01_010 gate, and publish a source-linked receipt."
CE-CCP1-I01-011,CE-CCP1-I01-000,task,Implement host-only/no-profile editing behavior,planned,821,serial_in_lane,i01;tools-celleratord-core;leaf,1,0,1,0,include/Cellerator/compiler/tooling;include/Cellerator/compiler/tooling/implement_host_only_no_profile_editing_behavior_v1.hh;src/compiler/tooling;src/compiler/tooling/implement_host_only_no_profile_editing_behavior.cc;tests/celleratord/core;tests/compiler/i01/implement_host_only_no_profile_editing_behavior_test.cc;tools/celleratord;tools/celleratord/implement_host_only_no_profile_editing_behavior.cc,docs/language;include/Cellerator/compiler/api;include/Cellerator/compiler/ast;include/Cellerator/compiler/frontend,.gitmodules;CMakeLists.txt;bench/CMakeLists.txt;cmake/compiler/CelleratorCompilerTargets.cmake;cmake/package/CelleratorConfig.cmake.in;cmake/package/CelleratorConfigVersion.cmake.in;include/Cellerator/Cellerator.hh;include/Cellerator/compiler.hh;src/CMakeLists.txt;tests/CMakeLists.txt;tools/CMakeLists.txt,,"Inspect the cited read scope, implement implement host-only/no-profile editing behavior in the isolated I01 lane, add the focused ce_ccp1_i01_011 gate, and publish a source-linked receipt."
CE-CCP1-I01-012,CE-CCP1-I01-000,task,Expose reusable tooling snapshot APIs,planned,821,serial_in_lane,i01;tools-celleratord-core;leaf,1,0,1,0,include/Cellerator/compiler/tooling;include/Cellerator/compiler/tooling/expose_reusable_tooling_snapshot_apis_v1.hh;src/compiler/tooling;src/compiler/tooling/expose_reusable_tooling_snapshot_apis.cc;tests/celleratord/core;tests/compiler/i01/expose_reusable_tooling_snapshot_apis_test.cc;tools/celleratord;tools/celleratord/expose_reusable_tooling_snapshot_apis.cc,docs/language;include/Cellerator/compiler/api;include/Cellerator/compiler/ast;include/Cellerator/compiler/frontend,.gitmodules;CMakeLists.txt;bench/CMakeLists.txt;cmake/compiler/CelleratorCompilerTargets.cmake;cmake/package/CelleratorConfig.cmake.in;cmake/package/CelleratorConfigVersion.cmake.in;include/Cellerator/Cellerator.hh;include/Cellerator/compiler.hh;src/CMakeLists.txt;tests/CMakeLists.txt;tools/CMakeLists.txt,,"Inspect the cited read scope, implement expose reusable tooling snapshot apis in the isolated I01 lane, add the focused ce_ccp1_i01_012 gate, and publish a source-linked receipt."
CE-CCP1-I01-013,CE-CCP1-I01-000,validation_task,Benchmark baseline editor latency,planned,821,serial_in_lane,i01;tools-celleratord-core;leaf,1,0,1,0,include/Cellerator/compiler/tooling;include/Cellerator/compiler/tooling/benchmark_baseline_editor_latency_v1.hh;src/compiler/tooling;src/compiler/tooling/benchmark_baseline_editor_latency.cc;tests/celleratord/core;tests/compiler/i01/benchmark_baseline_editor_latency_test.cc;tools/celleratord;tools/celleratord/benchmark_baseline_editor_latency.cc,docs/language;include/Cellerator/compiler/api;include/Cellerator/compiler/ast;include/Cellerator/compiler/frontend,.gitmodules;CMakeLists.txt;bench/CMakeLists.txt;cmake/compiler/CelleratorCompilerTargets.cmake;cmake/package/CelleratorConfig.cmake.in;cmake/package/CelleratorConfigVersion.cmake.in;include/Cellerator/Cellerator.hh;include/Cellerator/compiler.hh;src/CMakeLists.txt;tests/CMakeLists.txt;tools/CMakeLists.txt,,"Inspect the cited read scope, implement benchmark baseline editor latency in the isolated I01 lane, add the focused ce_ccp1_i01_013 gate, and publish a source-linked receipt."
CE-CCP1-I01-014,CE-CCP1-I01-000,validation_task,Deliver celleratord C++-parity milestone,planned,821,serial_in_lane,i01;tools-celleratord-core;leaf,5,1,1,4,include/Cellerator/compiler/tooling;include/Cellerator/compiler/tooling/deliver_celleratord_c_parity_milestone_v1.hh;src/compiler/tooling;src/compiler/tooling/deliver_celleratord_c_parity_milestone.cc;tests/celleratord/core;tests/compiler/i01/deliver_celleratord_c_parity_milestone_test.cc;tools/celleratord;tools/celleratord/deliver_celleratord_c_parity_milestone.cc,docs/language;include/Cellerator/compiler/api;include/Cellerator/compiler/ast;include/Cellerator/compiler/frontend,.gitmodules;CMakeLists.txt;bench/CMakeLists.txt;cmake/compiler/CelleratorCompilerTargets.cmake;cmake/package/CelleratorConfig.cmake.in;cmake/package/CelleratorConfigVersion.cmake.in;include/Cellerator/Cellerator.hh;include/Cellerator/compiler.hh;src/CMakeLists.txt;tests/CMakeLists.txt;tools/CMakeLists.txt,,"Inspect the cited read scope, implement deliver celleratord c++-parity milestone in the isolated I01 lane, add the focused ce_ccp1_i01_014 gate, and publish a source-linked receipt."
CE-CCP1-I02-000,CE-CCP1-P80,workstream,"celleratord biological semantics, profiles, IR, planning, and native navigation",planned,870,serial_lane,workstream;i02;tools-celleratord-features,3,0,0,0,src/compiler/tooling/cellerator;tests/celleratord/cellerator;docs/celleratord,include/Cellerator/compiler/ir;include/Cellerator/compiler/profile;include/Cellerator/compiler/diagnostics;include/Cellerator/compiler/lto,CMakeLists.txt;src/CMakeLists.txt;tools/CMakeLists.txt;tests/CMakeLists.txt;bench/CMakeLists.txt;include/Cellerator/Cellerator.hh;include/Cellerator/compiler.hh;.gitmodules;cmake/package/CelleratorConfig.cmake.in;cmake/package/CelleratorConfigVersion.cmake.in;cmake/compiler/CelleratorCompilerTargets.cmake,,Claim I02-001 after milestone prerequisites are reached.
CE-CCP1-I02-001,CE-CCP1-I02-000,task,Implement Cellerator syntax completion,planned,820,serial_in_lane,i02;tools-celleratord-features;leaf,3,0,1,0,docs/celleratord;docs/celleratord/implement_cellerator_syntax_completion.md;src/compiler/tooling/cellerator;src/compiler/tooling/cellerator/implement_cellerator_syntax_completion.cc;tests/celleratord/cellerator;tests/celleratord/cellerator/implement_cellerator_syntax_completion_test.cc,include/Cellerator/compiler/diagnostics;include/Cellerator/compiler/ir;include/Cellerator/compiler/lto;include/Cellerator/compiler/profile,.gitmodules;CMakeLists.txt;bench/CMakeLists.txt;cmake/compiler/CelleratorCompilerTargets.cmake;cmake/package/CelleratorConfig.cmake.in;cmake/package/CelleratorConfigVersion.cmake.in;include/Cellerator/Cellerator.hh;include/Cellerator/compiler.hh;src/CMakeLists.txt;tests/CMakeLists.txt;tools/CMakeLists.txt,,"Inspect the cited read scope, implement implement cellerator syntax completion in the isolated I02 lane, add the focused ce_ccp1_i02_001 gate, and publish a source-linked receipt."
CE-CCP1-I02-002,CE-CCP1-I02-000,task,Implement biological type and relation hover,planned,820,serial_in_lane,i02;tools-celleratord-features;leaf,1,0,1,0,docs/celleratord;docs/celleratord/implement_biological_type_and_relation_hover.md;src/compiler/tooling/cellerator;src/compiler/tooling/cellerator/implement_biological_type_and_relation_hover.cc;tests/celleratord/cellerator;tests/celleratord/cellerator/implement_biological_type_and_relation_hover_test.cc,include/Cellerator/compiler/diagnostics;include/Cellerator/compiler/ir;include/Cellerator/compiler/lto;include/Cellerator/compiler/profile,.gitmodules;CMakeLists.txt;bench/CMakeLists.txt;cmake/compiler/CelleratorCompilerTargets.cmake;cmake/package/CelleratorConfig.cmake.in;cmake/package/CelleratorConfigVersion.cmake.in;include/Cellerator/Cellerator.hh;include/Cellerator/compiler.hh;src/CMakeLists.txt;tests/CMakeLists.txt;tools/CMakeLists.txt,,"Inspect the cited read scope, implement implement biological type and relation hover in the isolated I02 lane, add the focused ce_ccp1_i02_002 gate, and publish a source-linked receipt."
CE-CCP1-I02-003,CE-CCP1-I02-000,task,Implement field ownership and effect views,planned,820,serial_in_lane,i02;tools-celleratord-features;leaf,1,0,1,0,docs/celleratord;docs/celleratord/implement_field_ownership_and_effect_views.md;src/compiler/tooling/cellerator;src/compiler/tooling/cellerator/implement_field_ownership_and_effect_views.cc;tests/celleratord/cellerator;tests/celleratord/cellerator/implement_field_ownership_and_effect_views_test.cc,include/Cellerator/compiler/diagnostics;include/Cellerator/compiler/ir;include/Cellerator/compiler/lto;include/Cellerator/compiler/profile,.gitmodules;CMakeLists.txt;bench/CMakeLists.txt;cmake/compiler/CelleratorCompilerTargets.cmake;cmake/package/CelleratorConfig.cmake.in;cmake/package/CelleratorConfigVersion.cmake.in;include/Cellerator/Cellerator.hh;include/Cellerator/compiler.hh;src/CMakeLists.txt;tests/CMakeLists.txt;tools/CMakeLists.txt,,"Inspect the cited read scope, implement implement field ownership and effect views in the isolated I02 lane, add the focused ce_ccp1_i02_003 gate, and publish a source-linked receipt."
CE-CCP1-I02-004,CE-CCP1-I02-000,task,Implement profile-state-at-cursor,planned,820,serial_in_lane,i02;tools-celleratord-features;leaf,1,0,1,0,docs/celleratord;docs/celleratord/implement_profile_state_at_cursor.md;src/compiler/tooling/cellerator;src/compiler/tooling/cellerator/implement_profile_state_at_cursor.cc;tests/celleratord/cellerator;tests/celleratord/cellerator/implement_profile_state_at_cursor_test.cc,include/Cellerator/compiler/diagnostics;include/Cellerator/compiler/ir;include/Cellerator/compiler/lto;include/Cellerator/compiler/profile,.gitmodules;CMakeLists.txt;bench/CMakeLists.txt;cmake/compiler/CelleratorCompilerTargets.cmake;cmake/package/CelleratorConfig.cmake.in;cmake/package/CelleratorConfigVersion.cmake.in;include/Cellerator/Cellerator.hh;include/Cellerator/compiler.hh;src/CMakeLists.txt;tests/CMakeLists.txt;tools/CMakeLists.txt,,"Inspect the cited read scope, implement implement profile-state-at-cursor in the isolated I02 lane, add the focused ce_ccp1_i02_004 gate, and publish a source-linked receipt."
CE-CCP1-I02-005,CE-CCP1-I02-000,task,Implement generation and staleness queries,planned,820,serial_in_lane,i02;tools-celleratord-features;leaf,1,0,1,0,docs/celleratord;docs/celleratord/implement_generation_and_staleness_queries.md;src/compiler/tooling/cellerator;src/compiler/tooling/cellerator/implement_generation_and_staleness_queries.cc;tests/celleratord/cellerator;tests/celleratord/cellerator/implement_generation_and_staleness_queries_test.cc,include/Cellerator/compiler/diagnostics;include/Cellerator/compiler/ir;include/Cellerator/compiler/lto;include/Cellerator/compiler/profile,.gitmodules;CMakeLists.txt;bench/CMakeLists.txt;cmake/compiler/CelleratorCompilerTargets.cmake;cmake/package/CelleratorConfig.cmake.in;cmake/package/CelleratorConfigVersion.cmake.in;include/Cellerator/Cellerator.hh;include/Cellerator/compiler.hh;src/CMakeLists.txt;tests/CMakeLists.txt;tools/CMakeLists.txt,,"Inspect the cited read scope, implement implement generation and staleness queries in the isolated I02 lane, add the focused ce_ccp1_i02_005 gate, and publish a source-linked receipt."
CE-CCP1-I02-006,CE-CCP1-I02-000,task,Implement Semantic IR at cursor,planned,820,serial_in_lane,i02;tools-celleratord-features;leaf,1,0,1,0,docs/celleratord;docs/celleratord/implement_semantic_ir_at_cursor.md;src/compiler/tooling/cellerator;src/compiler/tooling/cellerator/implement_semantic_ir_at_cursor.cc;tests/celleratord/cellerator;tests/celleratord/cellerator/implement_semantic_ir_at_cursor_test.cc,include/Cellerator/compiler/diagnostics;include/Cellerator/compiler/ir;include/Cellerator/compiler/lto;include/Cellerator/compiler/profile,.gitmodules;CMakeLists.txt;bench/CMakeLists.txt;cmake/compiler/CelleratorCompilerTargets.cmake;cmake/package/CelleratorConfig.cmake.in;cmake/package/CelleratorConfigVersion.cmake.in;include/Cellerator/Cellerator.hh;include/Cellerator/compiler.hh;src/CMakeLists.txt;tests/CMakeLists.txt;tools/CMakeLists.txt,,"Inspect the cited read scope, implement implement semantic ir at cursor in the isolated I02 lane, add the focused ce_ccp1_i02_006 gate, and publish a source-linked receipt."
CE-CCP1-I02-007,CE-CCP1-I02-000,task,Implement Planning IR and candidate views,planned,820,serial_in_lane,i02;tools-celleratord-features;leaf,1,0,1,0,docs/celleratord;docs/celleratord/implement_planning_ir_and_candidate_views.md;src/compiler/tooling/cellerator;src/compiler/tooling/cellerator/implement_planning_ir_and_candidate_views.cc;tests/celleratord/cellerator;tests/celleratord/cellerator/implement_planning_ir_and_candidate_views_test.cc,include/Cellerator/compiler/diagnostics;include/Cellerator/compiler/ir;include/Cellerator/compiler/lto;include/Cellerator/compiler/profile,.gitmodules;CMakeLists.txt;bench/CMakeLists.txt;cmake/compiler/CelleratorCompilerTargets.cmake;cmake/package/CelleratorConfig.cmake.in;cmake/package/CelleratorConfigVersion.cmake.in;include/Cellerator/Cellerator.hh;include/Cellerator/compiler.hh;src/CMakeLists.txt;tests/CMakeLists.txt;tools/CMakeLists.txt,,"Inspect the cited read scope, implement implement planning ir and candidate views in the isolated I02 lane, add the focused ce_ccp1_i02_007 gate, and publish a source-linked receipt."
CE-CCP1-I02-008,CE-CCP1-I02-000,task,Implement realization and decomposition visualization,planned,820,serial_in_lane,i02;tools-celleratord-features;leaf,1,0,1,0,docs/celleratord;docs/celleratord/implement_realization_and_decomposition_visualization.md;src/compiler/tooling/cellerator;src/compiler/tooling/cellerator/implement_realization_and_decomposition_visualization.cc;tests/celleratord/cellerator;tests/celleratord/cellerator/implement_realization_and_decomposition_visualization_test.cc,include/Cellerator/compiler/diagnostics;include/Cellerator/compiler/ir;include/Cellerator/compiler/lto;include/Cellerator/compiler/profile,.gitmodules;CMakeLists.txt;bench/CMakeLists.txt;cmake/compiler/CelleratorCompilerTargets.cmake;cmake/package/CelleratorConfig.cmake.in;cmake/package/CelleratorConfigVersion.cmake.in;include/Cellerator/Cellerator.hh;include/Cellerator/compiler.hh;src/CMakeLists.txt;tests/CMakeLists.txt;tools/CMakeLists.txt,,"Inspect the cited read scope, implement implement realization and decomposition visualization in the isolated I02 lane, add the focused ce_ccp1_i02_008 gate, and publish a source-linked receipt."
CE-CCP1-I02-009,CE-CCP1-I02-000,task,Implement 'why did this candidate win?',planned,820,serial_in_lane,i02;tools-celleratord-features;leaf,1,0,1,0,docs/celleratord;docs/celleratord/implement_why_did_this_candidate_win.md;src/compiler/tooling/cellerator;src/compiler/tooling/cellerator/implement_why_did_this_candidate_win.cc;tests/celleratord/cellerator;tests/celleratord/cellerator/implement_why_did_this_candidate_win_test.cc,include/Cellerator/compiler/diagnostics;include/Cellerator/compiler/ir;include/Cellerator/compiler/lto;include/Cellerator/compiler/profile,.gitmodules;CMakeLists.txt;bench/CMakeLists.txt;cmake/compiler/CelleratorCompilerTargets.cmake;cmake/package/CelleratorConfig.cmake.in;cmake/package/CelleratorConfigVersion.cmake.in;include/Cellerator/Cellerator.hh;include/Cellerator/compiler.hh;src/CMakeLists.txt;tests/CMakeLists.txt;tools/CMakeLists.txt,,"Inspect the cited read scope, implement implement 'why did this candidate win?' in the isolated I02 lane, add the focused ce_ccp1_i02_009 gate, and publish a source-linked receipt."
CE-CCP1-I02-010,CE-CCP1-I02-000,task,Implement opaque-barrier and missed-optimization actions,planned,820,serial_in_lane,i02;tools-celleratord-features;leaf,1,0,1,0,docs/celleratord;docs/celleratord/implement_opaque_barrier_and_missed_optimization_actions.md;src/compiler/tooling/cellerator;src/compiler/tooling/cellerator/implement_opaque_barrier_and_missed_optimization_actions.cc;tests/celleratord/cellerator;tests/celleratord/cellerator/implement_opaque_barrier_and_missed_optimization_actions_test.cc,include/Cellerator/compiler/diagnostics;include/Cellerator/compiler/ir;include/Cellerator/compiler/lto;include/Cellerator/compiler/profile,.gitmodules;CMakeLists.txt;bench/CMakeLists.txt;cmake/compiler/CelleratorCompilerTargets.cmake;cmake/package/CelleratorConfig.cmake.in;cmake/package/CelleratorConfigVersion.cmake.in;include/Cellerator/Cellerator.hh;include/Cellerator/compiler.hh;src/CMakeLists.txt;tests/CMakeLists.txt;tools/CMakeLists.txt,,"Inspect the cited read scope, implement implement opaque-barrier and missed-optimization actions in the isolated I02 lane, add the focused ce_ccp1_i02_010 gate, and publish a source-linked receipt."
CE-CCP1-I02-011,CE-CCP1-I02-000,task,Implement source-to-native navigation,planned,820,serial_in_lane,i02;tools-celleratord-features;leaf,1,0,1,0,docs/celleratord;docs/celleratord/implement_source_to_native_navigation.md;src/compiler/tooling/cellerator;src/compiler/tooling/cellerator/implement_source_to_native_navigation.cc;tests/celleratord/cellerator;tests/celleratord/cellerator/implement_source_to_native_navigation_test.cc,include/Cellerator/compiler/diagnostics;include/Cellerator/compiler/ir;include/Cellerator/compiler/lto;include/Cellerator/compiler/profile,.gitmodules;CMakeLists.txt;bench/CMakeLists.txt;cmake/compiler/CelleratorCompilerTargets.cmake;cmake/package/CelleratorConfig.cmake.in;cmake/package/CelleratorConfigVersion.cmake.in;include/Cellerator/Cellerator.hh;include/Cellerator/compiler.hh;src/CMakeLists.txt;tests/CMakeLists.txt;tools/CMakeLists.txt,,"Inspect the cited read scope, implement implement source-to-native navigation in the isolated I02 lane, add the focused ce_ccp1_i02_011 gate, and publish a source-linked receipt."
CE-CCP1-I02-012,CE-CCP1-I02-000,task,Implement inline CEIR diagnostics and completion,planned,820,serial_in_lane,i02;tools-celleratord-features;leaf,1,0,1,0,docs/celleratord;docs/celleratord/implement_inline_ceir_diagnostics_and_completion.md;src/compiler/tooling/cellerator;src/compiler/tooling/cellerator/implement_inline_ceir_diagnostics_and_completion.cc;tests/celleratord/cellerator;tests/celleratord/cellerator/implement_inline_ceir_diagnostics_and_completion_test.cc,include/Cellerator/compiler/diagnostics;include/Cellerator/compiler/ir;include/Cellerator/compiler/lto;include/Cellerator/compiler/profile,.gitmodules;CMakeLists.txt;bench/CMakeLists.txt;cmake/compiler/CelleratorCompilerTargets.cmake;cmake/package/CelleratorConfig.cmake.in;cmake/package/CelleratorConfigVersion.cmake.in;include/Cellerator/Cellerator.hh;include/Cellerator/compiler.hh;src/CMakeLists.txt;tests/CMakeLists.txt;tools/CMakeLists.txt,,"Inspect the cited read scope, implement implement inline ceir diagnostics and completion in the isolated I02 lane, add the focused ce_ccp1_i02_012 gate, and publish a source-linked receipt."
CE-CCP1-I02-013,CE-CCP1-I02-000,validation_task,Benchmark advanced semantic queries,planned,820,serial_in_lane,i02;tools-celleratord-features;leaf,1,0,1,0,docs/celleratord;docs/celleratord/benchmark_advanced_semantic_queries.md;src/compiler/tooling/cellerator;src/compiler/tooling/cellerator/benchmark_advanced_semantic_queries.cc;tests/celleratord/cellerator;tests/celleratord/cellerator/benchmark_advanced_semantic_queries_test.cc,include/Cellerator/compiler/diagnostics;include/Cellerator/compiler/ir;include/Cellerator/compiler/lto;include/Cellerator/compiler/profile,.gitmodules;CMakeLists.txt;bench/CMakeLists.txt;cmake/compiler/CelleratorCompilerTargets.cmake;cmake/package/CelleratorConfig.cmake.in;cmake/package/CelleratorConfigVersion.cmake.in;include/Cellerator/Cellerator.hh;include/Cellerator/compiler.hh;src/CMakeLists.txt;tests/CMakeLists.txt;tools/CMakeLists.txt,,"Inspect the cited read scope, implement benchmark advanced semantic queries in the isolated I02 lane, add the focused ce_ccp1_i02_013 gate, and publish a source-linked receipt."
CE-CCP1-I02-014,CE-CCP1-I02-000,validation_task,Freeze Cellerator-aware celleratord acceptance,planned,820,serial_in_lane,i02;tools-celleratord-features;leaf,6,1,1,5,docs/celleratord;docs/celleratord/freeze_cellerator_aware_celleratord_acceptance.md;src/compiler/tooling/cellerator;src/compiler/tooling/cellerator/freeze_cellerator_aware_celleratord_acceptance.cc;tests/celleratord/cellerator;tests/celleratord/cellerator/freeze_cellerator_aware_celleratord_acceptance_test.cc,include/Cellerator/compiler/diagnostics;include/Cellerator/compiler/ir;include/Cellerator/compiler/lto;include/Cellerator/compiler/profile,.gitmodules;CMakeLists.txt;bench/CMakeLists.txt;cmake/compiler/CelleratorCompilerTargets.cmake;cmake/package/CelleratorConfig.cmake.in;cmake/package/CelleratorConfigVersion.cmake.in;include/Cellerator/Cellerator.hh;include/Cellerator/compiler.hh;src/CMakeLists.txt;tests/CMakeLists.txt;tools/CMakeLists.txt,,"Inspect the cited read scope, implement freeze cellerator-aware celleratord acceptance in the isolated I02 lane, add the focused ce_ccp1_i02_014 gate, and publish a source-linked receipt."
CE-CCP1-J01-000,CE-CCP1-P90,workstream,"Compiler conformance, fuzzing, differential validation, and resilience",planned,869,serial_lane,workstream;j01;tests-compiler,2,0,0,0,tests/compiler/conformance;tests/compiler/fuzz;tests/compiler/differential;tests/compiler/resilience,docs/language;include/Cellerator/compiler;src/compiler;profiles/reference;stdlib,CMakeLists.txt;src/CMakeLists.txt;tools/CMakeLists.txt;tests/CMakeLists.txt;bench/CMakeLists.txt;include/Cellerator/Cellerator.hh;include/Cellerator/compiler.hh;.gitmodules;cmake/package/CelleratorConfig.cmake.in;cmake/package/CelleratorConfigVersion.cmake.in;cmake/compiler/CelleratorCompilerTargets.cmake,,Claim J01-001 after milestone prerequisites are reached.
CE-CCP1-J01-001,CE-CCP1-J01-000,task,Build the source-language conformance corpus,planned,819,serial_in_lane,j01;tests-compiler;leaf,2,0,1,0,tests/compiler/conformance;tests/compiler/conformance/build_the_source_language_conformance_corpus_test.cc;tests/compiler/differential;tests/compiler/differential/build_the_source_language_conformance_corpus_test.cc;tests/compiler/fuzz;tests/compiler/fuzz/build_the_source_language_conformance_corpus_test.cc;tests/compiler/resilience,docs/language;include/Cellerator/compiler;profiles/reference;src/compiler;stdlib,.gitmodules;CMakeLists.txt;bench/CMakeLists.txt;cmake/compiler/CelleratorCompilerTargets.cmake;cmake/package/CelleratorConfig.cmake.in;cmake/package/CelleratorConfigVersion.cmake.in;include/Cellerator/Cellerator.hh;include/Cellerator/compiler.hh;src/CMakeLists.txt;tests/CMakeLists.txt;tools/CMakeLists.txt,,"Inspect the cited read scope, implement build the source-language conformance corpus in the isolated J01 lane, add the focused ce_ccp1_j01_001 gate, and publish a source-linked receipt."
CE-CCP1-J01-002,CE-CCP1-J01-000,task,Fuzz activated-source lexing and pragma state,planned,819,serial_in_lane,j01;tests-compiler;leaf,1,0,1,0,tests/compiler/conformance;tests/compiler/conformance/fuzz_activated_source_lexing_and_pragma_state_test.cc;tests/compiler/differential;tests/compiler/differential/fuzz_activated_source_lexing_and_pragma_state_test.cc;tests/compiler/fuzz;tests/compiler/fuzz/fuzz_activated_source_lexing_and_pragma_state_test.cc;tests/compiler/resilience,docs/language;include/Cellerator/compiler;profiles/reference;src/compiler;stdlib,.gitmodules;CMakeLists.txt;bench/CMakeLists.txt;cmake/compiler/CelleratorCompilerTargets.cmake;cmake/package/CelleratorConfig.cmake.in;cmake/package/CelleratorConfigVersion.cmake.in;include/Cellerator/Cellerator.hh;include/Cellerator/compiler.hh;src/CMakeLists.txt;tests/CMakeLists.txt;tools/CMakeLists.txt,,"Inspect the cited read scope, implement fuzz activated-source lexing and pragma state in the isolated J01 lane, add the focused ce_ccp1_j01_002 gate, and publish a source-linked receipt."
CE-CCP1-J01-003,CE-CCP1-J01-000,task,Fuzz parser and recovery,planned,819,serial_in_lane,j01;tests-compiler;leaf,1,0,1,0,tests/compiler/conformance;tests/compiler/conformance/fuzz_parser_and_recovery_test.cc;tests/compiler/differential;tests/compiler/differential/fuzz_parser_and_recovery_test.cc;tests/compiler/fuzz;tests/compiler/fuzz/fuzz_parser_and_recovery_test.cc;tests/compiler/resilience,docs/language;include/Cellerator/compiler;profiles/reference;src/compiler;stdlib,.gitmodules;CMakeLists.txt;bench/CMakeLists.txt;cmake/compiler/CelleratorCompilerTargets.cmake;cmake/package/CelleratorConfig.cmake.in;cmake/package/CelleratorConfigVersion.cmake.in;include/Cellerator/Cellerator.hh;include/Cellerator/compiler.hh;src/CMakeLists.txt;tests/CMakeLists.txt;tools/CMakeLists.txt,,"Inspect the cited read scope, implement fuzz parser and recovery in the isolated J01 lane, add the focused ce_ccp1_j01_003 gate, and publish a source-linked receipt."
CE-CCP1-J01-004,CE-CCP1-J01-000,task,Differentially test ordinary C++ fallthrough,planned,819,serial_in_lane,j01;tests-compiler;leaf,1,0,1,0,tests/compiler/conformance;tests/compiler/conformance/differentially_test_ordinary_c_fallthrough_test.cc;tests/compiler/differential;tests/compiler/differential/differentially_test_ordinary_c_fallthrough_test.cc;tests/compiler/fuzz;tests/compiler/fuzz/differentially_test_ordinary_c_fallthrough_test.cc;tests/compiler/resilience,docs/language;include/Cellerator/compiler;profiles/reference;src/compiler;stdlib,.gitmodules;CMakeLists.txt;bench/CMakeLists.txt;cmake/compiler/CelleratorCompilerTargets.cmake;cmake/package/CelleratorConfig.cmake.in;cmake/package/CelleratorConfigVersion.cmake.in;include/Cellerator/Cellerator.hh;include/Cellerator/compiler.hh;src/CMakeLists.txt;tests/CMakeLists.txt;tools/CMakeLists.txt,,"Inspect the cited read scope, implement differentially test ordinary c++ fallthrough in the isolated J01 lane, add the focused ce_ccp1_j01_004 gate, and publish a source-linked receipt."
CE-CCP1-J01-005,CE-CCP1-J01-000,task,Build biological Sema negative suites,planned,819,serial_in_lane,j01;tests-compiler;leaf,1,0,1,0,tests/compiler/conformance;tests/compiler/conformance/build_biological_sema_negative_suites_test.cc;tests/compiler/differential;tests/compiler/differential/build_biological_sema_negative_suites_test.cc;tests/compiler/fuzz;tests/compiler/fuzz/build_biological_sema_negative_suites_test.cc;tests/compiler/resilience,docs/language;include/Cellerator/compiler;profiles/reference;src/compiler;stdlib,.gitmodules;CMakeLists.txt;bench/CMakeLists.txt;cmake/compiler/CelleratorCompilerTargets.cmake;cmake/package/CelleratorConfig.cmake.in;cmake/package/CelleratorConfigVersion.cmake.in;include/Cellerator/Cellerator.hh;include/Cellerator/compiler.hh;src/CMakeLists.txt;tests/CMakeLists.txt;tools/CMakeLists.txt,,"Inspect the cited read scope, implement build biological sema negative suites in the isolated J01 lane, add the focused ce_ccp1_j01_005 gate, and publish a source-linked receipt."
CE-CCP1-J01-006,CE-CCP1-J01-000,task,Fuzz CEIR text and binary artifacts,planned,819,serial_in_lane,j01;tests-compiler;leaf,1,0,1,0,tests/compiler/conformance;tests/compiler/conformance/fuzz_ceir_text_and_binary_artifacts_test.cc;tests/compiler/differential;tests/compiler/differential/fuzz_ceir_text_and_binary_artifacts_test.cc;tests/compiler/fuzz;tests/compiler/fuzz/fuzz_ceir_text_and_binary_artifacts_test.cc;tests/compiler/resilience,docs/language;include/Cellerator/compiler;profiles/reference;src/compiler;stdlib,.gitmodules;CMakeLists.txt;bench/CMakeLists.txt;cmake/compiler/CelleratorCompilerTargets.cmake;cmake/package/CelleratorConfig.cmake.in;cmake/package/CelleratorConfigVersion.cmake.in;include/Cellerator/Cellerator.hh;include/Cellerator/compiler.hh;src/CMakeLists.txt;tests/CMakeLists.txt;tools/CMakeLists.txt,,"Inspect the cited read scope, implement fuzz ceir text and binary artifacts in the isolated J01 lane, add the focused ce_ccp1_j01_006 gate, and publish a source-linked receipt."
CE-CCP1-J01-007,CE-CCP1-J01-000,task,Fuzz profile artifacts and state propagation,planned,819,serial_in_lane,j01;tests-compiler;leaf,1,0,1,0,tests/compiler/conformance;tests/compiler/conformance/fuzz_profile_artifacts_and_state_propagation_test.cc;tests/compiler/differential;tests/compiler/differential/fuzz_profile_artifacts_and_state_propagation_test.cc;tests/compiler/fuzz;tests/compiler/fuzz/fuzz_profile_artifacts_and_state_propagation_test.cc;tests/compiler/resilience,docs/language;include/Cellerator/compiler;profiles/reference;src/compiler;stdlib,.gitmodules;CMakeLists.txt;bench/CMakeLists.txt;cmake/compiler/CelleratorCompilerTargets.cmake;cmake/package/CelleratorConfig.cmake.in;cmake/package/CelleratorConfigVersion.cmake.in;include/Cellerator/Cellerator.hh;include/Cellerator/compiler.hh;src/CMakeLists.txt;tests/CMakeLists.txt;tools/CMakeLists.txt,,"Inspect the cited read scope, implement fuzz profile artifacts and state propagation in the isolated J01 lane, add the focused ce_ccp1_j01_007 gate, and publish a source-linked receipt."
CE-CCP1-J01-008,CE-CCP1-J01-000,task,Property-test exact coverage and partial algebra,planned,819,serial_in_lane,j01;tests-compiler;leaf,1,0,1,0,tests/compiler/conformance;tests/compiler/conformance/property_test_exact_coverage_and_partial_algebra_test.cc;tests/compiler/differential;tests/compiler/differential/property_test_exact_coverage_and_partial_algebra_test.cc;tests/compiler/fuzz;tests/compiler/fuzz/property_test_exact_coverage_and_partial_algebra_test.cc;tests/compiler/resilience,docs/language;include/Cellerator/compiler;profiles/reference;src/compiler;stdlib,.gitmodules;CMakeLists.txt;bench/CMakeLists.txt;cmake/compiler/CelleratorCompilerTargets.cmake;cmake/package/CelleratorConfig.cmake.in;cmake/package/CelleratorConfigVersion.cmake.in;include/Cellerator/Cellerator.hh;include/Cellerator/compiler.hh;src/CMakeLists.txt;tests/CMakeLists.txt;tools/CMakeLists.txt,,"Inspect the cited read scope, implement property-test exact coverage and partial algebra in the isolated J01 lane, add the focused ce_ccp1_j01_008 gate, and publish a source-linked receipt."
CE-CCP1-J01-009,CE-CCP1-J01-000,task,Test pass and extension isolation,planned,819,serial_in_lane,j01;tests-compiler;leaf,1,0,1,0,tests/compiler/conformance;tests/compiler/conformance/test_pass_and_extension_isolation_test.cc;tests/compiler/differential;tests/compiler/differential/test_pass_and_extension_isolation_test.cc;tests/compiler/fuzz;tests/compiler/fuzz/test_pass_and_extension_isolation_test.cc;tests/compiler/resilience,docs/language;include/Cellerator/compiler;profiles/reference;src/compiler;stdlib,.gitmodules;CMakeLists.txt;bench/CMakeLists.txt;cmake/compiler/CelleratorCompilerTargets.cmake;cmake/package/CelleratorConfig.cmake.in;cmake/package/CelleratorConfigVersion.cmake.in;include/Cellerator/Cellerator.hh;include/Cellerator/compiler.hh;src/CMakeLists.txt;tests/CMakeLists.txt;tools/CMakeLists.txt,,"Inspect the cited read scope, implement test pass and extension isolation in the isolated J01 lane, add the focused ce_ccp1_j01_009 gate, and publish a source-linked receipt."
CE-CCP1-J01-010,CE-CCP1-J01-000,task,Test cross-TU/LTO and object corruption,planned,819,serial_in_lane,j01;tests-compiler;leaf,1,0,1,0,tests/compiler/conformance;tests/compiler/conformance/test_cross_tu_lto_and_object_corruption_test.cc;tests/compiler/differential;tests/compiler/differential/test_cross_tu_lto_and_object_corruption_test.cc;tests/compiler/fuzz;tests/compiler/fuzz/test_cross_tu_lto_and_object_corruption_test.cc;tests/compiler/resilience,docs/language;include/Cellerator/compiler;profiles/reference;src/compiler;stdlib,.gitmodules;CMakeLists.txt;bench/CMakeLists.txt;cmake/compiler/CelleratorCompilerTargets.cmake;cmake/package/CelleratorConfig.cmake.in;cmake/package/CelleratorConfigVersion.cmake.in;include/Cellerator/Cellerator.hh;include/Cellerator/compiler.hh;src/CMakeLists.txt;tests/CMakeLists.txt;tools/CMakeLists.txt,,"Inspect the cited read scope, implement test cross-tu/lto and object corruption in the isolated J01 lane, add the focused ce_ccp1_j01_010 gate, and publish a source-linked receipt."
CE-CCP1-J01-011,CE-CCP1-J01-000,task,Run sanitizers and resource-bound tests,planned,819,serial_in_lane,j01;tests-compiler;leaf,1,0,1,0,tests/compiler/conformance;tests/compiler/conformance/run_sanitizers_and_resource_bound_tests_test.cc;tests/compiler/differential;tests/compiler/differential/run_sanitizers_and_resource_bound_tests_test.cc;tests/compiler/fuzz;tests/compiler/fuzz/run_sanitizers_and_resource_bound_tests_test.cc;tests/compiler/resilience,docs/language;include/Cellerator/compiler;profiles/reference;src/compiler;stdlib,.gitmodules;CMakeLists.txt;bench/CMakeLists.txt;cmake/compiler/CelleratorCompilerTargets.cmake;cmake/package/CelleratorConfig.cmake.in;cmake/package/CelleratorConfigVersion.cmake.in;include/Cellerator/Cellerator.hh;include/Cellerator/compiler.hh;src/CMakeLists.txt;tests/CMakeLists.txt;tools/CMakeLists.txt,,"Inspect the cited read scope, implement run sanitizers and resource-bound tests in the isolated J01 lane, add the focused ce_ccp1_j01_011 gate, and publish a source-linked receipt."
CE-CCP1-J01-012,CE-CCP1-J01-000,validation_task,Freeze independent conformance and resilience acceptance,planned,819,serial_in_lane,j01;tests-compiler;leaf,4,1,1,3,tests/compiler/conformance;tests/compiler/conformance/freeze_independent_conformance_and_resilience_acceptance_test.cc;tests/compiler/differential;tests/compiler/differential/freeze_independent_conformance_and_resilience_acceptance_test.cc;tests/compiler/fuzz;tests/compiler/fuzz/freeze_independent_conformance_and_resilience_acceptance_test.cc;tests/compiler/resilience,docs/language;include/Cellerator/compiler;profiles/reference;src/compiler;stdlib,.gitmodules;CMakeLists.txt;bench/CMakeLists.txt;cmake/compiler/CelleratorCompilerTargets.cmake;cmake/package/CelleratorConfig.cmake.in;cmake/package/CelleratorConfigVersion.cmake.in;include/Cellerator/Cellerator.hh;include/Cellerator/compiler.hh;src/CMakeLists.txt;tests/CMakeLists.txt;tools/CMakeLists.txt,,"Inspect the cited read scope, implement freeze independent conformance and resilience acceptance in the isolated J01 lane, add the focused ce_ccp1_j01_012 gate, and publish a source-linked receipt."
CE-CCP1-J02-000,CE-CCP1-P90,workstream,Complete-cost performance program and benchmarkable vertical slices,planned,868,serial_lane,workstream;j02;bench-compiler,4,0,0,0,bench/compiler;docs/compiler/performance,bench/ce_geo;bench/ce_live;bench/ce_exop;include/Cellerator/compiler;tools/cellerator,CMakeLists.txt;src/CMakeLists.txt;tools/CMakeLists.txt;tests/CMakeLists.txt;bench/CMakeLists.txt;include/Cellerator/Cellerator.hh;include/Cellerator/compiler.hh;.gitmodules;cmake/package/CelleratorConfig.cmake.in;cmake/package/CelleratorConfigVersion.cmake.in;cmake/compiler/CelleratorCompilerTargets.cmake,,Claim J02-001 after milestone prerequisites are reached.
CE-CCP1-J02-001,CE-CCP1-J02-000,validation_task,Freeze compiler benchmark methodology,planned,818,serial_in_lane,j02;bench-compiler;leaf,4,0,1,0,bench/compiler;bench/compiler/freeze_compiler_benchmark_methodology_benchmark.cc;docs/compiler/performance;docs/compiler/performance/freeze_compiler_benchmark_methodology.md;tests/compiler/j02/freeze_compiler_benchmark_methodology_test.cc,bench/ce_exop;bench/ce_geo;bench/ce_live;include/Cellerator/compiler;tools/cellerator,.gitmodules;CMakeLists.txt;bench/CMakeLists.txt;cmake/compiler/CelleratorCompilerTargets.cmake;cmake/package/CelleratorConfig.cmake.in;cmake/package/CelleratorConfigVersion.cmake.in;include/Cellerator/Cellerator.hh;include/Cellerator/compiler.hh;src/CMakeLists.txt;tests/CMakeLists.txt;tools/CMakeLists.txt,,"Inspect the cited read scope, implement freeze compiler benchmark methodology in the isolated J02 lane, add the focused ce_ccp1_j02_001 gate, and publish a source-linked receipt."
CE-CCP1-J02-002,CE-CCP1-J02-000,validation_task,Benchmark plain C++ passthrough,planned,818,serial_in_lane,j02;bench-compiler;leaf,1,0,1,0,bench/compiler;bench/compiler/benchmark_plain_c_passthrough_benchmark.cc;docs/compiler/performance;docs/compiler/performance/benchmark_plain_c_passthrough.md;tests/compiler/j02/benchmark_plain_c_passthrough_test.cc,bench/ce_exop;bench/ce_geo;bench/ce_live;include/Cellerator/compiler;tools/cellerator,.gitmodules;CMakeLists.txt;bench/CMakeLists.txt;cmake/compiler/CelleratorCompilerTargets.cmake;cmake/package/CelleratorConfig.cmake.in;cmake/package/CelleratorConfigVersion.cmake.in;include/Cellerator/Cellerator.hh;include/Cellerator/compiler.hh;src/CMakeLists.txt;tests/CMakeLists.txt;tools/CMakeLists.txt,,"Inspect the cited read scope, implement benchmark plain c++ passthrough in the isolated J02 lane, add the focused ce_ccp1_j02_002 gate, and publish a source-linked receipt."
CE-CCP1-J02-003,CE-CCP1-J02-000,validation_task,Benchmark source frontend and C++ bridge,planned,818,serial_in_lane,j02;bench-compiler;leaf,1,0,1,0,bench/compiler;bench/compiler/benchmark_source_frontend_and_c_bridge_benchmark.cc;docs/compiler/performance;docs/compiler/performance/benchmark_source_frontend_and_c_bridge.md;tests/compiler/j02/benchmark_source_frontend_and_c_bridge_test.cc,bench/ce_exop;bench/ce_geo;bench/ce_live;include/Cellerator/compiler;tools/cellerator,.gitmodules;CMakeLists.txt;bench/CMakeLists.txt;cmake/compiler/CelleratorCompilerTargets.cmake;cmake/package/CelleratorConfig.cmake.in;cmake/package/CelleratorConfigVersion.cmake.in;include/Cellerator/Cellerator.hh;include/Cellerator/compiler.hh;src/CMakeLists.txt;tests/CMakeLists.txt;tools/CMakeLists.txt,,"Inspect the cited read scope, implement benchmark source frontend and c++ bridge in the isolated J02 lane, add the focused ce_ccp1_j02_003 gate, and publish a source-linked receipt."
CE-CCP1-J02-004,CE-CCP1-J02-000,validation_task,Benchmark CEIR construction and serialization,planned,818,serial_in_lane,j02;bench-compiler;leaf,1,0,1,0,bench/compiler;bench/compiler/benchmark_ceir_construction_and_serialization_benchmark.cc;docs/compiler/performance;docs/compiler/performance/benchmark_ceir_construction_and_serialization.md;tests/compiler/j02/benchmark_ceir_construction_and_serialization_test.cc,bench/ce_exop;bench/ce_geo;bench/ce_live;include/Cellerator/compiler;tools/cellerator,.gitmodules;CMakeLists.txt;bench/CMakeLists.txt;cmake/compiler/CelleratorCompilerTargets.cmake;cmake/package/CelleratorConfig.cmake.in;cmake/package/CelleratorConfigVersion.cmake.in;include/Cellerator/Cellerator.hh;include/Cellerator/compiler.hh;src/CMakeLists.txt;tests/CMakeLists.txt;tools/CMakeLists.txt,,"Inspect the cited read scope, implement benchmark ceir construction and serialization in the isolated J02 lane, add the focused ce_ccp1_j02_004 gate, and publish a source-linked receipt."
CE-CCP1-J02-005,CE-CCP1-J02-000,validation_task,Benchmark representative profiles,planned,818,serial_in_lane,j02;bench-compiler;leaf,1,0,1,0,bench/compiler;bench/compiler/benchmark_representative_profiles_benchmark.cc;docs/compiler/performance;docs/compiler/performance/benchmark_representative_profiles.md;tests/compiler/j02/benchmark_representative_profiles_test.cc,bench/ce_exop;bench/ce_geo;bench/ce_live;include/Cellerator/compiler;tools/cellerator,.gitmodules;CMakeLists.txt;bench/CMakeLists.txt;cmake/compiler/CelleratorCompilerTargets.cmake;cmake/package/CelleratorConfig.cmake.in;cmake/package/CelleratorConfigVersion.cmake.in;include/Cellerator/Cellerator.hh;include/Cellerator/compiler.hh;src/CMakeLists.txt;tests/CMakeLists.txt;tools/CMakeLists.txt,,"Inspect the cited read scope, implement benchmark representative profiles in the isolated J02 lane, add the focused ce_ccp1_j02_005 gate, and publish a source-linked receipt."
CE-CCP1-J02-006,CE-CCP1-J02-000,validation_task,Benchmark discovery and certification,planned,818,serial_in_lane,j02;bench-compiler;leaf,1,0,1,0,bench/compiler;bench/compiler/benchmark_discovery_and_certification_benchmark.cc;docs/compiler/performance;docs/compiler/performance/benchmark_discovery_and_certification.md;tests/compiler/j02/benchmark_discovery_and_certification_test.cc,bench/ce_exop;bench/ce_geo;bench/ce_live;include/Cellerator/compiler;tools/cellerator,.gitmodules;CMakeLists.txt;bench/CMakeLists.txt;cmake/compiler/CelleratorCompilerTargets.cmake;cmake/package/CelleratorConfig.cmake.in;cmake/package/CelleratorConfigVersion.cmake.in;include/Cellerator/Cellerator.hh;include/Cellerator/compiler.hh;src/CMakeLists.txt;tests/CMakeLists.txt;tools/CMakeLists.txt,,"Inspect the cited read scope, implement benchmark discovery and certification in the isolated J02 lane, add the focused ce_ccp1_j02_006 gate, and publish a source-linked receipt."
CE-CCP1-J02-007,CE-CCP1-J02-000,validation_task,Benchmark planning and complete costs,planned,818,serial_in_lane,j02;bench-compiler;leaf,1,0,1,0,bench/compiler;bench/compiler/benchmark_planning_and_complete_costs_benchmark.cc;docs/compiler/performance;docs/compiler/performance/benchmark_planning_and_complete_costs.md;tests/compiler/j02/benchmark_planning_and_complete_costs_test.cc,bench/ce_exop;bench/ce_geo;bench/ce_live;include/Cellerator/compiler;tools/cellerator,.gitmodules;CMakeLists.txt;bench/CMakeLists.txt;cmake/compiler/CelleratorCompilerTargets.cmake;cmake/package/CelleratorConfig.cmake.in;cmake/package/CelleratorConfigVersion.cmake.in;include/Cellerator/Cellerator.hh;include/Cellerator/compiler.hh;src/CMakeLists.txt;tests/CMakeLists.txt;tools/CMakeLists.txt,,"Inspect the cited read scope, implement benchmark planning and complete costs in the isolated J02 lane, add the focused ce_ccp1_j02_007 gate, and publish a source-linked receipt."
CE-CCP1-J02-008,CE-CCP1-J02-000,validation_task,Benchmark Realization IR and backend generation,planned,818,serial_in_lane,j02;bench-compiler;leaf,1,0,1,0,bench/compiler;bench/compiler/benchmark_realization_ir_and_backend_generation_benchmark.cc;docs/compiler/performance;docs/compiler/performance/benchmark_realization_ir_and_backend_generation.md;tests/compiler/j02/benchmark_realization_ir_and_backend_generation_test.cc,bench/ce_exop;bench/ce_geo;bench/ce_live;include/Cellerator/compiler;tools/cellerator,.gitmodules;CMakeLists.txt;bench/CMakeLists.txt;cmake/compiler/CelleratorCompilerTargets.cmake;cmake/package/CelleratorConfig.cmake.in;cmake/package/CelleratorConfigVersion.cmake.in;include/Cellerator/Cellerator.hh;include/Cellerator/compiler.hh;src/CMakeLists.txt;tests/CMakeLists.txt;tools/CMakeLists.txt,,"Inspect the cited read scope, implement benchmark realization ir and backend generation in the isolated J02 lane, add the focused ce_ccp1_j02_008 gate, and publish a source-linked receipt."
CE-CCP1-J02-009,CE-CCP1-J02-000,validation_task,Benchmark generated CPU execution,planned,818,serial_in_lane,j02;bench-compiler;leaf,1,0,1,0,bench/compiler;bench/compiler/benchmark_generated_cpu_execution_benchmark.cc;docs/compiler/performance;docs/compiler/performance/benchmark_generated_cpu_execution.md;tests/compiler/j02/benchmark_generated_cpu_execution_test.cc,bench/ce_exop;bench/ce_geo;bench/ce_live;include/Cellerator/compiler;tools/cellerator,.gitmodules;CMakeLists.txt;bench/CMakeLists.txt;cmake/compiler/CelleratorCompilerTargets.cmake;cmake/package/CelleratorConfig.cmake.in;cmake/package/CelleratorConfigVersion.cmake.in;include/Cellerator/Cellerator.hh;include/Cellerator/compiler.hh;src/CMakeLists.txt;tests/CMakeLists.txt;tools/CMakeLists.txt,,"Inspect the cited read scope, implement benchmark generated cpu execution in the isolated J02 lane, add the focused ce_ccp1_j02_009 gate, and publish a source-linked receipt."
CE-CCP1-J02-010,CE-CCP1-J02-000,validation_task,Benchmark generated NVIDIA execution,planned,818,serial_in_lane,j02;bench-compiler;leaf,1,0,1,0,bench/compiler;bench/compiler/benchmark_generated_nvidia_execution_benchmark.cc;docs/compiler/performance;docs/compiler/performance/benchmark_generated_nvidia_execution.md;tests/compiler/j02/benchmark_generated_nvidia_execution_test.cc,bench/ce_exop;bench/ce_geo;bench/ce_live;include/Cellerator/compiler;tools/cellerator,.gitmodules;CMakeLists.txt;bench/CMakeLists.txt;cmake/compiler/CelleratorCompilerTargets.cmake;cmake/package/CelleratorConfig.cmake.in;cmake/package/CelleratorConfigVersion.cmake.in;include/Cellerator/Cellerator.hh;include/Cellerator/compiler.hh;src/CMakeLists.txt;tests/CMakeLists.txt;tools/CMakeLists.txt,,"Inspect the cited read scope, implement benchmark generated nvidia execution in the isolated J02 lane, add the focused ce_ccp1_j02_010 gate, and publish a source-linked receipt."
CE-CCP1-J02-011,CE-CCP1-J02-000,validation_task,Benchmark cross-TU/LTO,planned,818,serial_in_lane,j02;bench-compiler;leaf,1,0,1,0,bench/compiler;bench/compiler/benchmark_cross_tu_lto_benchmark.cc;docs/compiler/performance;docs/compiler/performance/benchmark_cross_tu_lto.md;tests/compiler/j02/benchmark_cross_tu_lto_test.cc,bench/ce_exop;bench/ce_geo;bench/ce_live;include/Cellerator/compiler;tools/cellerator,.gitmodules;CMakeLists.txt;bench/CMakeLists.txt;cmake/compiler/CelleratorCompilerTargets.cmake;cmake/package/CelleratorConfig.cmake.in;cmake/package/CelleratorConfigVersion.cmake.in;include/Cellerator/Cellerator.hh;include/Cellerator/compiler.hh;src/CMakeLists.txt;tests/CMakeLists.txt;tools/CMakeLists.txt,,"Inspect the cited read scope, implement benchmark cross-tu/lto in the isolated J02 lane, add the focused ce_ccp1_j02_011 gate, and publish a source-linked receipt."
CE-CCP1-J02-012,CE-CCP1-J02-000,validation_task,Benchmark libCellerator and celleratord,planned,818,serial_in_lane,j02;bench-compiler;leaf,1,0,1,0,bench/compiler;bench/compiler/benchmark_libcellerator_and_celleratord_benchmark.cc;docs/compiler/performance;docs/compiler/performance/benchmark_libcellerator_and_celleratord.md;tests/compiler/j02/benchmark_libcellerator_and_celleratord_test.cc,bench/ce_exop;bench/ce_geo;bench/ce_live;include/Cellerator/compiler;tools/cellerator,.gitmodules;CMakeLists.txt;bench/CMakeLists.txt;cmake/compiler/CelleratorCompilerTargets.cmake;cmake/package/CelleratorConfig.cmake.in;cmake/package/CelleratorConfigVersion.cmake.in;include/Cellerator/Cellerator.hh;include/Cellerator/compiler.hh;src/CMakeLists.txt;tests/CMakeLists.txt;tools/CMakeLists.txt,,"Inspect the cited read scope, implement benchmark libcellerator and celleratord in the isolated J02 lane, add the focused ce_ccp1_j02_012 gate, and publish a source-linked receipt."
CE-CCP1-J02-013,CE-CCP1-J02-000,task,Execute progressive vertical milestone campaign,planned,818,serial_in_lane,j02;bench-compiler;leaf,1,0,1,0,bench/compiler;bench/compiler/execute_progressive_vertical_milestone_campaign_benchmark.cc;docs/compiler/performance;docs/compiler/performance/execute_progressive_vertical_milestone_campaign.md;tests/compiler/j02/execute_progressive_vertical_milestone_campaign_test.cc,bench/ce_exop;bench/ce_geo;bench/ce_live;include/Cellerator/compiler;tools/cellerator,.gitmodules;CMakeLists.txt;bench/CMakeLists.txt;cmake/compiler/CelleratorCompilerTargets.cmake;cmake/package/CelleratorConfig.cmake.in;cmake/package/CelleratorConfigVersion.cmake.in;include/Cellerator/Cellerator.hh;include/Cellerator/compiler.hh;src/CMakeLists.txt;tests/CMakeLists.txt;tools/CMakeLists.txt,,"Inspect the cited read scope, implement execute progressive vertical milestone campaign in the isolated J02 lane, add the focused ce_ccp1_j02_013 gate, and publish a source-linked receipt."
CE-CCP1-J02-014,CE-CCP1-J02-000,validation_task,Freeze the Part One performance and milestone receipt,planned,818,serial_in_lane,j02;bench-compiler;leaf,5,1,1,4,bench/compiler;bench/compiler/freeze_the_part_one_performance_and_milestone_receipt_benchmark.cc;docs/compiler/performance;docs/compiler/performance/freeze_the_part_one_performance_and_milestone_receipt.md;tests/compiler/j02/freeze_the_part_one_performance_and_milestone_receipt_test.cc,bench/ce_exop;bench/ce_geo;bench/ce_live;include/Cellerator/compiler;tools/cellerator,.gitmodules;CMakeLists.txt;bench/CMakeLists.txt;cmake/compiler/CelleratorCompilerTargets.cmake;cmake/package/CelleratorConfig.cmake.in;cmake/package/CelleratorConfigVersion.cmake.in;include/Cellerator/Cellerator.hh;include/Cellerator/compiler.hh;src/CMakeLists.txt;tests/CMakeLists.txt;tools/CMakeLists.txt,,"Inspect the cited read scope, implement freeze the part one performance and milestone receipt in the isolated J02 lane, add the focused ce_ccp1_j02_014 gate, and publish a source-linked receipt."
CE-CCP1-J03-000,CE-CCP1-P90,workstream,"Integration, specification reconciliation, SDK release, and Part One closure",planned,867,serial_lane,workstream;j03;integration-final,3,0,0,0,CMakeLists.txt;cmake;include/Cellerator/Cellerator.hh;include/Cellerator/compiler.hh;docs/language;docs/compiler;README.md,include;src;tools;stdlib;profiles;tests;bench;components/CellShard;planning/cellerator-compiler-preledger-v1,src/CMakeLists.txt;tools/CMakeLists.txt;tests/CMakeLists.txt;bench/CMakeLists.txt;.gitmodules;cmake/package/CelleratorConfig.cmake.in;cmake/package/CelleratorConfigVersion.cmake.in;cmake/compiler/CelleratorCompilerTargets.cmake,,Claim J03-001 after milestone prerequisites are reached.
CE-CCP1-J03-001,CE-CCP1-J03-000,task,Integrate central compiler targets and registries,planned,817,serial_in_lane,j03;integration-final;leaf,3,0,1,0,CMakeLists.txt;README.md;cmake;cmake/integrate_central_compiler_targets_and_registries.md;docs/compiler;docs/language;include/Cellerator/Cellerator.hh;include/Cellerator/compiler.hh;tests/compiler/j03/integrate_central_compiler_targets_and_registries_test.cc,bench;components/CellShard;include;planning/cellerator-compiler-preledger-v1;profiles;src;stdlib;tests;tools,.gitmodules;bench/CMakeLists.txt;src/CMakeLists.txt;tests/CMakeLists.txt;tools/CMakeLists.txt,,"Inspect the cited read scope, implement integrate central compiler targets and registries in the isolated J03 lane, add the focused ce_ccp1_j03_001 gate, and publish a source-linked receipt."
CE-CCP1-J03-002,CE-CCP1-J03-000,task,Integrate JBC migration and CellShard compatibility,planned,817,serial_in_lane,j03;integration-final;leaf,1,0,1,0,CMakeLists.txt;README.md;cmake;cmake/integrate_jbc_migration_and_cellshard_compatibility.md;docs/compiler;docs/language;include/Cellerator/Cellerator.hh;include/Cellerator/compiler.hh;tests/compiler/j03/integrate_jbc_migration_and_cellshard_compatibility_test.cc,bench;components/CellShard;include;planning/cellerator-compiler-preledger-v1;profiles;src;stdlib;tests;tools,.gitmodules;bench/CMakeLists.txt;src/CMakeLists.txt;tests/CMakeLists.txt;tools/CMakeLists.txt,,"Inspect the cited read scope, implement integrate jbc migration and cellshard compatibility in the isolated J03 lane, add the focused ce_ccp1_j03_002 gate, and publish a source-linked receipt."
CE-CCP1-J03-003,CE-CCP1-J03-000,task,Reconcile language specification with implementation,planned,817,serial_in_lane,j03;integration-final;leaf,1,0,1,0,CMakeLists.txt;README.md;cmake;cmake/reconcile_language_specification_with_implementation.md;docs/compiler;docs/language;include/Cellerator/Cellerator.hh;include/Cellerator/compiler.hh;tests/compiler/j03/reconcile_language_specification_with_implementation_test.cc,bench;components/CellShard;include;planning/cellerator-compiler-preledger-v1;profiles;src;stdlib;tests;tools,.gitmodules;bench/CMakeLists.txt;src/CMakeLists.txt;tests/CMakeLists.txt;tools/CMakeLists.txt,,"Inspect the cited read scope, implement reconcile language specification with implementation in the isolated J03 lane, add the focused ce_ccp1_j03_003 gate, and publish a source-linked receipt."
CE-CCP1-J03-004,CE-CCP1-J03-000,task,Reconcile IR specification with implementation,planned,817,serial_in_lane,j03;integration-final;leaf,1,0,1,0,CMakeLists.txt;README.md;cmake;cmake/reconcile_ir_specification_with_implementation.md;docs/compiler;docs/language;include/Cellerator/Cellerator.hh;include/Cellerator/compiler.hh;tests/compiler/j03/reconcile_ir_specification_with_implementation_test.cc,bench;components/CellShard;include;planning/cellerator-compiler-preledger-v1;profiles;src;stdlib;tests;tools,.gitmodules;bench/CMakeLists.txt;src/CMakeLists.txt;tests/CMakeLists.txt;tools/CMakeLists.txt,,"Inspect the cited read scope, implement reconcile ir specification with implementation in the isolated J03 lane, add the focused ce_ccp1_j03_004 gate, and publish a source-linked receipt."
CE-CCP1-J03-005,CE-CCP1-J03-000,task,Reconcile programming guides and examples,planned,817,serial_in_lane,j03;integration-final;leaf,1,0,1,0,CMakeLists.txt;README.md;cmake;cmake/reconcile_programming_guides_and_examples.md;docs/compiler;docs/language;include/Cellerator/Cellerator.hh;include/Cellerator/compiler.hh;tests/compiler/j03/reconcile_programming_guides_and_examples_test.cc,bench;components/CellShard;include;planning/cellerator-compiler-preledger-v1;profiles;src;stdlib;tests;tools,.gitmodules;bench/CMakeLists.txt;src/CMakeLists.txt;tests/CMakeLists.txt;tools/CMakeLists.txt,,"Inspect the cited read scope, implement reconcile programming guides and examples in the isolated J03 lane, add the focused ce_ccp1_j03_005 gate, and publish a source-linked receipt."
CE-CCP1-J03-006,CE-CCP1-J03-000,task,Publish architecture and migration completion records,planned,817,serial_in_lane,j03;integration-final;leaf,1,0,1,0,CMakeLists.txt;README.md;cmake;cmake/publish_architecture_and_migration_completion_records.md;docs/compiler;docs/language;include/Cellerator/Cellerator.hh;include/Cellerator/compiler.hh;tests/compiler/j03/publish_architecture_and_migration_completion_records_test.cc,bench;components/CellShard;include;planning/cellerator-compiler-preledger-v1;profiles;src;stdlib;tests;tools,.gitmodules;bench/CMakeLists.txt;src/CMakeLists.txt;tests/CMakeLists.txt;tools/CMakeLists.txt,,"Inspect the cited read scope, implement publish architecture and migration completion records in the isolated J03 lane, add the focused ce_ccp1_j03_006 gate, and publish a source-linked receipt."
CE-CCP1-J03-007,CE-CCP1-J03-000,task,Run clean host-only SDK acceptance,planned,817,serial_in_lane,j03;integration-final;leaf,1,0,1,0,CMakeLists.txt;README.md;cmake;cmake/run_clean_host_only_sdk_acceptance.md;docs/compiler;docs/language;include/Cellerator/Cellerator.hh;include/Cellerator/compiler.hh;tests/compiler/j03/run_clean_host_only_sdk_acceptance_test.cc,bench;components/CellShard;include;planning/cellerator-compiler-preledger-v1;profiles;src;stdlib;tests;tools,.gitmodules;bench/CMakeLists.txt;src/CMakeLists.txt;tests/CMakeLists.txt;tools/CMakeLists.txt,,"Inspect the cited read scope, implement run clean host-only sdk acceptance in the isolated J03 lane, add the focused ce_ccp1_j03_007 gate, and publish a source-linked receipt."
CE-CCP1-J03-008,CE-CCP1-J03-000,task,Run clean NVIDIA SDK acceptance,planned,817,serial_in_lane,j03;integration-final;leaf,1,0,1,0,CMakeLists.txt;README.md;cmake;cmake/run_clean_nvidia_sdk_acceptance.md;docs/compiler;docs/language;include/Cellerator/Cellerator.hh;include/Cellerator/compiler.hh;tests/compiler/j03/run_clean_nvidia_sdk_acceptance_test.cc,bench;components/CellShard;include;planning/cellerator-compiler-preledger-v1;profiles;src;stdlib;tests;tools,.gitmodules;bench/CMakeLists.txt;src/CMakeLists.txt;tests/CMakeLists.txt;tools/CMakeLists.txt,,"Inspect the cited read scope, implement run clean nvidia sdk acceptance in the isolated J03 lane, add the focused ce_ccp1_j03_008 gate, and publish a source-linked receipt."
CE-CCP1-J03-009,CE-CCP1-J03-000,validation_task,Validate all final Part One capabilities,planned,817,serial_in_lane,j03;integration-final;leaf,1,0,1,0,CMakeLists.txt;README.md;cmake;cmake/validate_all_final_part_one_capabilities.md;docs/compiler;docs/language;include/Cellerator/Cellerator.hh;include/Cellerator/compiler.hh;tests/compiler/j03/validate_all_final_part_one_capabilities_test.cc,bench;components/CellShard;include;planning/cellerator-compiler-preledger-v1;profiles;src;stdlib;tests;tools,.gitmodules;bench/CMakeLists.txt;src/CMakeLists.txt;tests/CMakeLists.txt;tools/CMakeLists.txt,,"Inspect the cited read scope, implement validate all final part one capabilities in the isolated J03 lane, add the focused ce_ccp1_j03_009 gate, and publish a source-linked receipt."
CE-CCP1-J03-010,CE-CCP1-J03-000,validation_task,Audit deferred Part Two separation,planned,817,serial_in_lane,j03;integration-final;leaf,1,0,1,0,CMakeLists.txt;README.md;cmake;cmake/audit_deferred_part_two_separation.md;docs/compiler;docs/language;include/Cellerator/Cellerator.hh;include/Cellerator/compiler.hh;tests/compiler/j03/audit_deferred_part_two_separation_test.cc,bench;components/CellShard;include;planning/cellerator-compiler-preledger-v1;profiles;src;stdlib;tests;tools,.gitmodules;bench/CMakeLists.txt;src/CMakeLists.txt;tests/CMakeLists.txt;tools/CMakeLists.txt,,"Inspect the cited read scope, implement audit deferred part two separation in the isolated J03 lane, add the focused ce_ccp1_j03_010 gate, and publish a source-linked receipt."
CE-CCP1-J03-011,CE-CCP1-J03-000,task,Run final performance and regression review,planned,817,serial_in_lane,j03;integration-final;leaf,1,0,1,0,CMakeLists.txt;README.md;cmake;cmake/run_final_performance_and_regression_review.md;docs/compiler;docs/language;include/Cellerator/Cellerator.hh;include/Cellerator/compiler.hh;tests/compiler/j03/run_final_performance_and_regression_review_test.cc,bench;components/CellShard;include;planning/cellerator-compiler-preledger-v1;profiles;src;stdlib;tests;tools,.gitmodules;bench/CMakeLists.txt;src/CMakeLists.txt;tests/CMakeLists.txt;tools/CMakeLists.txt,,"Inspect the cited read scope, implement run final performance and regression review in the isolated J03 lane, add the focused ce_ccp1_j03_011 gate, and publish a source-linked receipt."
CE-CCP1-J03-012,CE-CCP1-J03-000,task,Create release and bootstrap reproducibility bundle,planned,817,serial_in_lane,j03;integration-final;leaf,1,0,1,0,CMakeLists.txt;README.md;cmake;cmake/create_release_and_bootstrap_reproducibility_bundle.md;docs/compiler;docs/language;include/Cellerator/Cellerator.hh;include/Cellerator/compiler.hh;tests/compiler/j03/create_release_and_bootstrap_reproducibility_bundle_test.cc,bench;components/CellShard;include;planning/cellerator-compiler-preledger-v1;profiles;src;stdlib;tests;tools,.gitmodules;bench/CMakeLists.txt;src/CMakeLists.txt;tests/CMakeLists.txt;tools/CMakeLists.txt,,"Inspect the cited read scope, implement create release and bootstrap reproducibility bundle in the isolated J03 lane, add the focused ce_ccp1_j03_012 gate, and publish a source-linked receipt."
CE-CCP1-J03-013,CE-CCP1-J03-000,validation_task,Freeze Part One completion checkpoint,planned,817,serial_in_lane,j03;integration-final;leaf,5,1,1,4,CMakeLists.txt;README.md;cmake;cmake/freeze_part_one_completion_checkpoint.md;docs/compiler;docs/language;include/Cellerator/Cellerator.hh;include/Cellerator/compiler.hh;tests/compiler/j03/freeze_part_one_completion_checkpoint_test.cc,bench;components/CellShard;include;planning/cellerator-compiler-preledger-v1;profiles;src;stdlib;tests;tools,.gitmodules;bench/CMakeLists.txt;src/CMakeLists.txt;tests/CMakeLists.txt;tools/CMakeLists.txt,,"Inspect the cited read scope, implement freeze part one completion checkpoint in the isolated J03 lane, add the focused ce_ccp1_j03_013 gate, and publish a source-linked receipt."
CE-CCP1-M00,CE-CCP1-P00,validation_task,"Architecture, ownership, and migration authority frozen",planned,940,exclusive_integration,integration;milestone;m00,4,1,1,0,docs/compiler/architecture;docs/compiler/migration;docs/compiler/source-layout;planning/cellerator-compiler-preledger-v1,.,.todo-orchestrator,ce-ccp1-jbc-migration;ce-ccp1-doc-authority,"Collect isolated lane receipts for P00, verify hashes and interfaces, integrate central files, run label ce_ccp1_m00, and publish CE-CCP1-MILESTONE-M00."
CE-CCP1-M10,CE-CCP1-P10,validation_task,"Host-only build, driver, source pipeline, and C++ bridge integrated",planned,920,exclusive_integration,integration;milestone;m10,5,1,1,0,CMakeLists.txt;src/CMakeLists.txt;tools/CMakeLists.txt;cmake/compiler;include/Cellerator/compiler/build,.,.todo-orchestrator,ce-ccp1-root-build,"Collect isolated lane receipts for P10, verify hashes and interfaces, integrate central files, run label ce_ccp1_m10, and publish CE-CCP1-MILESTONE-M10."
CE-CCP1-M20,CE-CCP1-P20,validation_task,"Source language parser, AST, Sema, and execution-field semantics integrated",planned,900,exclusive_integration,integration;milestone;m20,5,1,1,0,include/Cellerator/compiler.hh;include/Cellerator/compiler/frontend;include/Cellerator/compiler/ast;include/Cellerator/compiler/sema;src/compiler/CMakeLists.txt,.,.todo-orchestrator,ce-ccp1-grammar-registry;ce-ccp1-umbrella-headers,"Collect isolated lane receipts for P20, verify hashes and interfaces, integrate central files, run label ce_ccp1_m20, and publish CE-CCP1-MILESTONE-M20."
CE-CCP1-M30,CE-CCP1-P30,validation_task,"Common CEIR, Semantic IR, and representative profile environment integrated",planned,880,exclusive_integration,integration;milestone;m30,4,1,1,0,include/Cellerator/compiler/ir;include/Cellerator/compiler/profile;src/compiler/ir;src/compiler/profile;cmake/compiler,.,.todo-orchestrator,ce-ccp1-ceir-registry,"Collect isolated lane receipts for P30, verify hashes and interfaces, integrate central files, run label ce_ccp1_m30, and publish CE-CCP1-MILESTONE-M30."
CE-CCP1-M40,CE-CCP1-P40,validation_task,Planning IR and Cellerator-owned JBC compiler logic integrated,planned,860,exclusive_integration,integration;milestone;m40,5,1,1,0,include/Cellerator/compiler/discovery;include/Cellerator/compiler/composition;include/Cellerator/compiler/program;include/Cellerator/compiler/planning;components/CellShard;docs/compiler/migration,.,.todo-orchestrator,ce-ccp1-jbc-migration;ce-ccp1-ceir-registry,"Collect isolated lane receipts for P40, verify hashes and interfaces, integrate central files, run label ce_ccp1_m40, and publish CE-CCP1-MILESTONE-M40."
CE-CCP1-M50,CE-CCP1-P50,validation_task,Realization IR and CPU/NVIDIA backend foundation integrated,planned,840,exclusive_integration,integration;milestone;m50,5,1,1,0,include/Cellerator/compiler/backend;src/compiler/backend;cmake/compiler;cmake/providers;include/Cellerator/compiler/ir/realization,.,.todo-orchestrator,ce-ccp1-backend-registry,"Collect isolated lane receipts for P50, verify hashes and interfaces, integrate central files, run label ce_ccp1_m50, and publish CE-CCP1-MILESTONE-M50."
CE-CCP1-M60,CE-CCP1-P60,validation_task,"Reflection, open passes, self-transforms, validation modes, and provenance integrated",planned,820,exclusive_integration,integration;milestone;m60,4,1,1,0,include/Cellerator/compiler/reflection;include/Cellerator/compiler/pass;include/Cellerator/compiler/diagnostics;src/compiler;include/Cellerator/compiler.hh,.,.todo-orchestrator,ce-ccp1-ceir-registry;ce-ccp1-umbrella-headers,"Collect isolated lane receipts for P60, verify hashes and interfaces, integrate central files, run label ce_ccp1_m60, and publish CE-CCP1-MILESTONE-M60."
CE-CCP1-M70,CE-CCP1-P70,validation_task,"Cross-TU/LTO, libCellerator, standard library, and installable SDK integrated",planned,800,exclusive_integration,integration;milestone;m70,4,1,1,0,CMakeLists.txt;cmake/package;include/Cellerator;stdlib;profiles/reference;tools/CMakeLists.txt,.,.todo-orchestrator,ce-ccp1-package-exports;ce-ccp1-stdlib-manifest;ce-ccp1-umbrella-headers,"Collect isolated lane receipts for P70, verify hashes and interfaces, integrate central files, run label ce_ccp1_m70, and publish CE-CCP1-MILESTONE-M70."
CE-CCP1-M80,CE-CCP1-P80,validation_task,celleratord core and Cellerator-aware semantic tooling integrated,planned,780,exclusive_integration,integration;milestone;m80,3,1,1,0,tools/celleratord;include/Cellerator/compiler/tooling;src/compiler/tooling;cmake/package,.,.todo-orchestrator,ce-ccp1-celleratord-protocol;ce-ccp1-package-exports,"Collect isolated lane receipts for P80, verify hashes and interfaces, integrate central files, run label ce_ccp1_m80, and publish CE-CCP1-MILESTONE-M80."
CE-CCP1-M90,CE-CCP1-P90,validation_task,Part One compiler family final acceptance,planned,760,exclusive_integration,integration;milestone;m90,4,1,1,0,CMakeLists.txt;cmake;include/Cellerator;src;tools;stdlib;profiles;docs;README.md;components/CellShard,.,.todo-orchestrator,ce-ccp1-root-build;ce-ccp1-package-exports;ce-ccp1-doc-authority;ce-ccp1-cellshard-gitlink,"Collect isolated lane receipts for P90, verify hashes and interfaces, integrate central files, run label ce_ccp1_m90, and publish CE-CCP1-MILESTONE-M90."
