id,title,repository,workstream,workstream_title,subsystem,suggested_lane,classification,parallelism,prerequisites,write_scope,completion_condition
CE-JBC-B01,"Revalidate live Cellerator, submodule, and Todo cursors",Cellerator,CEBOOT,"Cellerator baseline, charter, and source ownership",program/bootstrap,CE-JBC-L-BOOTSTRAP,validation/evidence,Serial within CE-JBC-L-BOOTSTRAP; parallel with other provider/workstream lanes after JBC-G0-LIVE-BASELINE.,,[proposed] docs/JBC/;[proposed] planning/jbc/;components/README.md,"The contract/implementation is source-complete, independently validated, profiler-visible, and consumable through fixtures without central-file edits."
CE-JBC-B02,Produce the source-backed Cellerator transition map,Cellerator,CEBOOT,"Cellerator baseline, charter, and source ownership",program/bootstrap,CE-JBC-L-BOOTSTRAP,settled required mechanism,Serial within CE-JBC-L-BOOTSTRAP; parallel with other provider/workstream lanes after JBC-G0-LIVE-BASELINE.,CE-JBC-B01,[proposed] docs/JBC/;[proposed] planning/jbc/;components/README.md,"The contract/implementation is source-complete, independently validated, profiler-visible, and consumable through fixtures without central-file edits."
CE-JBC-B03,Freeze the privileged compiler-component charter,Cellerator,CEBOOT,"Cellerator baseline, charter, and source ownership",program/bootstrap,CE-JBC-L-BOOTSTRAP,settled required mechanism,Serial within CE-JBC-L-BOOTSTRAP; parallel with other provider/workstream lanes after JBC-G0-LIVE-BASELINE.,CE-JBC-B02,[proposed] docs/JBC/;[proposed] planning/jbc/;components/README.md,"The contract/implementation is source-complete, independently validated, profiler-visible, and consumable through fixtures without central-file edits."
CE-JBC-B04,Record standalone and embedded build baselines,Cellerator,CEBOOT,"Cellerator baseline, charter, and source ownership",program/bootstrap,CE-JBC-L-BOOTSTRAP,settled required mechanism,Serial within CE-JBC-L-BOOTSTRAP; parallel with other provider/workstream lanes after JBC-G0-LIVE-BASELINE.,CE-JBC-B03,[proposed] docs/JBC/;[proposed] planning/jbc/;components/README.md,"The contract/implementation is source-complete, independently validated, profiler-visible, and consumable through fixtures without central-file edits."
CE-JBC-B05,Record frozen ABI and compatibility baseline,Cellerator,CEBOOT,"Cellerator baseline, charter, and source ownership",program/bootstrap,CE-JBC-L-BOOTSTRAP,compatibility/migration,Serial within CE-JBC-L-BOOTSTRAP; parallel with other provider/workstream lanes after JBC-G0-LIVE-BASELINE.,CE-JBC-B04,[proposed] docs/JBC/;[proposed] planning/jbc/;components/README.md,"The contract/implementation is source-complete, independently validated, profiler-visible, and consumable through fixtures without central-file edits."
CE-JBC-B06,Reserve Cellerator integration paths and registry ownership,Cellerator,CEBOOT,"Cellerator baseline, charter, and source ownership",program/bootstrap,CE-JBC-L-BOOTSTRAP,settled required mechanism,Serial within CE-JBC-L-BOOTSTRAP; parallel with other provider/workstream lanes after JBC-G0-LIVE-BASELINE.,CE-JBC-B05,[proposed] docs/JBC/;[proposed] planning/jbc/;components/README.md,"The contract/implementation is source-complete, independently validated, profiler-visible, and consumable through fixtures without central-file edits."
CE-JBC-I01,Define a namespace-qualified persistent identity bridge,Cellerator,CEIF,Cellerator-owned joint-compiler thin-waist interfaces,"execution/identity, coverage, decomposition, fragment ABI",CE-JBC-L-INTERFACES,settled required mechanism,Serial within CE-JBC-L-INTERFACES; parallel with other provider/workstream lanes after JBC-G0-LIVE-BASELINE.,CE-JBC-B06,[proposed] include/Cellerator/execution/joint_compiler/;[proposed] include/Cellerator/compute/decomposition/;[proposed] include/Cellerator/profiling/joint_compiler/;[proposed] src/execution/joint_compiler/;[proposed] tests/jbc/interfaces/,"The contract/implementation is source-complete, independently validated, profiler-visible, and consumable through fixtures without central-file edits."
CE-JBC-I02,Define exact logical coverage view v1,Cellerator,CEIF,Cellerator-owned joint-compiler thin-waist interfaces,"execution/identity, coverage, decomposition, fragment ABI",CE-JBC-L-INTERFACES,settled required mechanism,Serial within CE-JBC-L-INTERFACES; parallel with other provider/workstream lanes after JBC-G0-LIVE-BASELINE.,CE-JBC-I01,[proposed] include/Cellerator/execution/joint_compiler/;[proposed] include/Cellerator/compute/decomposition/;[proposed] include/Cellerator/profiling/joint_compiler/;[proposed] src/execution/joint_compiler/;[proposed] tests/jbc/interfaces/,"The contract/implementation is source-complete, independently validated, profiler-visible, and consumable through fixtures without central-file edits."
CE-JBC-I03,"Define ownership, proposal, replica, and halo coverage roles",Cellerator,CEIF,Cellerator-owned joint-compiler thin-waist interfaces,"execution/identity, coverage, decomposition, fragment ABI",CE-JBC-L-INTERFACES,settled required mechanism,Serial within CE-JBC-L-INTERFACES; parallel with other provider/workstream lanes after JBC-G0-LIVE-BASELINE.,CE-JBC-I02,[proposed] include/Cellerator/execution/joint_compiler/;[proposed] include/Cellerator/compute/decomposition/;[proposed] include/Cellerator/profiling/joint_compiler/;[proposed] src/execution/joint_compiler/;[proposed] tests/jbc/interfaces/,"The contract/implementation is source-complete, independently validated, profiler-visible, and consumable through fixtures without central-file edits."
CE-JBC-I04,Define atom requirement descriptor v1,Cellerator,CEIF,Cellerator-owned joint-compiler thin-waist interfaces,"execution/identity, coverage, decomposition, fragment ABI",CE-JBC-L-INTERFACES,settled required mechanism,Serial within CE-JBC-L-INTERFACES; parallel with other provider/workstream lanes after JBC-G0-LIVE-BASELINE.,CE-JBC-I03,[proposed] include/Cellerator/execution/joint_compiler/;[proposed] include/Cellerator/compute/decomposition/;[proposed] include/Cellerator/profiling/joint_compiler/;[proposed] src/execution/joint_compiler/;[proposed] tests/jbc/interfaces/,"The contract/implementation is source-complete, independently validated, profiler-visible, and consumable through fixtures without central-file edits."
CE-JBC-I05,Define atom affordance descriptor v1,Cellerator,CEIF,Cellerator-owned joint-compiler thin-waist interfaces,"execution/identity, coverage, decomposition, fragment ABI",CE-JBC-L-INTERFACES,settled required mechanism,Serial within CE-JBC-L-INTERFACES; parallel with other provider/workstream lanes after JBC-G0-LIVE-BASELINE.,CE-JBC-I04,[proposed] include/Cellerator/execution/joint_compiler/;[proposed] include/Cellerator/compute/decomposition/;[proposed] include/Cellerator/profiling/joint_compiler/;[proposed] src/execution/joint_compiler/;[proposed] tests/jbc/interfaces/,"The contract/implementation is source-complete, independently validated, profiler-visible, and consumable through fixtures without central-file edits."
CE-JBC-I06,Define partial-result algebra ABI v1,Cellerator,CEIF,Cellerator-owned joint-compiler thin-waist interfaces,"execution/identity, coverage, decomposition, fragment ABI",CE-JBC-L-INTERFACES,settled required mechanism,Serial within CE-JBC-L-INTERFACES; parallel with other provider/workstream lanes after JBC-G0-LIVE-BASELINE.,CE-JBC-I05,[proposed] include/Cellerator/execution/joint_compiler/;[proposed] include/Cellerator/compute/decomposition/;[proposed] include/Cellerator/profiling/joint_compiler/;[proposed] src/execution/joint_compiler/;[proposed] tests/jbc/interfaces/,"The contract/implementation is source-complete, independently validated, profiler-visible, and consumable through fixtures without central-file edits."
CE-JBC-I07,Define operation decomposition alternative ABI v1,Cellerator,CEIF,Cellerator-owned joint-compiler thin-waist interfaces,"execution/identity, coverage, decomposition, fragment ABI",CE-JBC-L-INTERFACES,experimental candidate; baseline and negative result required,Serial within CE-JBC-L-INTERFACES; parallel with other provider/workstream lanes after JBC-G0-LIVE-BASELINE.,CE-JBC-I06,[proposed] include/Cellerator/execution/joint_compiler/;[proposed] include/Cellerator/compute/decomposition/;[proposed] include/Cellerator/profiling/joint_compiler/;[proposed] src/execution/joint_compiler/;[proposed] tests/jbc/interfaces/,"The contract/implementation is source-complete, independently validated, profiler-visible, and consumable through fixtures without central-file edits."
CE-JBC-I08,Define atom-fragment request ABI v1,Cellerator,CEIF,Cellerator-owned joint-compiler thin-waist interfaces,"execution/identity, coverage, decomposition, fragment ABI",CE-JBC-L-INTERFACES,settled required mechanism,Serial within CE-JBC-L-INTERFACES; parallel with other provider/workstream lanes after JBC-G0-LIVE-BASELINE.,CE-JBC-I07,[proposed] include/Cellerator/execution/joint_compiler/;[proposed] include/Cellerator/compute/decomposition/;[proposed] include/Cellerator/profiling/joint_compiler/;[proposed] src/execution/joint_compiler/;[proposed] tests/jbc/interfaces/,"The contract/implementation is source-complete, independently validated, profiler-visible, and consumable through fixtures without central-file edits."
CE-JBC-I09,Define atom-fragment candidate and result ABI v1,Cellerator,CEIF,Cellerator-owned joint-compiler thin-waist interfaces,"execution/identity, coverage, decomposition, fragment ABI",CE-JBC-L-INTERFACES,settled required mechanism,Serial within CE-JBC-L-INTERFACES; parallel with other provider/workstream lanes after JBC-G0-LIVE-BASELINE.,CE-JBC-I08,[proposed] include/Cellerator/execution/joint_compiler/;[proposed] include/Cellerator/compute/decomposition/;[proposed] include/Cellerator/profiling/joint_compiler/;[proposed] src/execution/joint_compiler/;[proposed] tests/jbc/interfaces/,"The contract/implementation is source-complete, independently validated, profiler-visible, and consumable through fixtures without central-file edits."
CE-JBC-I10,Define multi-extent external binding ABI v1,Cellerator,CEIF,Cellerator-owned joint-compiler thin-waist interfaces,"execution/identity, coverage, decomposition, fragment ABI",CE-JBC-L-INTERFACES,settled required mechanism,Serial within CE-JBC-L-INTERFACES; parallel with other provider/workstream lanes after JBC-G0-LIVE-BASELINE.,CE-JBC-I09,[proposed] include/Cellerator/execution/joint_compiler/;[proposed] include/Cellerator/compute/decomposition/;[proposed] include/Cellerator/profiling/joint_compiler/;[proposed] src/execution/joint_compiler/;[proposed] tests/jbc/interfaces/,"The contract/implementation is source-complete, independently validated, profiler-visible, and consumable through fixtures without central-file edits."
CE-JBC-I11,Define lowering-resumption ABI v1,Cellerator,CEIF,Cellerator-owned joint-compiler thin-waist interfaces,"execution/identity, coverage, decomposition, fragment ABI",CE-JBC-L-INTERFACES,settled required mechanism,Serial within CE-JBC-L-INTERFACES; parallel with other provider/workstream lanes after JBC-G0-LIVE-BASELINE.,CE-JBC-I10,[proposed] include/Cellerator/execution/joint_compiler/;[proposed] include/Cellerator/compute/decomposition/;[proposed] include/Cellerator/profiling/joint_compiler/;[proposed] src/execution/joint_compiler/;[proposed] tests/jbc/interfaces/,"The contract/implementation is source-complete, independently validated, profiler-visible, and consumable through fixtures without central-file edits."
CE-JBC-I12,Extend generic execution export to atom-aware v2,Cellerator,CEIF,Cellerator-owned joint-compiler thin-waist interfaces,"execution/identity, coverage, decomposition, fragment ABI",CE-JBC-L-INTERFACES,settled required mechanism,Serial within CE-JBC-L-INTERFACES; parallel with other provider/workstream lanes after JBC-G0-LIVE-BASELINE.,CE-JBC-I11,[proposed] include/Cellerator/execution/joint_compiler/;[proposed] include/Cellerator/compute/decomposition/;[proposed] include/Cellerator/profiling/joint_compiler/;[proposed] src/execution/joint_compiler/;[proposed] tests/jbc/interfaces/,"The contract/implementation is source-complete, independently validated, profiler-visible, and consumable through fixtures without central-file edits."
CE-JBC-D01,Define split-axis and decomposition vocabulary,Cellerator,CEDEC,Biological operation decomposition and partial algebra,compute/decomposition,CE-JBC-L-DECOMPOSITION,settled required mechanism,Serial within CE-JBC-L-DECOMPOSITION; parallel with other provider/workstream lanes after JBC-G1-ATOM-THIN-WAIST.,CE-JBC-I12,[proposed] include/Cellerator/compute/decomposition/;[proposed] src/compute/decomposition/;[proposed] tests/jbc/decomposition/,"The contract/implementation is source-complete, independently validated, profiler-visible, and consumable through fixtures without central-file edits."
CE-JBC-D02,Implement destination-disjoint relation-apply decomposition,Cellerator,CEDEC,Biological operation decomposition and partial algebra,compute/decomposition,CE-JBC-L-DECOMPOSITION,settled required mechanism,Serial within CE-JBC-L-DECOMPOSITION; parallel with other provider/workstream lanes after JBC-G1-ATOM-THIN-WAIST.,CE-JBC-D01,[proposed] include/Cellerator/compute/decomposition/;[proposed] src/compute/decomposition/;[proposed] tests/jbc/decomposition/,"The contract/implementation is source-complete, independently validated, profiler-visible, and consumable through fixtures without central-file edits."
CE-JBC-D03,Implement source/K relation-apply decomposition,Cellerator,CEDEC,Biological operation decomposition and partial algebra,compute/decomposition,CE-JBC-L-DECOMPOSITION,settled required mechanism,Serial within CE-JBC-L-DECOMPOSITION; parallel with other provider/workstream lanes after JBC-G1-ATOM-THIN-WAIST.,CE-JBC-D02,[proposed] include/Cellerator/compute/decomposition/;[proposed] src/compute/decomposition/;[proposed] tests/jbc/decomposition/,"The contract/implementation is source-complete, independently validated, profiler-visible, and consumable through fixtures without central-file edits."
CE-JBC-D04,Implement dense-width relation-apply decomposition,Cellerator,CEDEC,Biological operation decomposition and partial algebra,compute/decomposition,CE-JBC-L-DECOMPOSITION,settled required mechanism,Serial within CE-JBC-L-DECOMPOSITION; parallel with other provider/workstream lanes after JBC-G1-ATOM-THIN-WAIST.,CE-JBC-D03,[proposed] include/Cellerator/compute/decomposition/;[proposed] src/compute/decomposition/;[proposed] tests/jbc/decomposition/,"The contract/implementation is source-complete, independently validated, profiler-visible, and consumable through fixtures without central-file edits."
CE-JBC-D05,Implement edge/component relation-apply decomposition,Cellerator,CEDEC,Biological operation decomposition and partial algebra,compute/decomposition,CE-JBC-L-DECOMPOSITION,settled required mechanism,Serial within CE-JBC-L-DECOMPOSITION; parallel with other provider/workstream lanes after JBC-G1-ATOM-THIN-WAIST.,CE-JBC-D04,[proposed] include/Cellerator/compute/decomposition/;[proposed] src/compute/decomposition/;[proposed] tests/jbc/decomposition/,"The contract/implementation is source-complete, independently validated, profiler-visible, and consumable through fixtures without central-file edits."
CE-JBC-D06,Implement relation-bundle/type decomposition,Cellerator,CEDEC,Biological operation decomposition and partial algebra,compute/decomposition,CE-JBC-L-DECOMPOSITION,settled required mechanism,Serial within CE-JBC-L-DECOMPOSITION; parallel with other provider/workstream lanes after JBC-G1-ATOM-THIN-WAIST.,CE-JBC-D05,[proposed] include/Cellerator/compute/decomposition/;[proposed] src/compute/decomposition/;[proposed] tests/jbc/decomposition/,"The contract/implementation is source-complete, independently validated, profiler-visible, and consumable through fixtures without central-file edits."
CE-JBC-D07,Implement transpose decomposition and source partials,Cellerator,CEDEC,Biological operation decomposition and partial algebra,compute/decomposition,CE-JBC-L-DECOMPOSITION,settled required mechanism,Serial within CE-JBC-L-DECOMPOSITION; parallel with other provider/workstream lanes after JBC-G1-ATOM-THIN-WAIST.,CE-JBC-D06,[proposed] include/Cellerator/compute/decomposition/;[proposed] src/compute/decomposition/;[proposed] tests/jbc/decomposition/,"The contract/implementation is source-complete, independently validated, profiler-visible, and consumable through fixtures without central-file edits."
CE-JBC-D08,Implement support-contraction destination/source decomposition,Cellerator,CEDEC,Biological operation decomposition and partial algebra,compute/decomposition,CE-JBC-L-DECOMPOSITION,settled required mechanism,Serial within CE-JBC-L-DECOMPOSITION; parallel with other provider/workstream lanes after JBC-G1-ATOM-THIN-WAIST.,CE-JBC-D07,[proposed] include/Cellerator/compute/decomposition/;[proposed] src/compute/decomposition/;[proposed] tests/jbc/decomposition/,"The contract/implementation is source-complete, independently validated, profiler-visible, and consumable through fixtures without central-file edits."
CE-JBC-D09,Implement support-contraction edge/rectangle decomposition,Cellerator,CEDEC,Biological operation decomposition and partial algebra,compute/decomposition,CE-JBC-L-DECOMPOSITION,settled required mechanism,Serial within CE-JBC-L-DECOMPOSITION; parallel with other provider/workstream lanes after JBC-G1-ATOM-THIN-WAIST.,CE-JBC-D08,[proposed] include/Cellerator/compute/decomposition/;[proposed] src/compute/decomposition/;[proposed] tests/jbc/decomposition/,"The contract/implementation is source-complete, independently validated, profiler-visible, and consumable through fixtures without central-file edits."
CE-JBC-D10,Implement support-contraction embedding-dimension decomposition,Cellerator,CEDEC,Biological operation decomposition and partial algebra,compute/decomposition,CE-JBC-L-DECOMPOSITION,settled required mechanism,Serial within CE-JBC-L-DECOMPOSITION; parallel with other provider/workstream lanes after JBC-G1-ATOM-THIN-WAIST.,CE-JBC-D09,[proposed] include/Cellerator/compute/decomposition/;[proposed] src/compute/decomposition/;[proposed] tests/jbc/decomposition/,"The contract/implementation is source-complete, independently validated, profiler-visible, and consumable through fixtures without central-file edits."
CE-JBC-D11,Implement segment-disjoint decomposition,Cellerator,CEDEC,Biological operation decomposition and partial algebra,compute/decomposition,CE-JBC-L-DECOMPOSITION,settled required mechanism,Serial within CE-JBC-L-DECOMPOSITION; parallel with other provider/workstream lanes after JBC-G1-ATOM-THIN-WAIST.,CE-JBC-D10,[proposed] include/Cellerator/compute/decomposition/;[proposed] src/compute/decomposition/;[proposed] tests/jbc/decomposition/,"The contract/implementation is source-complete, independently validated, profiler-visible, and consumable through fixtures without central-file edits."
CE-JBC-D12,Implement split-segment reduction decomposition,Cellerator,CEDEC,Biological operation decomposition and partial algebra,compute/decomposition,CE-JBC-L-DECOMPOSITION,settled required mechanism,Serial within CE-JBC-L-DECOMPOSITION; parallel with other provider/workstream lanes after JBC-G1-ATOM-THIN-WAIST.,CE-JBC-D11,[proposed] include/Cellerator/compute/decomposition/;[proposed] src/compute/decomposition/;[proposed] tests/jbc/decomposition/,"The contract/implementation is source-complete, independently validated, profiler-visible, and consumable through fixtures without central-file edits."
CE-JBC-D13,Implement mergeable log-sum-exp and softmax state,Cellerator,CEDEC,Biological operation decomposition and partial algebra,compute/decomposition,CE-JBC-L-DECOMPOSITION,settled required mechanism,Serial within CE-JBC-L-DECOMPOSITION; parallel with other provider/workstream lanes after JBC-G1-ATOM-THIN-WAIST.,CE-JBC-D12,[proposed] include/Cellerator/compute/decomposition/;[proposed] src/compute/decomposition/;[proposed] tests/jbc/decomposition/,"The contract/implementation is source-complete, independently validated, profiler-visible, and consumable through fixtures without central-file edits."
CE-JBC-D14,Implement mergeable moments state,Cellerator,CEDEC,Biological operation decomposition and partial algebra,compute/decomposition,CE-JBC-L-DECOMPOSITION,settled required mechanism,Serial within CE-JBC-L-DECOMPOSITION; parallel with other provider/workstream lanes after JBC-G1-ATOM-THIN-WAIST.,CE-JBC-D13,[proposed] include/Cellerator/compute/decomposition/;[proposed] src/compute/decomposition/;[proposed] tests/jbc/decomposition/,"The contract/implementation is source-complete, independently validated, profiler-visible, and consumable through fixtures without central-file edits."
CE-JBC-D15,Define gate-dependent input and replication semantics,Cellerator,CEDEC,Biological operation decomposition and partial algebra,compute/decomposition,CE-JBC-L-DECOMPOSITION,validation/evidence,Serial within CE-JBC-L-DECOMPOSITION; parallel with other provider/workstream lanes after JBC-G1-ATOM-THIN-WAIST.,CE-JBC-D14,[proposed] include/Cellerator/compute/decomposition/;[proposed] src/compute/decomposition/;[proposed] tests/jbc/decomposition/,"The contract/implementation is source-complete, independently validated, profiler-visible, and consumable through fixtures without central-file edits."
CE-JBC-D16,Define sparse-update conflict and ordering algebra,Cellerator,CEDEC,Biological operation decomposition and partial algebra,compute/decomposition,CE-JBC-L-DECOMPOSITION,settled required mechanism,Serial within CE-JBC-L-DECOMPOSITION; parallel with other provider/workstream lanes after JBC-G1-ATOM-THIN-WAIST.,CE-JBC-D15,[proposed] include/Cellerator/compute/decomposition/;[proposed] src/compute/decomposition/;[proposed] tests/jbc/decomposition/,"The contract/implementation is source-complete, independently validated, profiler-visible, and consumable through fixtures without central-file edits."
CE-JBC-D17,Define training and gradient decomposition contracts,Cellerator,CEDEC,Biological operation decomposition and partial algebra,compute/decomposition,CE-JBC-L-DECOMPOSITION,settled required mechanism,Serial within CE-JBC-L-DECOMPOSITION; parallel with other provider/workstream lanes after JBC-G1-ATOM-THIN-WAIST.,CE-JBC-D16,[proposed] include/Cellerator/compute/decomposition/;[proposed] src/compute/decomposition/;[proposed] tests/jbc/decomposition/,"The contract/implementation is source-complete, independently validated, profiler-visible, and consumable through fixtures without central-file edits."
CE-JBC-D18,Register and independently validate decomposition providers,Cellerator,CEDEC,Biological operation decomposition and partial algebra,compute/decomposition,CE-JBC-L-DECOMPOSITION,validation/evidence,Serial within CE-JBC-L-DECOMPOSITION; parallel with other provider/workstream lanes after JBC-G1-ATOM-THIN-WAIST.,CE-JBC-D17,[proposed] include/Cellerator/compute/decomposition/;[proposed] src/compute/decomposition/;[proposed] tests/jbc/decomposition/,"The contract/implementation is source-complete, independently validated, profiler-visible, and consumable through fixtures without central-file edits."
CE-JBC-F01,Implement atom-fragment requirements query,Cellerator,CEFRAG,Atom-aware Cellerator fragment compiler,execution/atom_fragment,CE-JBC-L-FRAGMENT,settled required mechanism,Serial within CE-JBC-L-FRAGMENT; parallel with other provider/workstream lanes after JBC-G1-ATOM-THIN-WAIST.,CE-JBC-D18,[proposed] include/Cellerator/execution/atom_fragment/;[proposed] src/execution/atom_fragment/;[proposed] tests/jbc/fragment/,"The contract/implementation is source-complete, independently validated, profiler-visible, and consumable through fixtures without central-file edits."
CE-JBC-F02,Adapt operation_core_v2 problems to fragment compilation,Cellerator,CEFRAG,Atom-aware Cellerator fragment compiler,execution/atom_fragment,CE-JBC-L-FRAGMENT,settled required mechanism,Serial within CE-JBC-L-FRAGMENT; parallel with other provider/workstream lanes after JBC-G1-ATOM-THIN-WAIST.,CE-JBC-F01,[proposed] include/Cellerator/execution/atom_fragment/;[proposed] src/execution/atom_fragment/;[proposed] tests/jbc/fragment/,"The contract/implementation is source-complete, independently validated, profiler-visible, and consumable through fixtures without central-file edits."
CE-JBC-F03,Build atom-local hierarchical index spaces,Cellerator,CEFRAG,Atom-aware Cellerator fragment compiler,execution/atom_fragment,CE-JBC-L-FRAGMENT,settled required mechanism,Serial within CE-JBC-L-FRAGMENT; parallel with other provider/workstream lanes after JBC-G1-ATOM-THIN-WAIST.,CE-JBC-F02,[proposed] include/Cellerator/execution/atom_fragment/;[proposed] src/execution/atom_fragment/;[proposed] tests/jbc/fragment/,"The contract/implementation is source-complete, independently validated, profiler-visible, and consumable through fixtures without central-file edits."
CE-JBC-F04,Validate externally supplied exact decomposition,Cellerator,CEFRAG,Atom-aware Cellerator fragment compiler,execution/atom_fragment,CE-JBC-L-FRAGMENT,validation/evidence,Serial within CE-JBC-L-FRAGMENT; parallel with other provider/workstream lanes after JBC-G1-ATOM-THIN-WAIST.,CE-JBC-F03,[proposed] include/Cellerator/execution/atom_fragment/;[proposed] src/execution/atom_fragment/;[proposed] tests/jbc/fragment/,"The contract/implementation is source-complete, independently validated, profiler-visible, and consumable through fixtures without central-file edits."
CE-JBC-F05,Validate externally supplied persistent order,Cellerator,CEFRAG,Atom-aware Cellerator fragment compiler,execution/atom_fragment,CE-JBC-L-FRAGMENT,validation/evidence,Serial within CE-JBC-L-FRAGMENT; parallel with other provider/workstream lanes after JBC-G1-ATOM-THIN-WAIST.,CE-JBC-F04,[proposed] include/Cellerator/execution/atom_fragment/;[proposed] src/execution/atom_fragment/;[proposed] tests/jbc/fragment/,"The contract/implementation is source-complete, independently validated, profiler-visible, and consumable through fixtures without central-file edits."
CE-JBC-F06,Extract atom requirements from local candidates,Cellerator,CEFRAG,Atom-aware Cellerator fragment compiler,execution/atom_fragment,CE-JBC-L-FRAGMENT,settled required mechanism,Serial within CE-JBC-L-FRAGMENT; parallel with other provider/workstream lanes after JBC-G1-ATOM-THIN-WAIST.,CE-JBC-F05,[proposed] include/Cellerator/execution/atom_fragment/;[proposed] src/execution/atom_fragment/;[proposed] tests/jbc/fragment/,"The contract/implementation is source-complete, independently validated, profiler-visible, and consumable through fixtures without central-file edits."
CE-JBC-F07,Discover atom-bound local candidates,Cellerator,CEFRAG,Atom-aware Cellerator fragment compiler,execution/atom_fragment,CE-JBC-L-FRAGMENT,settled required mechanism,Serial within CE-JBC-L-FRAGMENT; parallel with other provider/workstream lanes after JBC-G1-ATOM-THIN-WAIST.,CE-JBC-F06,[proposed] include/Cellerator/execution/atom_fragment/;[proposed] src/execution/atom_fragment/;[proposed] tests/jbc/fragment/,"The contract/implementation is source-complete, independently validated, profiler-visible, and consumable through fixtures without central-file edits."
CE-JBC-F08,Retain a bounded local Pareto frontier,Cellerator,CEFRAG,Atom-aware Cellerator fragment compiler,execution/atom_fragment,CE-JBC-L-FRAGMENT,settled required mechanism,Serial within CE-JBC-L-FRAGMENT; parallel with other provider/workstream lanes after JBC-G1-ATOM-THIN-WAIST.,CE-JBC-F07,[proposed] include/Cellerator/execution/atom_fragment/;[proposed] src/execution/atom_fragment/;[proposed] tests/jbc/fragment/,"The contract/implementation is source-complete, independently validated, profiler-visible, and consumable through fixtures without central-file edits."
CE-JBC-F09,Wrap program_v2 as prepared atom fragment,Cellerator,CEFRAG,Atom-aware Cellerator fragment compiler,execution/atom_fragment,CE-JBC-L-FRAGMENT,settled required mechanism,Serial within CE-JBC-L-FRAGMENT; parallel with other provider/workstream lanes after JBC-G1-ATOM-THIN-WAIST.,CE-JBC-F08,[proposed] include/Cellerator/execution/atom_fragment/;[proposed] src/execution/atom_fragment/;[proposed] tests/jbc/fragment/,"The contract/implementation is source-complete, independently validated, profiler-visible, and consumable through fixtures without central-file edits."
CE-JBC-F10,Bind external atom planes and lease tokens,Cellerator,CEFRAG,Atom-aware Cellerator fragment compiler,execution/atom_fragment,CE-JBC-L-FRAGMENT,settled required mechanism,Serial within CE-JBC-L-FRAGMENT; parallel with other provider/workstream lanes after JBC-G1-ATOM-THIN-WAIST.,CE-JBC-F09,[proposed] include/Cellerator/execution/atom_fragment/;[proposed] src/execution/atom_fragment/;[proposed] tests/jbc/fragment/,"The contract/implementation is source-complete, independently validated, profiler-visible, and consumable through fixtures without central-file edits."
CE-JBC-F11,Describe output atom and partial affordances,Cellerator,CEFRAG,Atom-aware Cellerator fragment compiler,execution/atom_fragment,CE-JBC-L-FRAGMENT,settled required mechanism,Serial within CE-JBC-L-FRAGMENT; parallel with other provider/workstream lanes after JBC-G1-ATOM-THIN-WAIST.,CE-JBC-F10,[proposed] include/Cellerator/execution/atom_fragment/;[proposed] src/execution/atom_fragment/;[proposed] tests/jbc/fragment/,"The contract/implementation is source-complete, independently validated, profiler-visible, and consumable through fixtures without central-file edits."
CE-JBC-F12,Implement canonical fallback and diagnostics,Cellerator,CEFRAG,Atom-aware Cellerator fragment compiler,execution/atom_fragment,CE-JBC-L-FRAGMENT,settled required mechanism,Serial within CE-JBC-L-FRAGMENT; parallel with other provider/workstream lanes after JBC-G1-ATOM-THIN-WAIST.,CE-JBC-F11,[proposed] include/Cellerator/execution/atom_fragment/;[proposed] src/execution/atom_fragment/;[proposed] tests/jbc/fragment/,"The contract/implementation is source-complete, independently validated, profiler-visible, and consumable through fixtures without central-file edits."
CE-JBC-F13,Register source-linked fragment compilers,Cellerator,CEFRAG,Atom-aware Cellerator fragment compiler,execution/atom_fragment,CE-JBC-L-FRAGMENT,settled required mechanism,Serial within CE-JBC-L-FRAGMENT; parallel with other provider/workstream lanes after JBC-G1-ATOM-THIN-WAIST.,CE-JBC-F12,[proposed] include/Cellerator/execution/atom_fragment/;[proposed] src/execution/atom_fragment/;[proposed] tests/jbc/fragment/,"The contract/implementation is source-complete, independently validated, profiler-visible, and consumable through fixtures without central-file edits."
CE-JBC-F14,Execute canonical relation-apply atom-fragment smoke,Cellerator,CEFRAG,Atom-aware Cellerator fragment compiler,execution/atom_fragment,CE-JBC-L-FRAGMENT,settled required mechanism,Serial within CE-JBC-L-FRAGMENT; parallel with other provider/workstream lanes after JBC-G1-ATOM-THIN-WAIST.,CE-JBC-F13,[proposed] include/Cellerator/execution/atom_fragment/;[proposed] src/execution/atom_fragment/;[proposed] tests/jbc/fragment/,"The contract/implementation is source-complete, independently validated, profiler-visible, and consumable through fixtures without central-file edits."
CE-JBC-M01,Define multi-atom port binding list,Cellerator,CEMULTI,Multi-atom and multi-extent Cellerator operands,execution/object_binding and candidate adapters,CE-JBC-L-MULTIATOM,settled required mechanism,Serial within CE-JBC-L-MULTIATOM; parallel with other provider/workstream lanes after JBC-G3-CELLERATOR-FRAGMENT.,CE-JBC-F14,[proposed] include/Cellerator/execution/object_binding/;[proposed] src/execution/object_binding/;[proposed] src/compute/candidate/jbc_multi_extent/;[proposed] tests/jbc/multi_extent/;[proposed] bench/jbc/multi_extent/,"The contract/implementation is source-complete, independently validated, profiler-visible, and consumable through fixtures without central-file edits."
CE-JBC-M02,Define multi-extent physical binding list,Cellerator,CEMULTI,Multi-atom and multi-extent Cellerator operands,execution/object_binding and candidate adapters,CE-JBC-L-MULTIATOM,settled required mechanism,Serial within CE-JBC-L-MULTIATOM; parallel with other provider/workstream lanes after JBC-G3-CELLERATOR-FRAGMENT.,CE-JBC-M01,[proposed] include/Cellerator/execution/object_binding/;[proposed] src/execution/object_binding/;[proposed] src/compute/candidate/jbc_multi_extent/;[proposed] tests/jbc/multi_extent/;[proposed] bench/jbc/multi_extent/,"The contract/implementation is source-complete, independently validated, profiler-visible, and consumable through fixtures without central-file edits."
CE-JBC-M03,"Query contiguity, alignment, and extent requirements",Cellerator,CEMULTI,Multi-atom and multi-extent Cellerator operands,execution/object_binding and candidate adapters,CE-JBC-L-MULTIATOM,settled required mechanism,Serial within CE-JBC-L-MULTIATOM; parallel with other provider/workstream lanes after JBC-G3-CELLERATOR-FRAGMENT.,CE-JBC-M02,[proposed] include/Cellerator/execution/object_binding/;[proposed] src/execution/object_binding/;[proposed] src/compute/candidate/jbc_multi_extent/;[proposed] tests/jbc/multi_extent/;[proposed] bench/jbc/multi_extent/,"The contract/implementation is source-complete, independently validated, profiler-visible, and consumable through fixtures without central-file edits."
CE-JBC-M04,Compile the explicit contiguous-assembly baseline,Cellerator,CEMULTI,Multi-atom and multi-extent Cellerator operands,execution/object_binding and candidate adapters,CE-JBC-L-MULTIATOM,settled required mechanism,Serial within CE-JBC-L-MULTIATOM; parallel with other provider/workstream lanes after JBC-G3-CELLERATOR-FRAGMENT.,CE-JBC-M03,[proposed] include/Cellerator/execution/object_binding/;[proposed] src/execution/object_binding/;[proposed] src/compute/candidate/jbc_multi_extent/;[proposed] tests/jbc/multi_extent/;[proposed] bench/jbc/multi_extent/,"The contract/implementation is source-complete, independently validated, profiler-visible, and consumable through fixtures without central-file edits."
CE-JBC-M05,"Implement reusable gather, scatter, and permutation operations",Cellerator,CEMULTI,Multi-atom and multi-extent Cellerator operands,execution/object_binding and candidate adapters,CE-JBC-L-MULTIATOM,settled required mechanism,Serial within CE-JBC-L-MULTIATOM; parallel with other provider/workstream lanes after JBC-G3-CELLERATOR-FRAGMENT.,CE-JBC-M04,[proposed] include/Cellerator/execution/object_binding/;[proposed] src/execution/object_binding/;[proposed] src/compute/candidate/jbc_multi_extent/;[proposed] tests/jbc/multi_extent/;[proposed] bench/jbc/multi_extent/,"The contract/implementation is source-complete, independently validated, profiler-visible, and consumable through fixtures without central-file edits."
CE-JBC-M06,Define the direct multi-extent candidate contract,Cellerator,CEMULTI,Multi-atom and multi-extent Cellerator operands,execution/object_binding and candidate adapters,CE-JBC-L-MULTIATOM,settled required mechanism,Serial within CE-JBC-L-MULTIATOM; parallel with other provider/workstream lanes after JBC-G3-CELLERATOR-FRAGMENT.,CE-JBC-M05,[proposed] include/Cellerator/execution/object_binding/;[proposed] src/execution/object_binding/;[proposed] src/compute/candidate/jbc_multi_extent/;[proposed] tests/jbc/multi_extent/;[proposed] bench/jbc/multi_extent/,"The contract/implementation is source-complete, independently validated, profiler-visible, and consumable through fixtures without central-file edits."
CE-JBC-M07,Implement an experimental multi-extent relation-apply candidate,Cellerator,CEMULTI,Multi-atom and multi-extent Cellerator operands,execution/object_binding and candidate adapters,CE-JBC-L-MULTIATOM,experimental candidate; baseline and negative result required,Serial within CE-JBC-L-MULTIATOM; parallel with other provider/workstream lanes after JBC-G3-CELLERATOR-FRAGMENT.,CE-JBC-M06,[proposed] include/Cellerator/execution/object_binding/;[proposed] src/execution/object_binding/;[proposed] src/compute/candidate/jbc_multi_extent/;[proposed] tests/jbc/multi_extent/;[proposed] bench/jbc/multi_extent/,"The contract/implementation is source-complete, independently validated, profiler-visible, and consumable through fixtures without central-file edits."
CE-JBC-M08,Bind a structural atom plus mutable value overlay,Cellerator,CEMULTI,Multi-atom and multi-extent Cellerator operands,execution/object_binding and candidate adapters,CE-JBC-L-MULTIATOM,settled required mechanism,Serial within CE-JBC-L-MULTIATOM; parallel with other provider/workstream lanes after JBC-G3-CELLERATOR-FRAGMENT.,CE-JBC-M07,[proposed] include/Cellerator/execution/object_binding/;[proposed] src/execution/object_binding/;[proposed] src/compute/candidate/jbc_multi_extent/;[proposed] tests/jbc/multi_extent/;[proposed] bench/jbc/multi_extent/,"The contract/implementation is source-complete, independently validated, profiler-visible, and consumable through fixtures without central-file edits."
CE-JBC-M09,Integrate chunk-native projection acquisition,Cellerator,CEMULTI,Multi-atom and multi-extent Cellerator operands,execution/object_binding and candidate adapters,CE-JBC-L-MULTIATOM,settled required mechanism,Serial within CE-JBC-L-MULTIATOM; parallel with other provider/workstream lanes after JBC-G3-CELLERATOR-FRAGMENT.,CE-JBC-M08,[proposed] include/Cellerator/execution/object_binding/;[proposed] src/execution/object_binding/;[proposed] src/compute/candidate/jbc_multi_extent/;[proposed] tests/jbc/multi_extent/;[proposed] bench/jbc/multi_extent/,"The contract/implementation is source-complete, independently validated, profiler-visible, and consumable through fixtures without central-file edits."
CE-JBC-M10,Benchmark assembly versus direct multi-extent execution,Cellerator,CEMULTI,Multi-atom and multi-extent Cellerator operands,execution/object_binding and candidate adapters,CE-JBC-L-MULTIATOM,validation/evidence,Serial within CE-JBC-L-MULTIATOM; parallel with other provider/workstream lanes after JBC-G3-CELLERATOR-FRAGMENT.,CE-JBC-M09,[proposed] include/Cellerator/execution/object_binding/;[proposed] src/execution/object_binding/;[proposed] src/compute/candidate/jbc_multi_extent/;[proposed] tests/jbc/multi_extent/;[proposed] bench/jbc/multi_extent/,"The contract/implementation is source-complete, independently validated, profiler-visible, and consumable through fixtures without central-file edits."
CE-JBC-P01,Map CellShard atom planes to projection_value_plane_v1,Cellerator,CEPLANE,"Cellerator atom planes, mutable values, gradients, and atom outputs",execution/atom_plane and projection_value_plane adapters,CE-JBC-L-PLANES,settled required mechanism,Serial within CE-JBC-L-PLANES; parallel with other provider/workstream lanes after JBC-G1-ATOM-THIN-WAIST.,CE-JBC-I12,[proposed] include/Cellerator/execution/atom_plane/;[proposed] src/execution/atom_plane/;include/Cellerator/execution/projection_value_plane/;src/execution/projection_value_plane/;[proposed] tests/jbc/atom_plane/,"The contract/implementation is source-complete, independently validated, profiler-visible, and consumable through fixtures without central-file edits."
CE-JBC-P02,Define structural atom-plane binding,Cellerator,CEPLANE,"Cellerator atom planes, mutable values, gradients, and atom outputs",execution/atom_plane and projection_value_plane adapters,CE-JBC-L-PLANES,settled required mechanism,Serial within CE-JBC-L-PLANES; parallel with other provider/workstream lanes after JBC-G1-ATOM-THIN-WAIST.,CE-JBC-P01,[proposed] include/Cellerator/execution/atom_plane/;[proposed] src/execution/atom_plane/;include/Cellerator/execution/projection_value_plane/;src/execution/projection_value_plane/;[proposed] tests/jbc/atom_plane/,"The contract/implementation is source-complete, independently validated, profiler-visible, and consumable through fixtures without central-file edits."
CE-JBC-P03,Define mutable relation-value atom plane,Cellerator,CEPLANE,"Cellerator atom planes, mutable values, gradients, and atom outputs",execution/atom_plane and projection_value_plane adapters,CE-JBC-L-PLANES,settled required mechanism,Serial within CE-JBC-L-PLANES; parallel with other provider/workstream lanes after JBC-G1-ATOM-THIN-WAIST.,CE-JBC-P02,[proposed] include/Cellerator/execution/atom_plane/;[proposed] src/execution/atom_plane/;include/Cellerator/execution/projection_value_plane/;src/execution/projection_value_plane/;[proposed] tests/jbc/atom_plane/,"The contract/implementation is source-complete, independently validated, profiler-visible, and consumable through fixtures without central-file edits."
CE-JBC-P04,Define active-support overlay atom plane,Cellerator,CEPLANE,"Cellerator atom planes, mutable values, gradients, and atom outputs",execution/atom_plane and projection_value_plane adapters,CE-JBC-L-PLANES,settled required mechanism,Serial within CE-JBC-L-PLANES; parallel with other provider/workstream lanes after JBC-G1-ATOM-THIN-WAIST.,CE-JBC-P03,[proposed] include/Cellerator/execution/atom_plane/;[proposed] src/execution/atom_plane/;include/Cellerator/execution/projection_value_plane/;src/execution/projection_value_plane/;[proposed] tests/jbc/atom_plane/,"The contract/implementation is source-complete, independently validated, profiler-visible, and consumable through fixtures without central-file edits."
CE-JBC-P05,Define mutable state atom plane,Cellerator,CEPLANE,"Cellerator atom planes, mutable values, gradients, and atom outputs",execution/atom_plane and projection_value_plane adapters,CE-JBC-L-PLANES,settled required mechanism,Serial within CE-JBC-L-PLANES; parallel with other provider/workstream lanes after JBC-G1-ATOM-THIN-WAIST.,CE-JBC-P04,[proposed] include/Cellerator/execution/atom_plane/;[proposed] src/execution/atom_plane/;include/Cellerator/execution/projection_value_plane/;src/execution/projection_value_plane/;[proposed] tests/jbc/atom_plane/,"The contract/implementation is source-complete, independently validated, profiler-visible, and consumable through fixtures without central-file edits."
CE-JBC-P06,Define gradient atom plane,Cellerator,CEPLANE,"Cellerator atom planes, mutable values, gradients, and atom outputs",execution/atom_plane and projection_value_plane adapters,CE-JBC-L-PLANES,settled required mechanism,Serial within CE-JBC-L-PLANES; parallel with other provider/workstream lanes after JBC-G1-ATOM-THIN-WAIST.,CE-JBC-P05,[proposed] include/Cellerator/execution/atom_plane/;[proposed] src/execution/atom_plane/;include/Cellerator/execution/projection_value_plane/;src/execution/projection_value_plane/;[proposed] tests/jbc/atom_plane/,"The contract/implementation is source-complete, independently validated, profiler-visible, and consumable through fixtures without central-file edits."
CE-JBC-P07,Bind generation_publication_v1 to atom generations,Cellerator,CEPLANE,"Cellerator atom planes, mutable values, gradients, and atom outputs",execution/atom_plane and projection_value_plane adapters,CE-JBC-L-PLANES,settled required mechanism,Serial within CE-JBC-L-PLANES; parallel with other provider/workstream lanes after JBC-G1-ATOM-THIN-WAIST.,CE-JBC-P06,[proposed] include/Cellerator/execution/atom_plane/;[proposed] src/execution/atom_plane/;include/Cellerator/execution/projection_value_plane/;src/execution/projection_value_plane/;[proposed] tests/jbc/atom_plane/,"The contract/implementation is source-complete, independently validated, profiler-visible, and consumable through fixtures without central-file edits."
CE-JBC-P08,Emit persistent-order dense result atoms,Cellerator,CEPLANE,"Cellerator atom planes, mutable values, gradients, and atom outputs",execution/atom_plane and projection_value_plane adapters,CE-JBC-L-PLANES,settled required mechanism,Serial within CE-JBC-L-PLANES; parallel with other provider/workstream lanes after JBC-G1-ATOM-THIN-WAIST.,CE-JBC-P07,[proposed] include/Cellerator/execution/atom_plane/;[proposed] src/execution/atom_plane/;include/Cellerator/execution/projection_value_plane/;src/execution/projection_value_plane/;[proposed] tests/jbc/atom_plane/,"The contract/implementation is source-complete, independently validated, profiler-visible, and consumable through fixtures without central-file edits."
CE-JBC-P09,Emit partial-result atoms,Cellerator,CEPLANE,"Cellerator atom planes, mutable values, gradients, and atom outputs",execution/atom_plane and projection_value_plane adapters,CE-JBC-L-PLANES,settled required mechanism,Serial within CE-JBC-L-PLANES; parallel with other provider/workstream lanes after JBC-G1-ATOM-THIN-WAIST.,CE-JBC-P08,[proposed] include/Cellerator/execution/atom_plane/;[proposed] src/execution/atom_plane/;include/Cellerator/execution/projection_value_plane/;src/execution/projection_value_plane/;[proposed] tests/jbc/atom_plane/,"The contract/implementation is source-complete, independently validated, profiler-visible, and consumable through fixtures without central-file edits."
CE-JBC-P10,Define neutral ready-event and lease binding,Cellerator,CEPLANE,"Cellerator atom planes, mutable values, gradients, and atom outputs",execution/atom_plane and projection_value_plane adapters,CE-JBC-L-PLANES,settled required mechanism,Serial within CE-JBC-L-PLANES; parallel with other provider/workstream lanes after JBC-G1-ATOM-THIN-WAIST.,CE-JBC-P09,[proposed] include/Cellerator/execution/atom_plane/;[proposed] src/execution/atom_plane/;include/Cellerator/execution/projection_value_plane/;src/execution/projection_value_plane/;[proposed] tests/jbc/atom_plane/,"The contract/implementation is source-complete, independently validated, profiler-visible, and consumable through fixtures without central-file edits."
CE-JBC-R01,Define lowering-stage and compatibility status taxonomy,Cellerator,CERESUME,Cellerator lowering-resumption contracts,execution/lowering_resumption and acquisition adapters,CE-JBC-L-RESUMPTION,compatibility/migration,Serial within CE-JBC-L-RESUMPTION; parallel with other provider/workstream lanes after JBC-G3-CELLERATOR-FRAGMENT.,CE-JBC-F14,[proposed] include/Cellerator/execution/lowering_resumption/;[proposed] src/execution/lowering_resumption/;include/Cellerator/execution/geometry_acquisition_v2/;src/execution/geometry_acquisition_v2/;[proposed] tests/jbc/resumption/,"The contract/implementation is source-complete, independently validated, profiler-visible, and consumable through fixtures without central-file edits."
CE-JBC-R02,Resume from canonical source input,Cellerator,CERESUME,Cellerator lowering-resumption contracts,execution/lowering_resumption and acquisition adapters,CE-JBC-L-RESUMPTION,settled required mechanism,Serial within CE-JBC-L-RESUMPTION; parallel with other provider/workstream lanes after JBC-G3-CELLERATOR-FRAGMENT.,CE-JBC-R01,[proposed] include/Cellerator/execution/lowering_resumption/;[proposed] src/execution/lowering_resumption/;include/Cellerator/execution/geometry_acquisition_v2/;src/execution/geometry_acquisition_v2/;[proposed] tests/jbc/resumption/,"The contract/implementation is source-complete, independently validated, profiler-visible, and consumable through fixtures without central-file edits."
CE-JBC-R03,Resume from atom-evidence artifact,Cellerator,CERESUME,Cellerator lowering-resumption contracts,execution/lowering_resumption and acquisition adapters,CE-JBC-L-RESUMPTION,settled required mechanism,Serial within CE-JBC-L-RESUMPTION; parallel with other provider/workstream lanes after JBC-G3-CELLERATOR-FRAGMENT.,CE-JBC-R02,[proposed] include/Cellerator/execution/lowering_resumption/;[proposed] src/execution/lowering_resumption/;include/Cellerator/execution/geometry_acquisition_v2/;src/execution/geometry_acquisition_v2/;[proposed] tests/jbc/resumption/,"The contract/implementation is source-complete, independently validated, profiler-visible, and consumable through fixtures without central-file edits."
CE-JBC-R04,Resume from semantic atom or basis artifact,Cellerator,CERESUME,Cellerator lowering-resumption contracts,execution/lowering_resumption and acquisition adapters,CE-JBC-L-RESUMPTION,settled required mechanism,Serial within CE-JBC-L-RESUMPTION; parallel with other provider/workstream lanes after JBC-G3-CELLERATOR-FRAGMENT.,CE-JBC-R03,[proposed] include/Cellerator/execution/lowering_resumption/;[proposed] src/execution/lowering_resumption/;include/Cellerator/execution/geometry_acquisition_v2/;src/execution/geometry_acquisition_v2/;[proposed] tests/jbc/resumption/,"The contract/implementation is source-complete, independently validated, profiler-visible, and consumable through fixtures without central-file edits."
CE-JBC-R05,Resume from target-cover artifact,Cellerator,CERESUME,Cellerator lowering-resumption contracts,execution/lowering_resumption and acquisition adapters,CE-JBC-L-RESUMPTION,settled required mechanism,Serial within CE-JBC-L-RESUMPTION; parallel with other provider/workstream lanes after JBC-G3-CELLERATOR-FRAGMENT.,CE-JBC-R04,[proposed] include/Cellerator/execution/lowering_resumption/;[proposed] src/execution/lowering_resumption/;include/Cellerator/execution/geometry_acquisition_v2/;src/execution/geometry_acquisition_v2/;[proposed] tests/jbc/resumption/,"The contract/implementation is source-complete, independently validated, profiler-visible, and consumable through fixtures without central-file edits."
CE-JBC-R06,Resume from physical projection or CPE2 artifact,Cellerator,CERESUME,Cellerator lowering-resumption contracts,execution/lowering_resumption and acquisition adapters,CE-JBC-L-RESUMPTION,settled required mechanism,Serial within CE-JBC-L-RESUMPTION; parallel with other provider/workstream lanes after JBC-G3-CELLERATOR-FRAGMENT.,CE-JBC-R05,[proposed] include/Cellerator/execution/lowering_resumption/;[proposed] src/execution/lowering_resumption/;include/Cellerator/execution/geometry_acquisition_v2/;src/execution/geometry_acquisition_v2/;[proposed] tests/jbc/resumption/,"The contract/implementation is source-complete, independently validated, profiler-visible, and consumable through fixtures without central-file edits."
CE-JBC-R07,Resume from packed value or operand artifact,Cellerator,CERESUME,Cellerator lowering-resumption contracts,execution/lowering_resumption and acquisition adapters,CE-JBC-L-RESUMPTION,settled required mechanism,Serial within CE-JBC-L-RESUMPTION; parallel with other provider/workstream lanes after JBC-G3-CELLERATOR-FRAGMENT.,CE-JBC-R06,[proposed] include/Cellerator/execution/lowering_resumption/;[proposed] src/execution/lowering_resumption/;include/Cellerator/execution/geometry_acquisition_v2/;src/execution/geometry_acquisition_v2/;[proposed] tests/jbc/resumption/,"The contract/implementation is source-complete, independently validated, profiler-visible, and consumable through fixtures without central-file edits."
CE-JBC-R08,Resume from executable atom recipe,Cellerator,CERESUME,Cellerator lowering-resumption contracts,execution/lowering_resumption and acquisition adapters,CE-JBC-L-RESUMPTION,settled required mechanism,Serial within CE-JBC-L-RESUMPTION; parallel with other provider/workstream lanes after JBC-G3-CELLERATOR-FRAGMENT.,CE-JBC-R07,[proposed] include/Cellerator/execution/lowering_resumption/;[proposed] src/execution/lowering_resumption/;include/Cellerator/execution/geometry_acquisition_v2/;src/execution/geometry_acquisition_v2/;[proposed] tests/jbc/resumption/,"The contract/implementation is source-complete, independently validated, profiler-visible, and consumable through fixtures without central-file edits."
CE-JBC-R09,Validate topology-linked local realization,Cellerator,CERESUME,Cellerator lowering-resumption contracts,execution/lowering_resumption and acquisition adapters,CE-JBC-L-RESUMPTION,validation/evidence,Serial within CE-JBC-L-RESUMPTION; parallel with other provider/workstream lanes after JBC-G3-CELLERATOR-FRAGMENT.,CE-JBC-R08,[proposed] include/Cellerator/execution/lowering_resumption/;[proposed] src/execution/lowering_resumption/;include/Cellerator/execution/geometry_acquisition_v2/;src/execution/geometry_acquisition_v2/;[proposed] tests/jbc/resumption/,"The contract/implementation is source-complete, independently validated, profiler-visible, and consumable through fixtures without central-file edits."
CE-JBC-R10,Instrument phase bypass and earliest-compatible fallback,Cellerator,CERESUME,Cellerator lowering-resumption contracts,execution/lowering_resumption and acquisition adapters,CE-JBC-L-RESUMPTION,settled required mechanism,Serial within CE-JBC-L-RESUMPTION; parallel with other provider/workstream lanes after JBC-G3-CELLERATOR-FRAGMENT.,CE-JBC-R09,[proposed] include/Cellerator/execution/lowering_resumption/;[proposed] src/execution/lowering_resumption/;include/Cellerator/execution/geometry_acquisition_v2/;src/execution/geometry_acquisition_v2/;[proposed] tests/jbc/resumption/,"The contract/implementation is source-complete, independently validated, profiler-visible, and consumable through fixtures without central-file edits."
CE-JBC-X01,Define operation-polymorphic support-family identity,Cellerator,CEXOP,Cross-operation Cellerator projection families,compute/projection_family,CE-JBC-L-CROSSOP,settled required mechanism,Serial within CE-JBC-L-CROSSOP; parallel with other provider/workstream lanes after JBC-G3-CELLERATOR-FRAGMENT.,CE-JBC-F14;CE-JBC-P10,[proposed] include/Cellerator/compute/projection_family/;[proposed] src/compute/projection_family/;[proposed] tests/jbc/cross_operation/;[proposed] bench/jbc/cross_operation/,"The contract/implementation is source-complete, independently validated, profiler-visible, and consumable through fixtures without central-file edits."
CE-JBC-X02,Build the forward relation-apply physical view,Cellerator,CEXOP,Cross-operation Cellerator projection families,compute/projection_family,CE-JBC-L-CROSSOP,settled required mechanism,Serial within CE-JBC-L-CROSSOP; parallel with other provider/workstream lanes after JBC-G3-CELLERATOR-FRAGMENT.,CE-JBC-X01,[proposed] include/Cellerator/compute/projection_family/;[proposed] src/compute/projection_family/;[proposed] tests/jbc/cross_operation/;[proposed] bench/jbc/cross_operation/,"The contract/implementation is source-complete, independently validated, profiler-visible, and consumable through fixtures without central-file edits."
CE-JBC-X03,Build the transpose physical view,Cellerator,CEXOP,Cross-operation Cellerator projection families,compute/projection_family,CE-JBC-L-CROSSOP,settled required mechanism,Serial within CE-JBC-L-CROSSOP; parallel with other provider/workstream lanes after JBC-G3-CELLERATOR-FRAGMENT.,CE-JBC-X02,[proposed] include/Cellerator/compute/projection_family/;[proposed] src/compute/projection_family/;[proposed] tests/jbc/cross_operation/;[proposed] bench/jbc/cross_operation/,"The contract/implementation is source-complete, independently validated, profiler-visible, and consumable through fixtures without central-file edits."
CE-JBC-X04,Build the support-contraction physical view,Cellerator,CEXOP,Cross-operation Cellerator projection families,compute/projection_family,CE-JBC-L-CROSSOP,settled required mechanism,Serial within CE-JBC-L-CROSSOP; parallel with other provider/workstream lanes after JBC-G3-CELLERATOR-FRAGMENT.,CE-JBC-X03,[proposed] include/Cellerator/compute/projection_family/;[proposed] src/compute/projection_family/;[proposed] tests/jbc/cross_operation/;[proposed] bench/jbc/cross_operation/,"The contract/implementation is source-complete, independently validated, profiler-visible, and consumable through fixtures without central-file edits."
CE-JBC-X05,Build segment and gate physical views,Cellerator,CEXOP,Cross-operation Cellerator projection families,compute/projection_family,CE-JBC-L-CROSSOP,validation/evidence,Serial within CE-JBC-L-CROSSOP; parallel with other provider/workstream lanes after JBC-G3-CELLERATOR-FRAGMENT.,CE-JBC-X04,[proposed] include/Cellerator/compute/projection_family/;[proposed] src/compute/projection_family/;[proposed] tests/jbc/cross_operation/;[proposed] bench/jbc/cross_operation/,"The contract/implementation is source-complete, independently validated, profiler-visible, and consumable through fixtures without central-file edits."
CE-JBC-X06,Build the shared value and gradient identity spine,Cellerator,CEXOP,Cross-operation Cellerator projection families,compute/projection_family,CE-JBC-L-CROSSOP,settled required mechanism,Serial within CE-JBC-L-CROSSOP; parallel with other provider/workstream lanes after JBC-G3-CELLERATOR-FRAGMENT.,CE-JBC-X05,[proposed] include/Cellerator/compute/projection_family/;[proposed] src/compute/projection_family/;[proposed] tests/jbc/cross_operation/;[proposed] bench/jbc/cross_operation/,"The contract/implementation is source-complete, independently validated, profiler-visible, and consumable through fixtures without central-file edits."
CE-JBC-X07,Compare specialized and generalized view families,Cellerator,CEXOP,Cross-operation Cellerator projection families,compute/projection_family,CE-JBC-L-CROSSOP,settled required mechanism,Serial within CE-JBC-L-CROSSOP; parallel with other provider/workstream lanes after JBC-G3-CELLERATOR-FRAGMENT.,CE-JBC-X06,[proposed] include/Cellerator/compute/projection_family/;[proposed] src/compute/projection_family/;[proposed] tests/jbc/cross_operation/;[proposed] bench/jbc/cross_operation/,"The contract/implementation is source-complete, independently validated, profiler-visible, and consumable through fixtures without central-file edits."
CE-JBC-X08,Emit cross-operation Pareto frontier and promotion disposition,Cellerator,CEXOP,Cross-operation Cellerator projection families,compute/projection_family,CE-JBC-L-CROSSOP,settled required mechanism,Serial within CE-JBC-L-CROSSOP; parallel with other provider/workstream lanes after JBC-G3-CELLERATOR-FRAGMENT.,CE-JBC-X07,[proposed] include/Cellerator/compute/projection_family/;[proposed] src/compute/projection_family/;[proposed] tests/jbc/cross_operation/;[proposed] bench/jbc/cross_operation/,"The contract/implementation is source-complete, independently validated, profiler-visible, and consumable through fixtures without central-file edits."
CE-JBC-C01,Define generic external cost vector v1,Cellerator,CECOST,External global costs and bounded joint compiler exchange,planner/external_cost and geometry objective adapters,CE-JBC-L-EXTERNAL-COST,settled required mechanism,Serial within CE-JBC-L-EXTERNAL-COST; parallel with other provider/workstream lanes after JBC-G3-CELLERATOR-FRAGMENT.,CE-JBC-F14,[proposed] include/Cellerator/planner/external_cost/;[proposed] src/planner/external_cost/;[proposed] tests/jbc/external_cost/;[proposed] bench/jbc/compiler_exchange/,"The contract/implementation is source-complete, independently validated, profiler-visible, and consumable through fixtures without central-file edits."
CE-JBC-C02,Inject external costs into the local complete-cost planner,Cellerator,CECOST,External global costs and bounded joint compiler exchange,planner/external_cost and geometry objective adapters,CE-JBC-L-EXTERNAL-COST,settled required mechanism,Serial within CE-JBC-L-EXTERNAL-COST; parallel with other provider/workstream lanes after JBC-G3-CELLERATOR-FRAGMENT.,CE-JBC-C01,[proposed] include/Cellerator/planner/external_cost/;[proposed] src/planner/external_cost/;[proposed] tests/jbc/external_cost/;[proposed] bench/jbc/compiler_exchange/,"The contract/implementation is source-complete, independently validated, profiler-visible, and consumable through fixtures without central-file edits."
CE-JBC-C03,Inject global reuse and movement prices into geometry objectives,Cellerator,CECOST,External global costs and bounded joint compiler exchange,planner/external_cost and geometry objective adapters,CE-JBC-L-EXTERNAL-COST,settled required mechanism,Serial within CE-JBC-L-EXTERNAL-COST; parallel with other provider/workstream lanes after JBC-G3-CELLERATOR-FRAGMENT.,CE-JBC-C02,[proposed] include/Cellerator/planner/external_cost/;[proposed] src/planner/external_cost/;[proposed] tests/jbc/external_cost/;[proposed] bench/jbc/compiler_exchange/,"The contract/implementation is source-complete, independently validated, profiler-visible, and consumable through fixtures without central-file edits."
CE-JBC-C04,Implement one-pass external-cost frontier,Cellerator,CECOST,External global costs and bounded joint compiler exchange,planner/external_cost and geometry objective adapters,CE-JBC-L-EXTERNAL-COST,settled required mechanism,Serial within CE-JBC-L-EXTERNAL-COST; parallel with other provider/workstream lanes after JBC-G3-CELLERATOR-FRAGMENT.,CE-JBC-C03,[proposed] include/Cellerator/planner/external_cost/;[proposed] src/planner/external_cost/;[proposed] tests/jbc/external_cost/;[proposed] bench/jbc/compiler_exchange/,"The contract/implementation is source-complete, independently validated, profiler-visible, and consumable through fixtures without central-file edits."
CE-JBC-C05,Implement bounded Cellerator–caller compiler exchange,Cellerator,CECOST,External global costs and bounded joint compiler exchange,planner/external_cost and geometry objective adapters,CE-JBC-L-EXTERNAL-COST,settled required mechanism,Serial within CE-JBC-L-EXTERNAL-COST; parallel with other provider/workstream lanes after JBC-G3-CELLERATOR-FRAGMENT.,CE-JBC-C04,[proposed] include/Cellerator/planner/external_cost/;[proposed] src/planner/external_cost/;[proposed] tests/jbc/external_cost/;[proposed] bench/jbc/compiler_exchange/,"The contract/implementation is source-complete, independently validated, profiler-visible, and consumable through fixtures without central-file edits."
CE-JBC-C06,Implement experimental local pricing oracle for column generation,Cellerator,CECOST,External global costs and bounded joint compiler exchange,planner/external_cost and geometry objective adapters,CE-JBC-L-EXTERNAL-COST,experimental candidate; baseline and negative result required,Serial within CE-JBC-L-EXTERNAL-COST; parallel with other provider/workstream lanes after JBC-G3-CELLERATOR-FRAGMENT.,CE-JBC-C05,[proposed] include/Cellerator/planner/external_cost/;[proposed] src/planner/external_cost/;[proposed] tests/jbc/external_cost/;[proposed] bench/jbc/compiler_exchange/,"The contract/implementation is source-complete, independently validated, profiler-visible, and consumable through fixtures without central-file edits."
CE-JBC-V01,Implement an independent atom-fragment structural verifier,Cellerator,CEVAL,"Cellerator exact verification, profiling, packaging, and integration","tests/jbc, profiling, component bridge, integration",CE-JBC-L-VERIFY-INTEGRATE,validation/evidence,Serial within CE-JBC-L-VERIFY-INTEGRATE; parallel with other provider/workstream lanes after JBC-G5-PARTIAL-ARTIFACT.,CE-JBC-R10;CE-JBC-X08;CE-JBC-C06;CE-JBC-M10,[proposed] tests/jbc/;[proposed] bench/jbc/;[proposed] include/Cellerator/profiling/joint_compiler/;CMakeLists.txt;components/README.md,"The contract/implementation is source-complete, independently validated, profiler-visible, and consumable through fixtures without central-file edits."
CE-JBC-V02,Implement scalable exact reconstruction and numerical verification,Cellerator,CEVAL,"Cellerator exact verification, profiling, packaging, and integration","tests/jbc, profiling, component bridge, integration",CE-JBC-L-VERIFY-INTEGRATE,settled required mechanism,Serial within CE-JBC-L-VERIFY-INTEGRATE; parallel with other provider/workstream lanes after JBC-G5-PARTIAL-ARTIFACT.,CE-JBC-V01,[proposed] tests/jbc/;[proposed] bench/jbc/;[proposed] include/Cellerator/profiling/joint_compiler/;CMakeLists.txt;components/README.md,"The contract/implementation is source-complete, independently validated, profiler-visible, and consumable through fixtures without central-file edits."
CE-JBC-V03,Export atom-aware profiler and mechanism manifests,Cellerator,CEVAL,"Cellerator exact verification, profiling, packaging, and integration","tests/jbc, profiling, component bridge, integration",CE-JBC-L-VERIFY-INTEGRATE,settled required mechanism,Serial within CE-JBC-L-VERIFY-INTEGRATE; parallel with other provider/workstream lanes after JBC-G5-PARTIAL-ARTIFACT.,CE-JBC-V02,[proposed] tests/jbc/;[proposed] bench/jbc/;[proposed] include/Cellerator/profiling/joint_compiler/;CMakeLists.txt;components/README.md,"The contract/implementation is source-complete, independently validated, profiler-visible, and consumable through fixtures without central-file edits."
CE-JBC-V04,Enforce standalone libCellerator build and ABI gate,Cellerator,CEVAL,"Cellerator exact verification, profiling, packaging, and integration","tests/jbc, profiling, component bridge, integration",CE-JBC-L-VERIFY-INTEGRATE,validation/evidence,Serial within CE-JBC-L-VERIFY-INTEGRATE; parallel with other provider/workstream lanes after JBC-G5-PARTIAL-ARTIFACT.,CE-JBC-V03,[proposed] tests/jbc/;[proposed] bench/jbc/;[proposed] include/Cellerator/profiling/joint_compiler/;CMakeLists.txt;components/README.md,"The contract/implementation is source-complete, independently validated, profiler-visible, and consumable through fixtures without central-file edits."
CE-JBC-V05,Enforce embedded privileged CellShard bridge gate,Cellerator,CEVAL,"Cellerator exact verification, profiling, packaging, and integration","tests/jbc, profiling, component bridge, integration",CE-JBC-L-VERIFY-INTEGRATE,validation/evidence,Serial within CE-JBC-L-VERIFY-INTEGRATE; parallel with other provider/workstream lanes after JBC-G5-PARTIAL-ARTIFACT.,CE-JBC-V04,[proposed] tests/jbc/;[proposed] bench/jbc/;[proposed] include/Cellerator/profiling/joint_compiler/;CMakeLists.txt;components/README.md,"The contract/implementation is source-complete, independently validated, profiler-visible, and consumable through fixtures without central-file edits."
CE-JBC-V06,Integrate and publish the Cellerator JBC handoff,Cellerator,CEVAL,"Cellerator exact verification, profiling, packaging, and integration","tests/jbc, profiling, component bridge, integration",CE-JBC-L-VERIFY-INTEGRATE,settled required mechanism,Serial within CE-JBC-L-VERIFY-INTEGRATE; parallel with other provider/workstream lanes after JBC-G5-PARTIAL-ARTIFACT.,CE-JBC-V05,[proposed] tests/jbc/;[proposed] bench/jbc/;[proposed] include/Cellerator/profiling/joint_compiler/;CMakeLists.txt;components/README.md,"The contract/implementation is source-complete, independently validated, profiler-visible, and consumable through fixtures without central-file edits."
CS-JBC-B01,Revalidate nested CellShard and Todo authority,CellShard,CSBOOT,"CellShard baseline, successor charter, and compatibility map",program/bootstrap,CS-JBC-L-BOOTSTRAP,validation/evidence,Serial within CS-JBC-L-BOOTSTRAP; parallel with other provider/workstream lanes after JBC-G0-LIVE-BASELINE.,,[proposed] docs/JBC/;[proposed] planning/jbc/;AGENTS.md;docs/FORMAT_ROLES.md,"The contract/implementation is source-complete, independently validated, profiler-visible, and consumable through fixtures without central-file edits."
CS-JBC-B02,Produce the source-backed CellShard transition map,CellShard,CSBOOT,"CellShard baseline, successor charter, and compatibility map",program/bootstrap,CS-JBC-L-BOOTSTRAP,settled required mechanism,Serial within CS-JBC-L-BOOTSTRAP; parallel with other provider/workstream lanes after JBC-G0-LIVE-BASELINE.,CS-JBC-B01,[proposed] docs/JBC/;[proposed] planning/jbc/;AGENTS.md;docs/FORMAT_ROLES.md,"The contract/implementation is source-complete, independently validated, profiler-visible, and consumable through fixtures without central-file edits."
CS-JBC-B03,Freeze the biology-native compiler successor charter,CellShard,CSBOOT,"CellShard baseline, successor charter, and compatibility map",program/bootstrap,CS-JBC-L-BOOTSTRAP,settled required mechanism,Serial within CS-JBC-L-BOOTSTRAP; parallel with other provider/workstream lanes after JBC-G0-LIVE-BASELINE.,CS-JBC-B02,[proposed] docs/JBC/;[proposed] planning/jbc/;AGENTS.md;docs/FORMAT_ROLES.md,"The contract/implementation is source-complete, independently validated, profiler-visible, and consumable through fixtures without central-file edits."
CS-JBC-B04,Record the frozen CS-FOUND compatibility baseline,CellShard,CSBOOT,"CellShard baseline, successor charter, and compatibility map",program/bootstrap,CS-JBC-L-BOOTSTRAP,compatibility/migration,Serial within CS-JBC-L-BOOTSTRAP; parallel with other provider/workstream lanes after JBC-G0-LIVE-BASELINE.,CS-JBC-B03,[proposed] docs/JBC/;[proposed] planning/jbc/;AGENTS.md;docs/FORMAT_ROLES.md,"The contract/implementation is source-complete, independently validated, profiler-visible, and consumable through fixtures without central-file edits."
CS-JBC-B05,"Reserve CellShard provider, registry, and integration paths",CellShard,CSBOOT,"CellShard baseline, successor charter, and compatibility map",program/bootstrap,CS-JBC-L-BOOTSTRAP,settled required mechanism,Serial within CS-JBC-L-BOOTSTRAP; parallel with other provider/workstream lanes after JBC-G0-LIVE-BASELINE.,CS-JBC-B04,[proposed] docs/JBC/;[proposed] planning/jbc/;AGENTS.md;docs/FORMAT_ROLES.md,"The contract/implementation is source-complete, independently validated, profiler-visible, and consumable through fixtures without central-file edits."
CS-JBC-B06,Reconcile the closed access-adapter lifecycle without reopening,CellShard,CSBOOT,"CellShard baseline, successor charter, and compatibility map",program/bootstrap,CS-JBC-L-BOOTSTRAP,compatibility/migration,Serial within CS-JBC-L-BOOTSTRAP; parallel with other provider/workstream lanes after JBC-G0-LIVE-BASELINE.,CS-JBC-B05,[proposed] docs/JBC/;[proposed] planning/jbc/;AGENTS.md;docs/FORMAT_ROLES.md,"The contract/implementation is source-complete, independently validated, profiler-visible, and consumable through fixtures without central-file edits."
CS-JBC-A01,Define the atom-level taxonomy,CellShard,CSATOM,CellShard biological execution atom core,compiler/atom,CS-JBC-L-ATOM-CORE,settled required mechanism,Serial within CS-JBC-L-ATOM-CORE; parallel with other provider/workstream lanes after JBC-G0-LIVE-BASELINE.,CS-JBC-B06;receipt:CE-JBC-I02,[proposed] include/CellShard/compiler/atom/;[proposed] src/compiler/atom/;[proposed] tests/jbc/atom/,"The contract/implementation is source-complete, independently validated, profiler-visible, and consumable through fixtures without central-file edits."
CS-JBC-A02,Define the atomicity-class taxonomy,CellShard,CSATOM,CellShard biological execution atom core,compiler/atom,CS-JBC-L-ATOM-CORE,settled required mechanism,Serial within CS-JBC-L-ATOM-CORE; parallel with other provider/workstream lanes after JBC-G0-LIVE-BASELINE.,CS-JBC-A01,[proposed] include/CellShard/compiler/atom/;[proposed] src/compiler/atom/;[proposed] tests/jbc/atom/,"The contract/implementation is source-complete, independently validated, profiler-visible, and consumable through fixtures without central-file edits."
CS-JBC-A03,Define the extensible atom-species registry,CellShard,CSATOM,CellShard biological execution atom core,compiler/atom,CS-JBC-L-ATOM-CORE,settled required mechanism,Serial within CS-JBC-L-ATOM-CORE; parallel with other provider/workstream lanes after JBC-G0-LIVE-BASELINE.,CS-JBC-A02,[proposed] include/CellShard/compiler/atom/;[proposed] src/compiler/atom/;[proposed] tests/jbc/atom/,"The contract/implementation is source-complete, independently validated, profiler-visible, and consumable through fixtures without central-file edits."
CS-JBC-A04,Adapt Cellerator persistent identities,CellShard,CSATOM,CellShard biological execution atom core,compiler/atom,CS-JBC-L-ATOM-CORE,settled required mechanism,Serial within CS-JBC-L-ATOM-CORE; parallel with other provider/workstream lanes after JBC-G0-LIVE-BASELINE.,CS-JBC-A03,[proposed] include/CellShard/compiler/atom/;[proposed] src/compiler/atom/;[proposed] tests/jbc/atom/,"The contract/implementation is source-complete, independently validated, profiler-visible, and consumable through fixtures without central-file edits."
CS-JBC-A05,"Separate semantic, content, materialization, replica, and resident identities",CellShard,CSATOM,CellShard biological execution atom core,compiler/atom,CS-JBC-L-ATOM-CORE,settled required mechanism,Serial within CS-JBC-L-ATOM-CORE; parallel with other provider/workstream lanes after JBC-G0-LIVE-BASELINE.,CS-JBC-A04,[proposed] include/CellShard/compiler/atom/;[proposed] src/compiler/atom/;[proposed] tests/jbc/atom/,"The contract/implementation is source-complete, independently validated, profiler-visible, and consumable through fixtures without central-file edits."
CS-JBC-A06,Bind exact Cellerator logical coverage into atom references,CellShard,CSATOM,CellShard biological execution atom core,compiler/atom,CS-JBC-L-ATOM-CORE,settled required mechanism,Serial within CS-JBC-L-ATOM-CORE; parallel with other provider/workstream lanes after JBC-G0-LIVE-BASELINE.,CS-JBC-A05,[proposed] include/CellShard/compiler/atom/;[proposed] src/compiler/atom/;[proposed] tests/jbc/atom/,"The contract/implementation is source-complete, independently validated, profiler-visible, and consumable through fixtures without central-file edits."
CS-JBC-A07,Define the canonical relation-edge identity spine,CellShard,CSATOM,CellShard biological execution atom core,compiler/atom,CS-JBC-L-ATOM-CORE,settled required mechanism,Serial within CS-JBC-L-ATOM-CORE; parallel with other provider/workstream lanes after JBC-G0-LIVE-BASELINE.,CS-JBC-A06,[proposed] include/CellShard/compiler/atom/;[proposed] src/compiler/atom/;[proposed] tests/jbc/atom/,"The contract/implementation is source-complete, independently validated, profiler-visible, and consumable through fixtures without central-file edits."
CS-JBC-A08,Define typed atom ports,CellShard,CSATOM,CellShard biological execution atom core,compiler/atom,CS-JBC-L-ATOM-CORE,settled required mechanism,Serial within CS-JBC-L-ATOM-CORE; parallel with other provider/workstream lanes after JBC-G0-LIVE-BASELINE.,CS-JBC-A07,[proposed] include/CellShard/compiler/atom/;[proposed] src/compiler/atom/;[proposed] tests/jbc/atom/,"The contract/implementation is source-complete, independently validated, profiler-visible, and consumable through fixtures without central-file edits."
CS-JBC-A09,Define the atom-plane directory,CellShard,CSATOM,CellShard biological execution atom core,compiler/atom,CS-JBC-L-ATOM-CORE,settled required mechanism,Serial within CS-JBC-L-ATOM-CORE; parallel with other provider/workstream lanes after JBC-G0-LIVE-BASELINE.,CS-JBC-A08,[proposed] include/CellShard/compiler/atom/;[proposed] src/compiler/atom/;[proposed] tests/jbc/atom/,"The contract/implementation is source-complete, independently validated, profiler-visible, and consumable through fixtures without central-file edits."
CS-JBC-A10,Define the structural plane,CellShard,CSATOM,CellShard biological execution atom core,compiler/atom,CS-JBC-L-ATOM-CORE,settled required mechanism,Serial within CS-JBC-L-ATOM-CORE; parallel with other provider/workstream lanes after JBC-G0-LIVE-BASELINE.,CS-JBC-A09,[proposed] include/CellShard/compiler/atom/;[proposed] src/compiler/atom/;[proposed] tests/jbc/atom/,"The contract/implementation is source-complete, independently validated, profiler-visible, and consumable through fixtures without central-file edits."
CS-JBC-A11,Define the mutable value plane,CellShard,CSATOM,CellShard biological execution atom core,compiler/atom,CS-JBC-L-ATOM-CORE,settled required mechanism,Serial within CS-JBC-L-ATOM-CORE; parallel with other provider/workstream lanes after JBC-G0-LIVE-BASELINE.,CS-JBC-A10,[proposed] include/CellShard/compiler/atom/;[proposed] src/compiler/atom/;[proposed] tests/jbc/atom/,"The contract/implementation is source-complete, independently validated, profiler-visible, and consumable through fixtures without central-file edits."
CS-JBC-A12,Define the mutable state plane,CellShard,CSATOM,CellShard biological execution atom core,compiler/atom,CS-JBC-L-ATOM-CORE,settled required mechanism,Serial within CS-JBC-L-ATOM-CORE; parallel with other provider/workstream lanes after JBC-G0-LIVE-BASELINE.,CS-JBC-A11,[proposed] include/CellShard/compiler/atom/;[proposed] src/compiler/atom/;[proposed] tests/jbc/atom/,"The contract/implementation is source-complete, independently validated, profiler-visible, and consumable through fixtures without central-file edits."
CS-JBC-A13,Define the gradient plane,CellShard,CSATOM,CellShard biological execution atom core,compiler/atom,CS-JBC-L-ATOM-CORE,settled required mechanism,Serial within CS-JBC-L-ATOM-CORE; parallel with other provider/workstream lanes after JBC-G0-LIVE-BASELINE.,CS-JBC-A12,[proposed] include/CellShard/compiler/atom/;[proposed] src/compiler/atom/;[proposed] tests/jbc/atom/,"The contract/implementation is source-complete, independently validated, profiler-visible, and consumable through fixtures without central-file edits."
CS-JBC-A14,Define the partial-result plane,CellShard,CSATOM,CellShard biological execution atom core,compiler/atom,CS-JBC-L-ATOM-CORE,settled required mechanism,Serial within CS-JBC-L-ATOM-CORE; parallel with other provider/workstream lanes after JBC-G0-LIVE-BASELINE.,CS-JBC-A13,[proposed] include/CellShard/compiler/atom/;[proposed] src/compiler/atom/;[proposed] tests/jbc/atom/,"The contract/implementation is source-complete, independently validated, profiler-visible, and consumable through fixtures without central-file edits."
CS-JBC-A15,Define the physical-view plane,CellShard,CSATOM,CellShard biological execution atom core,compiler/atom,CS-JBC-L-ATOM-CORE,settled required mechanism,Serial within CS-JBC-L-ATOM-CORE; parallel with other provider/workstream lanes after JBC-G0-LIVE-BASELINE.,CS-JBC-A14,[proposed] include/CellShard/compiler/atom/;[proposed] src/compiler/atom/;[proposed] tests/jbc/atom/,"The contract/implementation is source-complete, independently validated, profiler-visible, and consumable through fixtures without central-file edits."
CS-JBC-A16,Define the executable-affordance plane,CellShard,CSATOM,CellShard biological execution atom core,compiler/atom,CS-JBC-L-ATOM-CORE,settled required mechanism,Serial within CS-JBC-L-ATOM-CORE; parallel with other provider/workstream lanes after JBC-G0-LIVE-BASELINE.,CS-JBC-A15,[proposed] include/CellShard/compiler/atom/;[proposed] src/compiler/atom/;[proposed] tests/jbc/atom/,"The contract/implementation is source-complete, independently validated, profiler-visible, and consumable through fixtures without central-file edits."
CS-JBC-A17,Define the evidence plane,CellShard,CSATOM,CellShard biological execution atom core,compiler/atom,CS-JBC-L-ATOM-CORE,settled required mechanism,Serial within CS-JBC-L-ATOM-CORE; parallel with other provider/workstream lanes after JBC-G0-LIVE-BASELINE.,CS-JBC-A16,[proposed] include/CellShard/compiler/atom/;[proposed] src/compiler/atom/;[proposed] tests/jbc/atom/,"The contract/implementation is source-complete, independently validated, profiler-visible, and consumable through fixtures without central-file edits."
CS-JBC-A18,Define the dependency and invalidation plane,CellShard,CSATOM,CellShard biological execution atom core,compiler/atom,CS-JBC-L-ATOM-CORE,settled required mechanism,Serial within CS-JBC-L-ATOM-CORE; parallel with other provider/workstream lanes after JBC-G0-LIVE-BASELINE.,CS-JBC-A17,[proposed] include/CellShard/compiler/atom/;[proposed] src/compiler/atom/;[proposed] tests/jbc/atom/,"The contract/implementation is source-complete, independently validated, profiler-visible, and consumable through fixtures without central-file edits."
CS-JBC-A19,"Define proposal, replica, halo, and contribution-overlap roles",CellShard,CSATOM,CellShard biological execution atom core,compiler/atom,CS-JBC-L-ATOM-CORE,settled required mechanism,Serial within CS-JBC-L-ATOM-CORE; parallel with other provider/workstream lanes after JBC-G0-LIVE-BASELINE.,CS-JBC-A18,[proposed] include/CellShard/compiler/atom/;[proposed] src/compiler/atom/;[proposed] tests/jbc/atom/,"The contract/implementation is source-complete, independently validated, profiler-visible, and consumable through fixtures without central-file edits."
CS-JBC-A20,"Assemble the common atom envelope, builder, and nonowning view",CellShard,CSATOM,CellShard biological execution atom core,compiler/atom,CS-JBC-L-ATOM-CORE,settled required mechanism,Serial within CS-JBC-L-ATOM-CORE; parallel with other provider/workstream lanes after JBC-G0-LIVE-BASELINE.,CS-JBC-A19,[proposed] include/CellShard/compiler/atom/;[proposed] src/compiler/atom/;[proposed] tests/jbc/atom/,"The contract/implementation is source-complete, independently validated, profiler-visible, and consumable through fixtures without central-file edits."
CS-JBC-E01,Define the evidence-kind taxonomy,CellShard,CSEVID,CellShard atom evidence atlas,compiler/evidence,CS-JBC-L-EVIDENCE-CORE,settled required mechanism,Serial within CS-JBC-L-EVIDENCE-CORE; parallel with other provider/workstream lanes after JBC-G1-ATOM-THIN-WAIST.,CS-JBC-A20,[proposed] include/CellShard/compiler/evidence/;[proposed] src/compiler/evidence/;[proposed] include/CellShard/interop/cellerator/evidence_adapter_v1.hh;[proposed] tests/jbc/evidence/,"The contract/implementation is source-complete, independently validated, profiler-visible, and consumable through fixtures without central-file edits."
CS-JBC-E02,Define atom-evidence record ABI v1,CellShard,CSEVID,CellShard atom evidence atlas,compiler/evidence,CS-JBC-L-EVIDENCE-CORE,settled required mechanism,Serial within CS-JBC-L-EVIDENCE-CORE; parallel with other provider/workstream lanes after JBC-G1-ATOM-THIN-WAIST.,CS-JBC-E01,[proposed] include/CellShard/compiler/evidence/;[proposed] src/compiler/evidence/;[proposed] include/CellShard/interop/cellerator/evidence_adapter_v1.hh;[proposed] tests/jbc/evidence/,"The contract/implementation is source-complete, independently validated, profiler-visible, and consumable through fixtures without central-file edits."
CS-JBC-E03,Define algorithm-provenance records,CellShard,CSEVID,CellShard atom evidence atlas,compiler/evidence,CS-JBC-L-EVIDENCE-CORE,settled required mechanism,Serial within CS-JBC-L-EVIDENCE-CORE; parallel with other provider/workstream lanes after JBC-G1-ATOM-THIN-WAIST.,CS-JBC-E02,[proposed] include/CellShard/compiler/evidence/;[proposed] src/compiler/evidence/;[proposed] include/CellShard/interop/cellerator/evidence_adapter_v1.hh;[proposed] tests/jbc/evidence/,"The contract/implementation is source-complete, independently validated, profiler-visible, and consumable through fixtures without central-file edits."
CS-JBC-E04,Define biological-stratum references,CellShard,CSEVID,CellShard atom evidence atlas,compiler/evidence,CS-JBC-L-EVIDENCE-CORE,settled required mechanism,Serial within CS-JBC-L-EVIDENCE-CORE; parallel with other provider/workstream lanes after JBC-G1-ATOM-THIN-WAIST.,CS-JBC-E03,[proposed] include/CellShard/compiler/evidence/;[proposed] src/compiler/evidence/;[proposed] include/CellShard/interop/cellerator/evidence_adapter_v1.hh;[proposed] tests/jbc/evidence/,"The contract/implementation is source-complete, independently validated, profiler-visible, and consumable through fixtures without central-file edits."
CS-JBC-E05,Define confidence and stability records,CellShard,CSEVID,CellShard atom evidence atlas,compiler/evidence,CS-JBC-L-EVIDENCE-CORE,settled required mechanism,Serial within CS-JBC-L-EVIDENCE-CORE; parallel with other provider/workstream lanes after JBC-G1-ATOM-THIN-WAIST.,CS-JBC-E04,[proposed] include/CellShard/compiler/evidence/;[proposed] src/compiler/evidence/;[proposed] include/CellShard/interop/cellerator/evidence_adapter_v1.hh;[proposed] tests/jbc/evidence/,"The contract/implementation is source-complete, independently validated, profiler-visible, and consumable through fixtures without central-file edits."
CS-JBC-E06,Define approximate-membership storage,CellShard,CSEVID,CellShard atom evidence atlas,compiler/evidence,CS-JBC-L-EVIDENCE-CORE,settled required mechanism,Serial within CS-JBC-L-EVIDENCE-CORE; parallel with other provider/workstream lanes after JBC-G1-ATOM-THIN-WAIST.,CS-JBC-E05,[proposed] include/CellShard/compiler/evidence/;[proposed] src/compiler/evidence/;[proposed] include/CellShard/interop/cellerator/evidence_adapter_v1.hh;[proposed] tests/jbc/evidence/,"The contract/implementation is source-complete, independently validated, profiler-visible, and consumable through fixtures without central-file edits."
CS-JBC-E07,Define negative evidence records,CellShard,CSEVID,CellShard atom evidence atlas,compiler/evidence,CS-JBC-L-EVIDENCE-CORE,settled required mechanism,Serial within CS-JBC-L-EVIDENCE-CORE; parallel with other provider/workstream lanes after JBC-G1-ATOM-THIN-WAIST.,CS-JBC-E06,[proposed] include/CellShard/compiler/evidence/;[proposed] src/compiler/evidence/;[proposed] include/CellShard/interop/cellerator/evidence_adapter_v1.hh;[proposed] tests/jbc/evidence/,"The contract/implementation is source-complete, independently validated, profiler-visible, and consumable through fixtures without central-file edits."
CS-JBC-E08,Define cross-operation evidence,CellShard,CSEVID,CellShard atom evidence atlas,compiler/evidence,CS-JBC-L-EVIDENCE-CORE,settled required mechanism,Serial within CS-JBC-L-EVIDENCE-CORE; parallel with other provider/workstream lanes after JBC-G1-ATOM-THIN-WAIST.,CS-JBC-E07,[proposed] include/CellShard/compiler/evidence/;[proposed] src/compiler/evidence/;[proposed] include/CellShard/interop/cellerator/evidence_adapter_v1.hh;[proposed] tests/jbc/evidence/,"The contract/implementation is source-complete, independently validated, profiler-visible, and consumable through fixtures without central-file edits."
CS-JBC-E09,Define cross-workload and graph-family evidence,CellShard,CSEVID,CellShard atom evidence atlas,compiler/evidence,CS-JBC-L-EVIDENCE-CORE,settled required mechanism,Serial within CS-JBC-L-EVIDENCE-CORE; parallel with other provider/workstream lanes after JBC-G1-ATOM-THIN-WAIST.,CS-JBC-E08,[proposed] include/CellShard/compiler/evidence/;[proposed] src/compiler/evidence/;[proposed] include/CellShard/interop/cellerator/evidence_adapter_v1.hh;[proposed] tests/jbc/evidence/,"The contract/implementation is source-complete, independently validated, profiler-visible, and consumable through fixtures without central-file edits."
CS-JBC-E10,Define cross-dataset template evidence,CellShard,CSEVID,CellShard atom evidence atlas,compiler/evidence,CS-JBC-L-EVIDENCE-CORE,settled required mechanism,Serial within CS-JBC-L-EVIDENCE-CORE; parallel with other provider/workstream lanes after JBC-G1-ATOM-THIN-WAIST.,CS-JBC-E09,[proposed] include/CellShard/compiler/evidence/;[proposed] src/compiler/evidence/;[proposed] include/CellShard/interop/cellerator/evidence_adapter_v1.hh;[proposed] tests/jbc/evidence/,"The contract/implementation is source-complete, independently validated, profiler-visible, and consumable through fixtures without central-file edits."
CS-JBC-E11,Implement evidence-atlas builder requirements and fill,CellShard,CSEVID,CellShard atom evidence atlas,compiler/evidence,CS-JBC-L-EVIDENCE-CORE,settled required mechanism,Serial within CS-JBC-L-EVIDENCE-CORE; parallel with other provider/workstream lanes after JBC-G1-ATOM-THIN-WAIST.,CS-JBC-E10,[proposed] include/CellShard/compiler/evidence/;[proposed] src/compiler/evidence/;[proposed] include/CellShard/interop/cellerator/evidence_adapter_v1.hh;[proposed] tests/jbc/evidence/,"The contract/implementation is source-complete, independently validated, profiler-visible, and consumable through fixtures without central-file edits."
CS-JBC-E12,Implement evidence-atlas merge,CellShard,CSEVID,CellShard atom evidence atlas,compiler/evidence,CS-JBC-L-EVIDENCE-CORE,settled required mechanism,Serial within CS-JBC-L-EVIDENCE-CORE; parallel with other provider/workstream lanes after JBC-G1-ATOM-THIN-WAIST.,CS-JBC-E11,[proposed] include/CellShard/compiler/evidence/;[proposed] src/compiler/evidence/;[proposed] include/CellShard/interop/cellerator/evidence_adapter_v1.hh;[proposed] tests/jbc/evidence/,"The contract/implementation is source-complete, independently validated, profiler-visible, and consumable through fixtures without central-file edits."
CS-JBC-E13,Implement evidence filtering and query,CellShard,CSEVID,CellShard atom evidence atlas,compiler/evidence,CS-JBC-L-EVIDENCE-CORE,settled required mechanism,Serial within CS-JBC-L-EVIDENCE-CORE; parallel with other provider/workstream lanes after JBC-G1-ATOM-THIN-WAIST.,CS-JBC-E12,[proposed] include/CellShard/compiler/evidence/;[proposed] src/compiler/evidence/;[proposed] include/CellShard/interop/cellerator/evidence_adapter_v1.hh;[proposed] tests/jbc/evidence/,"The contract/implementation is source-complete, independently validated, profiler-visible, and consumable through fixtures without central-file edits."
CS-JBC-E14,Persist and reload the evidence atlas,CellShard,CSEVID,CellShard atom evidence atlas,compiler/evidence,CS-JBC-L-EVIDENCE-CORE,settled required mechanism,Serial within CS-JBC-L-EVIDENCE-CORE; parallel with other provider/workstream lanes after JBC-G1-ATOM-THIN-WAIST.,CS-JBC-E13,[proposed] include/CellShard/compiler/evidence/;[proposed] src/compiler/evidence/;[proposed] include/CellShard/interop/cellerator/evidence_adapter_v1.hh;[proposed] tests/jbc/evidence/,"The contract/implementation is source-complete, independently validated, profiler-visible, and consumable through fixtures without central-file edits."
CS-JBC-E15,Adapt Cellerator support_atlas_v1 into atom evidence,CellShard,CSEVID,CellShard atom evidence atlas,compiler/evidence,CS-JBC-L-EVIDENCE-CORE,settled required mechanism,Serial within CS-JBC-L-EVIDENCE-CORE; parallel with other provider/workstream lanes after JBC-G1-ATOM-THIN-WAIST.,CS-JBC-E14,[proposed] include/CellShard/compiler/evidence/;[proposed] src/compiler/evidence/;[proposed] include/CellShard/interop/cellerator/evidence_adapter_v1.hh;[proposed] tests/jbc/evidence/,"The contract/implementation is source-complete, independently validated, profiler-visible, and consumable through fixtures without central-file edits."
CS-JBC-E16,Validate the atlas and emit mechanism statistics,CellShard,CSEVID,CellShard atom evidence atlas,compiler/evidence,CS-JBC-L-EVIDENCE-CORE,validation/evidence,Serial within CS-JBC-L-EVIDENCE-CORE; parallel with other provider/workstream lanes after JBC-G1-ATOM-THIN-WAIST.,CS-JBC-E15,[proposed] include/CellShard/compiler/evidence/;[proposed] src/compiler/evidence/;[proposed] include/CellShard/interop/cellerator/evidence_adapter_v1.hh;[proposed] tests/jbc/evidence/,"The contract/implementation is source-complete, independently validated, profiler-visible, and consumable through fixtures without central-file edits."
CS-JBC-C01,Define atom-certification request and result,CellShard,CSCERT,Independent exact atom certification,compiler/certification,CS-JBC-L-CERTIFICATION,validation/evidence,Serial within CS-JBC-L-CERTIFICATION; parallel with other provider/workstream lanes after JBC-G1-ATOM-THIN-WAIST.,CS-JBC-A20;receipt:CE-JBC-I06,[proposed] include/CellShard/compiler/certification/;[proposed] src/compiler/certification/;[proposed] tests/jbc/certification/,"The contract/implementation is source-complete, independently validated, profiler-visible, and consumable through fixtures without central-file edits."
CS-JBC-C02,Validate canonical domain identities,CellShard,CSCERT,Independent exact atom certification,compiler/certification,CS-JBC-L-CERTIFICATION,validation/evidence,Serial within CS-JBC-L-CERTIFICATION; parallel with other provider/workstream lanes after JBC-G1-ATOM-THIN-WAIST.,CS-JBC-C01,[proposed] include/CellShard/compiler/certification/;[proposed] src/compiler/certification/;[proposed] tests/jbc/certification/,"The contract/implementation is source-complete, independently validated, profiler-visible, and consumable through fixtures without central-file edits."
CS-JBC-C03,Validate exact entity coverage,CellShard,CSCERT,Independent exact atom certification,compiler/certification,CS-JBC-L-CERTIFICATION,validation/evidence,Serial within CS-JBC-L-CERTIFICATION; parallel with other provider/workstream lanes after JBC-G1-ATOM-THIN-WAIST.,CS-JBC-C02,[proposed] include/CellShard/compiler/certification/;[proposed] src/compiler/certification/;[proposed] tests/jbc/certification/,"The contract/implementation is source-complete, independently validated, profiler-visible, and consumable through fixtures without central-file edits."
CS-JBC-C04,Validate exact relation-edge coverage,CellShard,CSCERT,Independent exact atom certification,compiler/certification,CS-JBC-L-CERTIFICATION,validation/evidence,Serial within CS-JBC-L-CERTIFICATION; parallel with other provider/workstream lanes after JBC-G1-ATOM-THIN-WAIST.,CS-JBC-C03,[proposed] include/CellShard/compiler/certification/;[proposed] src/compiler/certification/;[proposed] tests/jbc/certification/,"The contract/implementation is source-complete, independently validated, profiler-visible, and consumable through fixtures without central-file edits."
CS-JBC-C05,Detect duplicate members and edges scalably,CellShard,CSCERT,Independent exact atom certification,compiler/certification,CS-JBC-L-CERTIFICATION,settled required mechanism,Serial within CS-JBC-L-CERTIFICATION; parallel with other provider/workstream lanes after JBC-G1-ATOM-THIN-WAIST.,CS-JBC-C04,[proposed] include/CellShard/compiler/certification/;[proposed] src/compiler/certification/;[proposed] tests/jbc/certification/,"The contract/implementation is source-complete, independently validated, profiler-visible, and consumable through fixtures without central-file edits."
CS-JBC-C06,Build canonical-to-local and local-to-canonical maps,CellShard,CSCERT,Independent exact atom certification,compiler/certification,CS-JBC-L-CERTIFICATION,settled required mechanism,Serial within CS-JBC-L-CERTIFICATION; parallel with other provider/workstream lanes after JBC-G1-ATOM-THIN-WAIST.,CS-JBC-C05,[proposed] include/CellShard/compiler/certification/;[proposed] src/compiler/certification/;[proposed] tests/jbc/certification/,"The contract/implementation is source-complete, independently validated, profiler-visible, and consumable through fixtures without central-file edits."
CS-JBC-C07,Validate read-only halos,CellShard,CSCERT,Independent exact atom certification,compiler/certification,CS-JBC-L-CERTIFICATION,validation/evidence,Serial within CS-JBC-L-CERTIFICATION; parallel with other provider/workstream lanes after JBC-G1-ATOM-THIN-WAIST.,CS-JBC-C06,[proposed] include/CellShard/compiler/certification/;[proposed] src/compiler/certification/;[proposed] tests/jbc/certification/,"The contract/implementation is source-complete, independently validated, profiler-visible, and consumable through fixtures without central-file edits."
CS-JBC-C08,Validate physical replicas,CellShard,CSCERT,Independent exact atom certification,compiler/certification,CS-JBC-L-CERTIFICATION,validation/evidence,Serial within CS-JBC-L-CERTIFICATION; parallel with other provider/workstream lanes after JBC-G1-ATOM-THIN-WAIST.,CS-JBC-C07,[proposed] include/CellShard/compiler/certification/;[proposed] src/compiler/certification/;[proposed] tests/jbc/certification/,"The contract/implementation is source-complete, independently validated, profiler-visible, and consumable through fixtures without central-file edits."
CS-JBC-C09,Assign exact contribution owners,CellShard,CSCERT,Independent exact atom certification,compiler/certification,CS-JBC-L-CERTIFICATION,settled required mechanism,Serial within CS-JBC-L-CERTIFICATION; parallel with other provider/workstream lanes after JBC-G1-ATOM-THIN-WAIST.,CS-JBC-C08,[proposed] include/CellShard/compiler/certification/;[proposed] src/compiler/certification/;[proposed] tests/jbc/certification/,"The contract/implementation is source-complete, independently validated, profiler-visible, and consumable through fixtures without central-file edits."
CS-JBC-C10,Construct exact residual coverage,CellShard,CSCERT,Independent exact atom certification,compiler/certification,CS-JBC-L-CERTIFICATION,settled required mechanism,Serial within CS-JBC-L-CERTIFICATION; parallel with other provider/workstream lanes after JBC-G1-ATOM-THIN-WAIST.,CS-JBC-C09,[proposed] include/CellShard/compiler/certification/;[proposed] src/compiler/certification/;[proposed] tests/jbc/certification/,"The contract/implementation is source-complete, independently validated, profiler-visible, and consumable through fixtures without central-file edits."
CS-JBC-C11,Validate multimodal identity mappings,CellShard,CSCERT,Independent exact atom certification,compiler/certification,CS-JBC-L-CERTIFICATION,validation/evidence,Serial within CS-JBC-L-CERTIFICATION; parallel with other provider/workstream lanes after JBC-G1-ATOM-THIN-WAIST.,CS-JBC-C10,[proposed] include/CellShard/compiler/certification/;[proposed] src/compiler/certification/;[proposed] tests/jbc/certification/,"The contract/implementation is source-complete, independently validated, profiler-visible, and consumable through fixtures without central-file edits."
CS-JBC-C12,Validate trajectory and lineage mappings,CellShard,CSCERT,Independent exact atom certification,compiler/certification,CS-JBC-L-CERTIFICATION,validation/evidence,Serial within CS-JBC-L-CERTIFICATION; parallel with other provider/workstream lanes after JBC-G1-ATOM-THIN-WAIST.,CS-JBC-C11,[proposed] include/CellShard/compiler/certification/;[proposed] src/compiler/certification/;[proposed] tests/jbc/certification/,"The contract/implementation is source-complete, independently validated, profiler-visible, and consumable through fixtures without central-file edits."
CS-JBC-C13,Validate partial-result algebra compatibility,CellShard,CSCERT,Independent exact atom certification,compiler/certification,CS-JBC-L-CERTIFICATION,validation/evidence,Serial within CS-JBC-L-CERTIFICATION; parallel with other provider/workstream lanes after JBC-G1-ATOM-THIN-WAIST.,CS-JBC-C12,[proposed] include/CellShard/compiler/certification/;[proposed] src/compiler/certification/;[proposed] tests/jbc/certification/,"The contract/implementation is source-complete, independently validated, profiler-visible, and consumable through fixtures without central-file edits."
CS-JBC-C14,Validate generations and dependency closure,CellShard,CSCERT,Independent exact atom certification,compiler/certification,CS-JBC-L-CERTIFICATION,validation/evidence,Serial within CS-JBC-L-CERTIFICATION; parallel with other provider/workstream lanes after JBC-G1-ATOM-THIN-WAIST.,CS-JBC-C13,[proposed] include/CellShard/compiler/certification/;[proposed] src/compiler/certification/;[proposed] tests/jbc/certification/,"The contract/implementation is source-complete, independently validated, profiler-visible, and consumable through fixtures without central-file edits."
CS-JBC-C15,Emit the exact atom certificate,CellShard,CSCERT,Independent exact atom certification,compiler/certification,CS-JBC-L-CERTIFICATION,validation/evidence,Serial within CS-JBC-L-CERTIFICATION; parallel with other provider/workstream lanes after JBC-G1-ATOM-THIN-WAIST.,CS-JBC-C14,[proposed] include/CellShard/compiler/certification/;[proposed] src/compiler/certification/;[proposed] tests/jbc/certification/,"The contract/implementation is source-complete, independently validated, profiler-visible, and consumable through fixtures without central-file edits."
CS-JBC-C16,"Build the independent streaming verifier, corruption corpus, and small oracle",CellShard,CSCERT,Independent exact atom certification,compiler/certification,CS-JBC-L-CERTIFICATION,validation/evidence,Serial within CS-JBC-L-CERTIFICATION; parallel with other provider/workstream lanes after JBC-G1-ATOM-THIN-WAIST.,CS-JBC-C15,[proposed] include/CellShard/compiler/certification/;[proposed] src/compiler/certification/;[proposed] tests/jbc/certification/,"The contract/implementation is source-complete, independently validated, profiler-visible, and consumable through fixtures without central-file edits."
CS-JBC-SS01,Implement canonical exact destination support signatures,CellShard,CSSS,Support-signature atom discovery,compiler/discovery/support_signature,CS-JBC-L-DISC-SIGNATURE,settled required mechanism,Serial within CS-JBC-L-DISC-SIGNATURE; parallel with other provider/workstream lanes after JBC-G2-EVIDENCE-CERTIFICATION.,CS-JBC-E16;CS-JBC-C01,[proposed] include/CellShard/compiler/discovery/support_signature/;[proposed] src/compiler/discovery/support_signature/;[proposed] tests/jbc/discovery/support_signature/,"The contract/implementation is source-complete, independently validated, profiler-visible, and consumable through fixtures without central-file edits."
CS-JBC-SS02,Implement stable deterministic support hashing,CellShard,CSSS,Support-signature atom discovery,compiler/discovery/support_signature,CS-JBC-L-DISC-SIGNATURE,settled required mechanism,Serial within CS-JBC-L-DISC-SIGNATURE; parallel with other provider/workstream lanes after JBC-G2-EVIDENCE-CERTIFICATION.,CS-JBC-SS01,[proposed] include/CellShard/compiler/discovery/support_signature/;[proposed] src/compiler/discovery/support_signature/;[proposed] tests/jbc/discovery/support_signature/,"The contract/implementation is source-complete, independently validated, profiler-visible, and consumable through fixtures without central-file edits."
CS-JBC-SS03,Implement deterministic MinHash sketches,CellShard,CSSS,Support-signature atom discovery,compiler/discovery/support_signature,CS-JBC-L-DISC-SIGNATURE,settled required mechanism,Serial within CS-JBC-L-DISC-SIGNATURE; parallel with other provider/workstream lanes after JBC-G2-EVIDENCE-CERTIFICATION.,CS-JBC-SS02,[proposed] include/CellShard/compiler/discovery/support_signature/;[proposed] src/compiler/discovery/support_signature/;[proposed] tests/jbc/discovery/support_signature/,"The contract/implementation is source-complete, independently validated, profiler-visible, and consumable through fixtures without central-file edits."
CS-JBC-SS04,Implement a bounded deterministic LSH index,CellShard,CSSS,Support-signature atom discovery,compiler/discovery/support_signature,CS-JBC-L-DISC-SIGNATURE,settled required mechanism,Serial within CS-JBC-L-DISC-SIGNATURE; parallel with other provider/workstream lanes after JBC-G2-EVIDENCE-CERTIFICATION.,CS-JBC-SS03,[proposed] include/CellShard/compiler/discovery/support_signature/;[proposed] src/compiler/discovery/support_signature/;[proposed] tests/jbc/discovery/support_signature/,"The contract/implementation is source-complete, independently validated, profiler-visible, and consumable through fixtures without central-file edits."
CS-JBC-SS05,Implement candidate-pair deduplication and fan-out caps,CellShard,CSSS,Support-signature atom discovery,compiler/discovery/support_signature,CS-JBC-L-DISC-SIGNATURE,settled required mechanism,Serial within CS-JBC-L-DISC-SIGNATURE; parallel with other provider/workstream lanes after JBC-G2-EVIDENCE-CERTIFICATION.,CS-JBC-SS04,[proposed] include/CellShard/compiler/discovery/support_signature/;[proposed] src/compiler/discovery/support_signature/;[proposed] tests/jbc/discovery/support_signature/,"The contract/implementation is source-complete, independently validated, profiler-visible, and consumable through fixtures without central-file edits."
CS-JBC-SS06,"Implement exact Jaccard, containment, and shared-support rescan",CellShard,CSSS,Support-signature atom discovery,compiler/discovery/support_signature,CS-JBC-L-DISC-SIGNATURE,settled required mechanism,Serial within CS-JBC-L-DISC-SIGNATURE; parallel with other provider/workstream lanes after JBC-G2-EVIDENCE-CERTIFICATION.,CS-JBC-SS05,[proposed] include/CellShard/compiler/discovery/support_signature/;[proposed] src/compiler/discovery/support_signature/;[proposed] tests/jbc/discovery/support_signature/,"The contract/implementation is source-complete, independently validated, profiler-visible, and consumable through fixtures without central-file edits."
CS-JBC-SS07,Generate destination support-neighborhood atom proposals,CellShard,CSSS,Support-signature atom discovery,compiler/discovery/support_signature,CS-JBC-L-DISC-SIGNATURE,settled required mechanism,Serial within CS-JBC-L-DISC-SIGNATURE; parallel with other provider/workstream lanes after JBC-G2-EVIDENCE-CERTIFICATION.,CS-JBC-SS06,[proposed] include/CellShard/compiler/discovery/support_signature/;[proposed] src/compiler/discovery/support_signature/;[proposed] tests/jbc/discovery/support_signature/,"The contract/implementation is source-complete, independently validated, profiler-visible, and consumable through fixtures without central-file edits."
CS-JBC-SS08,Perform exact full-relation rescan and residual calculation,CellShard,CSSS,Support-signature atom discovery,compiler/discovery/support_signature,CS-JBC-L-DISC-SIGNATURE,settled required mechanism,Serial within CS-JBC-L-DISC-SIGNATURE; parallel with other provider/workstream lanes after JBC-G2-EVIDENCE-CERTIFICATION.,CS-JBC-SS07,[proposed] include/CellShard/compiler/discovery/support_signature/;[proposed] src/compiler/discovery/support_signature/;[proposed] tests/jbc/discovery/support_signature/,"The contract/implementation is source-complete, independently validated, profiler-visible, and consumable through fixtures without central-file edits."
CS-JBC-SS09,Persist support sketches and negative candidate evidence,CellShard,CSSS,Support-signature atom discovery,compiler/discovery/support_signature,CS-JBC-L-DISC-SIGNATURE,settled required mechanism,Serial within CS-JBC-L-DISC-SIGNATURE; parallel with other provider/workstream lanes after JBC-G2-EVIDENCE-CERTIFICATION.,CS-JBC-SS08,[proposed] include/CellShard/compiler/discovery/support_signature/;[proposed] src/compiler/discovery/support_signature/;[proposed] tests/jbc/discovery/support_signature/,"The contract/implementation is source-complete, independently validated, profiler-visible, and consumable through fixtures without central-file edits."
CS-JBC-SS10,"Add planted-support, random-null, high-degree, and complexity gates",CellShard,CSSS,Support-signature atom discovery,compiler/discovery/support_signature,CS-JBC-L-DISC-SIGNATURE,validation/evidence,Serial within CS-JBC-L-DISC-SIGNATURE; parallel with other provider/workstream lanes after JBC-G2-EVIDENCE-CERTIFICATION.,CS-JBC-SS09,[proposed] include/CellShard/compiler/discovery/support_signature/;[proposed] src/compiler/discovery/support_signature/;[proposed] tests/jbc/discovery/support_signature/,"The contract/implementation is source-complete, independently validated, profiler-visible, and consumable through fixtures without central-file edits."
CS-JBC-CO01,Compute exact source prevalence and destination degree,CellShard,CSCO,Co-support and affinity atom discovery,compiler/discovery/co_support,CS-JBC-L-DISC-COSUPPORT,settled required mechanism,Serial within CS-JBC-L-DISC-COSUPPORT; parallel with other provider/workstream lanes after JBC-G2-EVIDENCE-CERTIFICATION.,CS-JBC-E16;CS-JBC-C01,[proposed] include/CellShard/compiler/discovery/co_support/;[proposed] src/compiler/discovery/co_support/;[proposed] tests/jbc/discovery/co_support/,"The contract/implementation is source-complete, independently validated, profiler-visible, and consumable through fixtures without central-file edits."
CS-JBC-CO02,Implement bounded pair sampling for high-degree destinations,CellShard,CSCO,Co-support and affinity atom discovery,compiler/discovery/co_support,CS-JBC-L-DISC-COSUPPORT,settled required mechanism,Serial within CS-JBC-L-DISC-COSUPPORT; parallel with other provider/workstream lanes after JBC-G2-EVIDENCE-CERTIFICATION.,CS-JBC-CO01,[proposed] include/CellShard/compiler/discovery/co_support/;[proposed] src/compiler/discovery/co_support/;[proposed] tests/jbc/discovery/co_support/,"The contract/implementation is source-complete, independently validated, profiler-visible, and consumable through fixtures without central-file edits."
CS-JBC-CO03,Aggregate raw co-support counts,CellShard,CSCO,Co-support and affinity atom discovery,compiler/discovery/co_support,CS-JBC-L-DISC-COSUPPORT,validation/evidence,Serial within CS-JBC-L-DISC-COSUPPORT; parallel with other provider/workstream lanes after JBC-G2-EVIDENCE-CERTIFICATION.,CS-JBC-CO02,[proposed] include/CellShard/compiler/discovery/co_support/;[proposed] src/compiler/discovery/co_support/;[proposed] tests/jbc/discovery/co_support/,"The contract/implementation is source-complete, independently validated, profiler-visible, and consumable through fixtures without central-file edits."
CS-JBC-CO04,Aggregate weighted co-support,CellShard,CSCO,Co-support and affinity atom discovery,compiler/discovery/co_support,CS-JBC-L-DISC-COSUPPORT,validation/evidence,Serial within CS-JBC-L-DISC-COSUPPORT; parallel with other provider/workstream lanes after JBC-G2-EVIDENCE-CERTIFICATION.,CS-JBC-CO03,[proposed] include/CellShard/compiler/discovery/co_support/;[proposed] src/compiler/discovery/co_support/;[proposed] tests/jbc/discovery/co_support/,"The contract/implementation is source-complete, independently validated, profiler-visible, and consumable through fixtures without central-file edits."
CS-JBC-CO05,Compute normalized association statistics,CellShard,CSCO,Co-support and affinity atom discovery,compiler/discovery/co_support,CS-JBC-L-DISC-COSUPPORT,settled required mechanism,Serial within CS-JBC-L-DISC-COSUPPORT; parallel with other provider/workstream lanes after JBC-G2-EVIDENCE-CERTIFICATION.,CS-JBC-CO04,[proposed] include/CellShard/compiler/discovery/co_support/;[proposed] src/compiler/discovery/co_support/;[proposed] tests/jbc/discovery/co_support/,"The contract/implementation is source-complete, independently validated, profiler-visible, and consumable through fixtures without central-file edits."
CS-JBC-CO06,Build the sparse top-L affinity graph,CellShard,CSCO,Co-support and affinity atom discovery,compiler/discovery/co_support,CS-JBC-L-DISC-COSUPPORT,settled required mechanism,Serial within CS-JBC-L-DISC-COSUPPORT; parallel with other provider/workstream lanes after JBC-G2-EVIDENCE-CERTIFICATION.,CS-JBC-CO05,[proposed] include/CellShard/compiler/discovery/co_support/;[proposed] src/compiler/discovery/co_support/;[proposed] tests/jbc/discovery/co_support/,"The contract/implementation is source-complete, independently validated, profiler-visible, and consumable through fixtures without central-file edits."
CS-JBC-CO07,Accumulate biological-stratum-specific affinity,CellShard,CSCO,Co-support and affinity atom discovery,compiler/discovery/co_support,CS-JBC-L-DISC-COSUPPORT,settled required mechanism,Serial within CS-JBC-L-DISC-COSUPPORT; parallel with other provider/workstream lanes after JBC-G2-EVIDENCE-CERTIFICATION.,CS-JBC-CO06,[proposed] include/CellShard/compiler/discovery/co_support/;[proposed] src/compiler/discovery/co_support/;[proposed] tests/jbc/discovery/co_support/,"The contract/implementation is source-complete, independently validated, profiler-visible, and consumable through fixtures without central-file edits."
CS-JBC-CO08,Compute resampling and stratum stability,CellShard,CSCO,Co-support and affinity atom discovery,compiler/discovery/co_support,CS-JBC-L-DISC-COSUPPORT,settled required mechanism,Serial within CS-JBC-L-DISC-COSUPPORT; parallel with other provider/workstream lanes after JBC-G2-EVIDENCE-CERTIFICATION.,CS-JBC-CO07,[proposed] include/CellShard/compiler/discovery/co_support/;[proposed] src/compiler/discovery/co_support/;[proposed] tests/jbc/discovery/co_support/,"The contract/implementation is source-complete, independently validated, profiler-visible, and consumable through fixtures without central-file edits."
CS-JBC-CO09,Exact-rescan source and destination group proposals,CellShard,CSCO,Co-support and affinity atom discovery,compiler/discovery/co_support,CS-JBC-L-DISC-COSUPPORT,settled required mechanism,Serial within CS-JBC-L-DISC-COSUPPORT; parallel with other provider/workstream lanes after JBC-G2-EVIDENCE-CERTIFICATION.,CS-JBC-CO08,[proposed] include/CellShard/compiler/discovery/co_support/;[proposed] src/compiler/discovery/co_support/;[proposed] tests/jbc/discovery/co_support/,"The contract/implementation is source-complete, independently validated, profiler-visible, and consumable through fixtures without central-file edits."
CS-JBC-CO10,Persist affinity evidence and add exact-oracle/null benchmarks,CellShard,CSCO,Co-support and affinity atom discovery,compiler/discovery/co_support,CS-JBC-L-DISC-COSUPPORT,validation/evidence,Serial within CS-JBC-L-DISC-COSUPPORT; parallel with other provider/workstream lanes after JBC-G2-EVIDENCE-CERTIFICATION.,CS-JBC-CO09,[proposed] include/CellShard/compiler/discovery/co_support/;[proposed] src/compiler/discovery/co_support/;[proposed] tests/jbc/discovery/co_support/,"The contract/implementation is source-complete, independently validated, profiler-visible, and consumable through fixtures without central-file edits."
CS-JBC-BC01,Define the biclustering proposal-provider interface,CellShard,CSBC,Biclustering and co-clustering atom discovery,compiler/discovery/bicluster,CS-JBC-L-DISC-BICLUSTER,settled required mechanism,Serial within CS-JBC-L-DISC-BICLUSTER; parallel with other provider/workstream lanes after JBC-G2-EVIDENCE-CERTIFICATION.,CS-JBC-E16;CS-JBC-C01,[proposed] include/CellShard/compiler/discovery/bicluster/;[proposed] src/compiler/discovery/bicluster/;[proposed] tests/jbc/discovery/bicluster/;[proposed] bench/jbc/bicluster/,"The contract/implementation is source-complete, independently validated, profiler-visible, and consumable through fixtures without central-file edits."
CS-JBC-BC02,Generate deterministic bicluster seed rectangles,CellShard,CSBC,Biclustering and co-clustering atom discovery,compiler/discovery/bicluster,CS-JBC-L-DISC-BICLUSTER,settled required mechanism,Serial within CS-JBC-L-DISC-BICLUSTER; parallel with other provider/workstream lanes after JBC-G2-EVIDENCE-CERTIFICATION.,CS-JBC-BC01,[proposed] include/CellShard/compiler/discovery/bicluster/;[proposed] src/compiler/discovery/bicluster/;[proposed] tests/jbc/discovery/bicluster/;[proposed] bench/jbc/bicluster/,"The contract/implementation is source-complete, independently validated, profiler-visible, and consumable through fixtures without central-file edits."
CS-JBC-BC03,Implement alternating source and destination expansion,CellShard,CSBC,Biclustering and co-clustering atom discovery,compiler/discovery/bicluster,CS-JBC-L-DISC-BICLUSTER,settled required mechanism,Serial within CS-JBC-L-DISC-BICLUSTER; parallel with other provider/workstream lanes after JBC-G2-EVIDENCE-CERTIFICATION.,CS-JBC-BC02,[proposed] include/CellShard/compiler/discovery/bicluster/;[proposed] src/compiler/discovery/bicluster/;[proposed] tests/jbc/discovery/bicluster/;[proposed] bench/jbc/bicluster/,"The contract/implementation is source-complete, independently validated, profiler-visible, and consumable through fixtures without central-file edits."
CS-JBC-BC04,Implement complete marginal-cost scoring for biclusters,CellShard,CSBC,Biclustering and co-clustering atom discovery,compiler/discovery/bicluster,CS-JBC-L-DISC-BICLUSTER,settled required mechanism,Serial within CS-JBC-L-DISC-BICLUSTER; parallel with other provider/workstream lanes after JBC-G2-EVIDENCE-CERTIFICATION.,CS-JBC-BC03,[proposed] include/CellShard/compiler/discovery/bicluster/;[proposed] src/compiler/discovery/bicluster/;[proposed] tests/jbc/discovery/bicluster/;[proposed] bench/jbc/bicluster/,"The contract/implementation is source-complete, independently validated, profiler-visible, and consumable through fixtures without central-file edits."
CS-JBC-BC05,Implement exact rectangle census and residual construction,CellShard,CSBC,Biclustering and co-clustering atom discovery,compiler/discovery/bicluster,CS-JBC-L-DISC-BICLUSTER,settled required mechanism,Serial within CS-JBC-L-DISC-BICLUSTER; parallel with other provider/workstream lanes after JBC-G2-EVIDENCE-CERTIFICATION.,CS-JBC-BC04,[proposed] include/CellShard/compiler/discovery/bicluster/;[proposed] src/compiler/discovery/bicluster/;[proposed] tests/jbc/discovery/bicluster/;[proposed] bench/jbc/bicluster/,"The contract/implementation is source-complete, independently validated, profiler-visible, and consumable through fixtures without central-file edits."
CS-JBC-BC06,Emit bounded overlapping bicluster proposals,CellShard,CSBC,Biclustering and co-clustering atom discovery,compiler/discovery/bicluster,CS-JBC-L-DISC-BICLUSTER,settled required mechanism,Serial within CS-JBC-L-DISC-BICLUSTER; parallel with other provider/workstream lanes after JBC-G2-EVIDENCE-CERTIFICATION.,CS-JBC-BC05,[proposed] include/CellShard/compiler/discovery/bicluster/;[proposed] src/compiler/discovery/bicluster/;[proposed] tests/jbc/discovery/bicluster/;[proposed] bench/jbc/bicluster/,"The contract/implementation is source-complete, independently validated, profiler-visible, and consumable through fixtures without central-file edits."
CS-JBC-BC07,Implement the spectral co-clustering alternative,CellShard,CSBC,Biclustering and co-clustering atom discovery,compiler/discovery/bicluster,CS-JBC-L-DISC-BICLUSTER,experimental candidate; baseline and negative result required,Serial within CS-JBC-L-DISC-BICLUSTER; parallel with other provider/workstream lanes after JBC-G2-EVIDENCE-CERTIFICATION.,CS-JBC-BC06,[proposed] include/CellShard/compiler/discovery/bicluster/;[proposed] src/compiler/discovery/bicluster/;[proposed] tests/jbc/discovery/bicluster/;[proposed] bench/jbc/bicluster/,"The contract/implementation is source-complete, independently validated, profiler-visible, and consumable through fixtures without central-file edits."
CS-JBC-BC08,"Benchmark planted, overlapping, condition-specific, and null biclusters",CellShard,CSBC,Biclustering and co-clustering atom discovery,compiler/discovery/bicluster,CS-JBC-L-DISC-BICLUSTER,validation/evidence,Serial within CS-JBC-L-DISC-BICLUSTER; parallel with other provider/workstream lanes after JBC-G2-EVIDENCE-CERTIFICATION.,CS-JBC-BC07,[proposed] include/CellShard/compiler/discovery/bicluster/;[proposed] src/compiler/discovery/bicluster/;[proposed] tests/jbc/discovery/bicluster/;[proposed] bench/jbc/bicluster/,"The contract/implementation is source-complete, independently validated, profiler-visible, and consumable through fixtures without central-file edits."
CS-JBC-OC01,Define bounded overlapping-membership representation,CellShard,CSOC,Bounded overlapping-community atom discovery,compiler/discovery/overlap,CS-JBC-L-DISC-OVERLAP,settled required mechanism,Serial within CS-JBC-L-DISC-OVERLAP; parallel with other provider/workstream lanes after JBC-G2-EVIDENCE-CERTIFICATION.,CS-JBC-E16;CS-JBC-C01,[proposed] include/CellShard/compiler/discovery/overlap/;[proposed] src/compiler/discovery/overlap/;[proposed] tests/jbc/discovery/overlap/,"The contract/implementation is source-complete, independently validated, profiler-visible, and consumable through fixtures without central-file edits."
CS-JBC-OC02,Implement the exactly disjoint community baseline,CellShard,CSOC,Bounded overlapping-community atom discovery,compiler/discovery/overlap,CS-JBC-L-DISC-OVERLAP,settled required mechanism,Serial within CS-JBC-L-DISC-OVERLAP; parallel with other provider/workstream lanes after JBC-G2-EVIDENCE-CERTIFICATION.,CS-JBC-OC01,[proposed] include/CellShard/compiler/discovery/overlap/;[proposed] src/compiler/discovery/overlap/;[proposed] tests/jbc/discovery/overlap/,"The contract/implementation is source-complete, independently validated, profiler-visible, and consumable through fixtures without central-file edits."
CS-JBC-OC03,Implement bounded overlapping membership expansion,CellShard,CSOC,Bounded overlapping-community atom discovery,compiler/discovery/overlap,CS-JBC-L-DISC-OVERLAP,settled required mechanism,Serial within CS-JBC-L-DISC-OVERLAP; parallel with other provider/workstream lanes after JBC-G2-EVIDENCE-CERTIFICATION.,CS-JBC-OC02,[proposed] include/CellShard/compiler/discovery/overlap/;[proposed] src/compiler/discovery/overlap/;[proposed] tests/jbc/discovery/overlap/,"The contract/implementation is source-complete, independently validated, profiler-visible, and consumable through fixtures without central-file edits."
CS-JBC-OC04,Score stability and physical duplication cost,CellShard,CSOC,Bounded overlapping-community atom discovery,compiler/discovery/overlap,CS-JBC-L-DISC-OVERLAP,settled required mechanism,Serial within CS-JBC-L-DISC-OVERLAP; parallel with other provider/workstream lanes after JBC-G2-EVIDENCE-CERTIFICATION.,CS-JBC-OC03,[proposed] include/CellShard/compiler/discovery/overlap/;[proposed] src/compiler/discovery/overlap/;[proposed] tests/jbc/discovery/overlap/,"The contract/implementation is source-complete, independently validated, profiler-visible, and consumable through fixtures without central-file edits."
CS-JBC-OC05,Convert overlapping proposals to exact certified candidates,CellShard,CSOC,Bounded overlapping-community atom discovery,compiler/discovery/overlap,CS-JBC-L-DISC-OVERLAP,validation/evidence,Serial within CS-JBC-L-DISC-OVERLAP; parallel with other provider/workstream lanes after JBC-G2-EVIDENCE-CERTIFICATION.,CS-JBC-OC04,[proposed] include/CellShard/compiler/discovery/overlap/;[proposed] src/compiler/discovery/overlap/;[proposed] tests/jbc/discovery/overlap/,"The contract/implementation is source-complete, independently validated, profiler-visible, and consumable through fixtures without central-file edits."
CS-JBC-OC06,Prove zero-overlap equivalence and gate overlapping promotion,CellShard,CSOC,Bounded overlapping-community atom discovery,compiler/discovery/overlap,CS-JBC-L-DISC-OVERLAP,validation/evidence,Serial within CS-JBC-L-DISC-OVERLAP; parallel with other provider/workstream lanes after JBC-G2-EVIDENCE-CERTIFICATION.,CS-JBC-OC05,[proposed] include/CellShard/compiler/discovery/overlap/;[proposed] src/compiler/discovery/overlap/;[proposed] tests/jbc/discovery/overlap/,"The contract/implementation is source-complete, independently validated, profiler-visible, and consumable through fixtures without central-file edits."
CS-JBC-MF01,Define the typed motif vocabulary,CellShard,CSMF,Typed motif and frequent-fragment atom discovery,compiler/discovery/motif,CS-JBC-L-DISC-MOTIF,settled required mechanism,Serial within CS-JBC-L-DISC-MOTIF; parallel with other provider/workstream lanes after JBC-G2-EVIDENCE-CERTIFICATION.,CS-JBC-E16;CS-JBC-C01,[proposed] include/CellShard/compiler/discovery/motif/;[proposed] src/compiler/discovery/motif/;[proposed] tests/jbc/discovery/motif/,"The contract/implementation is source-complete, independently validated, profiler-visible, and consumable through fixtures without central-file edits."
CS-JBC-MF02,Implement deterministic canonical motif encoding,CellShard,CSMF,Typed motif and frequent-fragment atom discovery,compiler/discovery/motif,CS-JBC-L-DISC-MOTIF,settled required mechanism,Serial within CS-JBC-L-DISC-MOTIF; parallel with other provider/workstream lanes after JBC-G2-EVIDENCE-CERTIFICATION.,CS-JBC-MF01,[proposed] include/CellShard/compiler/discovery/motif/;[proposed] src/compiler/discovery/motif/;[proposed] tests/jbc/discovery/motif/,"The contract/implementation is source-complete, independently validated, profiler-visible, and consumable through fixtures without central-file edits."
CS-JBC-MF03,Implement bounded motif occurrence enumeration,CellShard,CSMF,Typed motif and frequent-fragment atom discovery,compiler/discovery/motif,CS-JBC-L-DISC-MOTIF,settled required mechanism,Serial within CS-JBC-L-DISC-MOTIF; parallel with other provider/workstream lanes after JBC-G2-EVIDENCE-CERTIFICATION.,CS-JBC-MF02,[proposed] include/CellShard/compiler/discovery/motif/;[proposed] src/compiler/discovery/motif/;[proposed] tests/jbc/discovery/motif/,"The contract/implementation is source-complete, independently validated, profiler-visible, and consumable through fixtures without central-file edits."
CS-JBC-MF04,"Compute motif recurrence by relation, stratum, and graph family",CellShard,CSMF,Typed motif and frequent-fragment atom discovery,compiler/discovery/motif,CS-JBC-L-DISC-MOTIF,settled required mechanism,Serial within CS-JBC-L-DISC-MOTIF; parallel with other provider/workstream lanes after JBC-G2-EVIDENCE-CERTIFICATION.,CS-JBC-MF03,[proposed] include/CellShard/compiler/discovery/motif/;[proposed] src/compiler/discovery/motif/;[proposed] tests/jbc/discovery/motif/,"The contract/implementation is source-complete, independently validated, profiler-visible, and consumable through fixtures without central-file edits."
CS-JBC-MF05,Convert motif occurrences into exact atom candidates,CellShard,CSMF,Typed motif and frequent-fragment atom discovery,compiler/discovery/motif,CS-JBC-L-DISC-MOTIF,settled required mechanism,Serial within CS-JBC-L-DISC-MOTIF; parallel with other provider/workstream lanes after JBC-G2-EVIDENCE-CERTIFICATION.,CS-JBC-MF04,[proposed] include/CellShard/compiler/discovery/motif/;[proposed] src/compiler/discovery/motif/;[proposed] tests/jbc/discovery/motif/,"The contract/implementation is source-complete, independently validated, profiler-visible, and consumable through fixtures without central-file edits."
CS-JBC-MF06,Implement the bounded regulatory motif baseline library,CellShard,CSMF,Typed motif and frequent-fragment atom discovery,compiler/discovery/motif,CS-JBC-L-DISC-MOTIF,settled required mechanism,Serial within CS-JBC-L-DISC-MOTIF; parallel with other provider/workstream lanes after JBC-G2-EVIDENCE-CERTIFICATION.,CS-JBC-MF05,[proposed] include/CellShard/compiler/discovery/motif/;[proposed] src/compiler/discovery/motif/;[proposed] tests/jbc/discovery/motif/,"The contract/implementation is source-complete, independently validated, profiler-visible, and consumable through fixtures without central-file edits."
CS-JBC-MF07,Implement an experimental frequent typed-fragment miner,CellShard,CSMF,Typed motif and frequent-fragment atom discovery,compiler/discovery/motif,CS-JBC-L-DISC-MOTIF,experimental candidate; baseline and negative result required,Serial within CS-JBC-L-DISC-MOTIF; parallel with other provider/workstream lanes after JBC-G2-EVIDENCE-CERTIFICATION.,CS-JBC-MF06,[proposed] include/CellShard/compiler/discovery/motif/;[proposed] src/compiler/discovery/motif/;[proposed] tests/jbc/discovery/motif/,"The contract/implementation is source-complete, independently validated, profiler-visible, and consumable through fixtures without central-file edits."
CS-JBC-MF08,"Run rewired-null, planted-motif, and promotion benchmarks",CellShard,CSMF,Typed motif and frequent-fragment atom discovery,compiler/discovery/motif,CS-JBC-L-DISC-MOTIF,validation/evidence,Serial within CS-JBC-L-DISC-MOTIF; parallel with other provider/workstream lanes after JBC-G2-EVIDENCE-CERTIFICATION.,CS-JBC-MF07,[proposed] include/CellShard/compiler/discovery/motif/;[proposed] src/compiler/discovery/motif/;[proposed] tests/jbc/discovery/motif/,"The contract/implementation is source-complete, independently validated, profiler-visible, and consumable through fixtures without central-file edits."
CS-JBC-FT01,Define the external factor/topic evidence adapter,CellShard,CSFT,Factor/topic program atom proposals,compiler/discovery/factor_topic,CS-JBC-L-DISC-FACTOR,settled required mechanism,Serial within CS-JBC-L-DISC-FACTOR; parallel with other provider/workstream lanes after JBC-G2-EVIDENCE-CERTIFICATION.,CS-JBC-E16;CS-JBC-C01,[proposed] include/CellShard/compiler/discovery/factor_topic/;[proposed] src/compiler/discovery/factor_topic/;[proposed] tests/jbc/discovery/factor_topic/,"The contract/implementation is source-complete, independently validated, profiler-visible, and consumable through fixtures without central-file edits."
CS-JBC-FT02,Store soft-membership evidence,CellShard,CSFT,Factor/topic program atom proposals,compiler/discovery/factor_topic,CS-JBC-L-DISC-FACTOR,settled required mechanism,Serial within CS-JBC-L-DISC-FACTOR; parallel with other provider/workstream lanes after JBC-G2-EVIDENCE-CERTIFICATION.,CS-JBC-FT01,[proposed] include/CellShard/compiler/discovery/factor_topic/;[proposed] src/compiler/discovery/factor_topic/;[proposed] tests/jbc/discovery/factor_topic/,"The contract/implementation is source-complete, independently validated, profiler-visible, and consumable through fixtures without central-file edits."
CS-JBC-FT03,Generate thresholded and overlap-budgeted factor candidates,CellShard,CSFT,Factor/topic program atom proposals,compiler/discovery/factor_topic,CS-JBC-L-DISC-FACTOR,settled required mechanism,Serial within CS-JBC-L-DISC-FACTOR; parallel with other provider/workstream lanes after JBC-G2-EVIDENCE-CERTIFICATION.,CS-JBC-FT02,[proposed] include/CellShard/compiler/discovery/factor_topic/;[proposed] src/compiler/discovery/factor_topic/;[proposed] tests/jbc/discovery/factor_topic/,"The contract/implementation is source-complete, independently validated, profiler-visible, and consumable through fixtures without central-file edits."
CS-JBC-FT04,Construct exact coverage and residual from factor candidates,CellShard,CSFT,Factor/topic program atom proposals,compiler/discovery/factor_topic,CS-JBC-L-DISC-FACTOR,settled required mechanism,Serial within CS-JBC-L-DISC-FACTOR; parallel with other provider/workstream lanes after JBC-G2-EVIDENCE-CERTIFICATION.,CS-JBC-FT03,[proposed] include/CellShard/compiler/discovery/factor_topic/;[proposed] src/compiler/discovery/factor_topic/;[proposed] tests/jbc/discovery/factor_topic/,"The contract/implementation is source-complete, independently validated, profiler-visible, and consumable through fixtures without central-file edits."
CS-JBC-FT05,Score factor candidates by execution utility,CellShard,CSFT,Factor/topic program atom proposals,compiler/discovery/factor_topic,CS-JBC-L-DISC-FACTOR,settled required mechanism,Serial within CS-JBC-L-DISC-FACTOR; parallel with other provider/workstream lanes after JBC-G2-EVIDENCE-CERTIFICATION.,CS-JBC-FT04,[proposed] include/CellShard/compiler/discovery/factor_topic/;[proposed] src/compiler/discovery/factor_topic/;[proposed] tests/jbc/discovery/factor_topic/,"The contract/implementation is source-complete, independently validated, profiler-visible, and consumable through fixtures without central-file edits."
CS-JBC-FT06,Implement the bounded internal factor experiment and null gate,CellShard,CSFT,Factor/topic program atom proposals,compiler/discovery/factor_topic,CS-JBC-L-DISC-FACTOR,experimental candidate; baseline and negative result required,Serial within CS-JBC-L-DISC-FACTOR; parallel with other provider/workstream lanes after JBC-G2-EVIDENCE-CERTIFICATION.,CS-JBC-FT05,[proposed] include/CellShard/compiler/discovery/factor_topic/;[proposed] src/compiler/discovery/factor_topic/;[proposed] tests/jbc/discovery/factor_topic/,"The contract/implementation is source-complete, independently validated, profiler-visible, and consumable through fixtures without central-file edits."
CS-JBC-TR01,Define the trajectory and lineage input contract,CellShard,CSTR,Trajectory and lineage atom discovery,compiler/discovery/trajectory,CS-JBC-L-DISC-TRAJECTORY,settled required mechanism,Serial within CS-JBC-L-DISC-TRAJECTORY; parallel with other provider/workstream lanes after JBC-G2-EVIDENCE-CERTIFICATION.,CS-JBC-E16;CS-JBC-C01,[proposed] include/CellShard/compiler/discovery/trajectory/;[proposed] src/compiler/discovery/trajectory/;[proposed] tests/jbc/discovery/trajectory/;[proposed] bench/jbc/trajectory/,"The contract/implementation is source-complete, independently validated, profiler-visible, and consumable through fixtures without central-file edits."
CS-JBC-TR02,Build state-neighborhood atom evidence,CellShard,CSTR,Trajectory and lineage atom discovery,compiler/discovery/trajectory,CS-JBC-L-DISC-TRAJECTORY,settled required mechanism,Serial within CS-JBC-L-DISC-TRAJECTORY; parallel with other provider/workstream lanes after JBC-G2-EVIDENCE-CERTIFICATION.,CS-JBC-TR01,[proposed] include/CellShard/compiler/discovery/trajectory/;[proposed] src/compiler/discovery/trajectory/;[proposed] tests/jbc/discovery/trajectory/;[proposed] bench/jbc/trajectory/,"The contract/implementation is source-complete, independently validated, profiler-visible, and consumable through fixtures without central-file edits."
CS-JBC-TR03,Normalize branch DAG and lineage-tree identity,CellShard,CSTR,Trajectory and lineage atom discovery,compiler/discovery/trajectory,CS-JBC-L-DISC-TRAJECTORY,settled required mechanism,Serial within CS-JBC-L-DISC-TRAJECTORY; parallel with other provider/workstream lanes after JBC-G2-EVIDENCE-CERTIFICATION.,CS-JBC-TR02,[proposed] include/CellShard/compiler/discovery/trajectory/;[proposed] src/compiler/discovery/trajectory/;[proposed] tests/jbc/discovery/trajectory/;[proposed] bench/jbc/trajectory/,"The contract/implementation is source-complete, independently validated, profiler-visible, and consumable through fixtures without central-file edits."
CS-JBC-TR04,Detect reusable common-prefix candidates,CellShard,CSTR,Trajectory and lineage atom discovery,compiler/discovery/trajectory,CS-JBC-L-DISC-TRAJECTORY,settled required mechanism,Serial within CS-JBC-L-DISC-TRAJECTORY; parallel with other provider/workstream lanes after JBC-G2-EVIDENCE-CERTIFICATION.,CS-JBC-TR03,[proposed] include/CellShard/compiler/discovery/trajectory/;[proposed] src/compiler/discovery/trajectory/;[proposed] tests/jbc/discovery/trajectory/;[proposed] bench/jbc/trajectory/,"The contract/implementation is source-complete, independently validated, profiler-visible, and consumable through fixtures without central-file edits."
CS-JBC-TR05,Construct exact branch-local atoms,CellShard,CSTR,Trajectory and lineage atom discovery,compiler/discovery/trajectory,CS-JBC-L-DISC-TRAJECTORY,settled required mechanism,Serial within CS-JBC-L-DISC-TRAJECTORY; parallel with other provider/workstream lanes after JBC-G2-EVIDENCE-CERTIFICATION.,CS-JBC-TR04,[proposed] include/CellShard/compiler/discovery/trajectory/;[proposed] src/compiler/discovery/trajectory/;[proposed] tests/jbc/discovery/trajectory/;[proposed] bench/jbc/trajectory/,"The contract/implementation is source-complete, independently validated, profiler-visible, and consumable through fixtures without central-file edits."
CS-JBC-TR06,Construct branch-delta atom proposals,CellShard,CSTR,Trajectory and lineage atom discovery,compiler/discovery/trajectory,CS-JBC-L-DISC-TRAJECTORY,settled required mechanism,Serial within CS-JBC-L-DISC-TRAJECTORY; parallel with other provider/workstream lanes after JBC-G2-EVIDENCE-CERTIFICATION.,CS-JBC-TR05,[proposed] include/CellShard/compiler/discovery/trajectory/;[proposed] src/compiler/discovery/trajectory/;[proposed] tests/jbc/discovery/trajectory/;[proposed] bench/jbc/trajectory/,"The contract/implementation is source-complete, independently validated, profiler-visible, and consumable through fixtures without central-file edits."
CS-JBC-TR07,Construct temporal-window atoms,CellShard,CSTR,Trajectory and lineage atom discovery,compiler/discovery/trajectory,CS-JBC-L-DISC-TRAJECTORY,settled required mechanism,Serial within CS-JBC-L-DISC-TRAJECTORY; parallel with other provider/workstream lanes after JBC-G2-EVIDENCE-CERTIFICATION.,CS-JBC-TR06,[proposed] include/CellShard/compiler/discovery/trajectory/;[proposed] src/compiler/discovery/trajectory/;[proposed] tests/jbc/discovery/trajectory/;[proposed] bench/jbc/trajectory/,"The contract/implementation is source-complete, independently validated, profiler-visible, and consumable through fixtures without central-file edits."
CS-JBC-TR08,Construct lineage-local working-set evidence,CellShard,CSTR,Trajectory and lineage atom discovery,compiler/discovery/trajectory,CS-JBC-L-DISC-TRAJECTORY,settled required mechanism,Serial within CS-JBC-L-DISC-TRAJECTORY; parallel with other provider/workstream lanes after JBC-G2-EVIDENCE-CERTIFICATION.,CS-JBC-TR07,[proposed] include/CellShard/compiler/discovery/trajectory/;[proposed] src/compiler/discovery/trajectory/;[proposed] tests/jbc/discovery/trajectory/;[proposed] bench/jbc/trajectory/,"The contract/implementation is source-complete, independently validated, profiler-visible, and consumable through fixtures without central-file edits."
CS-JBC-TR09,Construct transition-operator atoms,CellShard,CSTR,Trajectory and lineage atom discovery,compiler/discovery/trajectory,CS-JBC-L-DISC-TRAJECTORY,settled required mechanism,Serial within CS-JBC-L-DISC-TRAJECTORY; parallel with other provider/workstream lanes after JBC-G2-EVIDENCE-CERTIFICATION.,CS-JBC-TR08,[proposed] include/CellShard/compiler/discovery/trajectory/;[proposed] src/compiler/discovery/trajectory/;[proposed] tests/jbc/discovery/trajectory/;[proposed] bench/jbc/trajectory/,"The contract/implementation is source-complete, independently validated, profiler-visible, and consumable through fixtures without central-file edits."
CS-JBC-TR10,Implement incremental state-update overlays,CellShard,CSTR,Trajectory and lineage atom discovery,compiler/discovery/trajectory,CS-JBC-L-DISC-TRAJECTORY,settled required mechanism,Serial within CS-JBC-L-DISC-TRAJECTORY; parallel with other provider/workstream lanes after JBC-G2-EVIDENCE-CERTIFICATION.,CS-JBC-TR09,[proposed] include/CellShard/compiler/discovery/trajectory/;[proposed] src/compiler/discovery/trajectory/;[proposed] tests/jbc/discovery/trajectory/;[proposed] bench/jbc/trajectory/,"The contract/implementation is source-complete, independently validated, profiler-visible, and consumable through fixtures without central-file edits."
CS-JBC-TR11,Implement the predictive-prefetch experiment,CellShard,CSTR,Trajectory and lineage atom discovery,compiler/discovery/trajectory,CS-JBC-L-DISC-TRAJECTORY,settled required mechanism,Serial within CS-JBC-L-DISC-TRAJECTORY; parallel with other provider/workstream lanes after JBC-G2-EVIDENCE-CERTIFICATION.,CS-JBC-TR10,[proposed] include/CellShard/compiler/discovery/trajectory/;[proposed] src/compiler/discovery/trajectory/;[proposed] tests/jbc/discovery/trajectory/;[proposed] bench/jbc/trajectory/,"The contract/implementation is source-complete, independently validated, profiler-visible, and consumable through fixtures without central-file edits."
CS-JBC-TR12,Run trajectory-null controls and promotion gate,CellShard,CSTR,Trajectory and lineage atom discovery,compiler/discovery/trajectory,CS-JBC-L-DISC-TRAJECTORY,experimental candidate; baseline and negative result required,Serial within CS-JBC-L-DISC-TRAJECTORY; parallel with other provider/workstream lanes after JBC-G2-EVIDENCE-CERTIFICATION.,CS-JBC-TR11,[proposed] include/CellShard/compiler/discovery/trajectory/;[proposed] src/compiler/discovery/trajectory/;[proposed] tests/jbc/discovery/trajectory/;[proposed] bench/jbc/trajectory/,"The contract/implementation is source-complete, independently validated, profiler-visible, and consumable through fixtures without central-file edits."
CS-JBC-MM01,Define the shared multimodal identity spine,CellShard,CSMM,Multimodal identity-spine and atom discovery,compiler/discovery/multimodal,CS-JBC-L-DISC-MULTIMODAL,settled required mechanism,Serial within CS-JBC-L-DISC-MULTIMODAL; parallel with other provider/workstream lanes after JBC-G2-EVIDENCE-CERTIFICATION.,CS-JBC-E16;CS-JBC-C01,[proposed] include/CellShard/compiler/discovery/multimodal/;[proposed] src/compiler/discovery/multimodal/;[proposed] tests/jbc/discovery/multimodal/,"The contract/implementation is source-complete, independently validated, profiler-visible, and consumable through fixtures without central-file edits."
CS-JBC-MM02,Define modality-specific domain and value overlays,CellShard,CSMM,Multimodal identity-spine and atom discovery,compiler/discovery/multimodal,CS-JBC-L-DISC-MULTIMODAL,settled required mechanism,Serial within CS-JBC-L-DISC-MULTIMODAL; parallel with other provider/workstream lanes after JBC-G2-EVIDENCE-CERTIFICATION.,CS-JBC-MM01,[proposed] include/CellShard/compiler/discovery/multimodal/;[proposed] src/compiler/discovery/multimodal/;[proposed] tests/jbc/discovery/multimodal/,"The contract/implementation is source-complete, independently validated, profiler-visible, and consumable through fixtures without central-file edits."
CS-JBC-MM03,Represent explicit modality missingness,CellShard,CSMM,Multimodal identity-spine and atom discovery,compiler/discovery/multimodal,CS-JBC-L-DISC-MULTIMODAL,settled required mechanism,Serial within CS-JBC-L-DISC-MULTIMODAL; parallel with other provider/workstream lanes after JBC-G2-EVIDENCE-CERTIFICATION.,CS-JBC-MM02,[proposed] include/CellShard/compiler/discovery/multimodal/;[proposed] src/compiler/discovery/multimodal/;[proposed] tests/jbc/discovery/multimodal/,"The contract/implementation is source-complete, independently validated, profiler-visible, and consumable through fixtures without central-file edits."
CS-JBC-MM04,Represent unmatched and modality-only entities,CellShard,CSMM,Multimodal identity-spine and atom discovery,compiler/discovery/multimodal,CS-JBC-L-DISC-MULTIMODAL,settled required mechanism,Serial within CS-JBC-L-DISC-MULTIMODAL; parallel with other provider/workstream lanes after JBC-G2-EVIDENCE-CERTIFICATION.,CS-JBC-MM03,[proposed] include/CellShard/compiler/discovery/multimodal/;[proposed] src/compiler/discovery/multimodal/;[proposed] tests/jbc/discovery/multimodal/,"The contract/implementation is source-complete, independently validated, profiler-visible, and consumable through fixtures without central-file edits."
CS-JBC-MM05,Construct typed cross-modal relation atoms,CellShard,CSMM,Multimodal identity-spine and atom discovery,compiler/discovery/multimodal,CS-JBC-L-DISC-MULTIMODAL,settled required mechanism,Serial within CS-JBC-L-DISC-MULTIMODAL; parallel with other provider/workstream lanes after JBC-G2-EVIDENCE-CERTIFICATION.,CS-JBC-MM04,[proposed] include/CellShard/compiler/discovery/multimodal/;[proposed] src/compiler/discovery/multimodal/;[proposed] tests/jbc/discovery/multimodal/,"The contract/implementation is source-complete, independently validated, profiler-visible, and consumable through fixtures without central-file edits."
CS-JBC-MM06,Propose shared-destination multimodal bundles,CellShard,CSMM,Multimodal identity-spine and atom discovery,compiler/discovery/multimodal,CS-JBC-L-DISC-MULTIMODAL,settled required mechanism,Serial within CS-JBC-L-DISC-MULTIMODAL; parallel with other provider/workstream lanes after JBC-G2-EVIDENCE-CERTIFICATION.,CS-JBC-MM05,[proposed] include/CellShard/compiler/discovery/multimodal/;[proposed] src/compiler/discovery/multimodal/;[proposed] tests/jbc/discovery/multimodal/,"The contract/implementation is source-complete, independently validated, profiler-visible, and consumable through fixtures without central-file edits."
CS-JBC-MM07,Propose cross-modal persistent orders,CellShard,CSMM,Multimodal identity-spine and atom discovery,compiler/discovery/multimodal,CS-JBC-L-DISC-MULTIMODAL,settled required mechanism,Serial within CS-JBC-L-DISC-MULTIMODAL; parallel with other provider/workstream lanes after JBC-G2-EVIDENCE-CERTIFICATION.,CS-JBC-MM06,[proposed] include/CellShard/compiler/discovery/multimodal/;[proposed] src/compiler/discovery/multimodal/;[proposed] tests/jbc/discovery/multimodal/,"The contract/implementation is source-complete, independently validated, profiler-visible, and consumable through fixtures without central-file edits."
CS-JBC-MM08,Define a multi-payload multimodal atom family,CellShard,CSMM,Multimodal identity-spine and atom discovery,compiler/discovery/multimodal,CS-JBC-L-DISC-MULTIMODAL,settled required mechanism,Serial within CS-JBC-L-DISC-MULTIMODAL; parallel with other provider/workstream lanes after JBC-G2-EVIDENCE-CERTIFICATION.,CS-JBC-MM07,[proposed] include/CellShard/compiler/discovery/multimodal/;[proposed] src/compiler/discovery/multimodal/;[proposed] tests/jbc/discovery/multimodal/,"The contract/implementation is source-complete, independently validated, profiler-visible, and consumable through fixtures without central-file edits."
CS-JBC-MM09,Integrate exact multimodal certification,CellShard,CSMM,Multimodal identity-spine and atom discovery,compiler/discovery/multimodal,CS-JBC-L-DISC-MULTIMODAL,validation/evidence,Serial within CS-JBC-L-DISC-MULTIMODAL; parallel with other provider/workstream lanes after JBC-G2-EVIDENCE-CERTIFICATION.,CS-JBC-MM08,[proposed] include/CellShard/compiler/discovery/multimodal/;[proposed] src/compiler/discovery/multimodal/;[proposed] tests/jbc/discovery/multimodal/,"The contract/implementation is source-complete, independently validated, profiler-visible, and consumable through fixtures without central-file edits."
CS-JBC-MM10,Run modality-map nulls and promotion gate,CellShard,CSMM,Multimodal identity-spine and atom discovery,compiler/discovery/multimodal,CS-JBC-L-DISC-MULTIMODAL,experimental candidate; baseline and negative result required,Serial within CS-JBC-L-DISC-MULTIMODAL; parallel with other provider/workstream lanes after JBC-G2-EVIDENCE-CERTIFICATION.,CS-JBC-MM09,[proposed] include/CellShard/compiler/discovery/multimodal/;[proposed] src/compiler/discovery/multimodal/;[proposed] tests/jbc/discovery/multimodal/,"The contract/implementation is source-complete, independently validated, profiler-visible, and consumable through fixtures without central-file edits."
CS-JBC-SQ01,Define provider-defined coordinate coverage,CellShard,CSSQ,Future sequence/Baseplane-compatible atom interfaces,compiler/discovery/sequence_compat,CS-JBC-L-DISC-SEQUENCE,settled required mechanism,Serial within CS-JBC-L-DISC-SEQUENCE; parallel with other provider/workstream lanes after JBC-G1-ATOM-THIN-WAIST.,CS-JBC-A20;receipt:CE-JBC-I02,[proposed] include/CellShard/compiler/discovery/sequence_compat/;[proposed] tests/jbc/discovery/sequence_compat/,"The contract/implementation is source-complete, independently validated, profiler-visible, and consumable through fixtures without central-file edits."
CS-JBC-SQ02,Define reference and strand identity,CellShard,CSSQ,Future sequence/Baseplane-compatible atom interfaces,compiler/discovery/sequence_compat,CS-JBC-L-DISC-SEQUENCE,settled required mechanism,Serial within CS-JBC-L-DISC-SEQUENCE; parallel with other provider/workstream lanes after JBC-G1-ATOM-THIN-WAIST.,CS-JBC-SQ01,[proposed] include/CellShard/compiler/discovery/sequence_compat/;[proposed] tests/jbc/discovery/sequence_compat/,"The contract/implementation is source-complete, independently validated, profiler-visible, and consumable through fixtures without central-file edits."
CS-JBC-SQ03,Distinguish owned intervals from read-only halos,CellShard,CSSQ,Future sequence/Baseplane-compatible atom interfaces,compiler/discovery/sequence_compat,CS-JBC-L-DISC-SEQUENCE,settled required mechanism,Serial within CS-JBC-L-DISC-SEQUENCE; parallel with other provider/workstream lanes after JBC-G1-ATOM-THIN-WAIST.,CS-JBC-SQ02,[proposed] include/CellShard/compiler/discovery/sequence_compat/;[proposed] tests/jbc/discovery/sequence_compat/,"The contract/implementation is source-complete, independently validated, profiler-visible, and consumable through fixtures without central-file edits."
CS-JBC-SQ04,Represent hierarchical sequence intervals,CellShard,CSSQ,Future sequence/Baseplane-compatible atom interfaces,compiler/discovery/sequence_compat,CS-JBC-L-DISC-SEQUENCE,settled required mechanism,Serial within CS-JBC-L-DISC-SEQUENCE; parallel with other provider/workstream lanes after JBC-G1-ATOM-THIN-WAIST.,CS-JBC-SQ03,[proposed] include/CellShard/compiler/discovery/sequence_compat/;[proposed] tests/jbc/discovery/sequence_compat/,"The contract/implementation is source-complete, independently validated, profiler-visible, and consumable through fixtures without central-file edits."
CS-JBC-SQ05,Define long-range relation bridge productions,CellShard,CSSQ,Future sequence/Baseplane-compatible atom interfaces,compiler/discovery/sequence_compat,CS-JBC-L-DISC-SEQUENCE,settled required mechanism,Serial within CS-JBC-L-DISC-SEQUENCE; parallel with other provider/workstream lanes after JBC-G1-ATOM-THIN-WAIST.,CS-JBC-SQ04,[proposed] include/CellShard/compiler/discovery/sequence_compat/;[proposed] tests/jbc/discovery/sequence_compat/,"The contract/implementation is source-complete, independently validated, profiler-visible, and consumable through fixtures without central-file edits."
CS-JBC-SQ06,Implement a mock Baseplane-shaped provider and fixtures,CellShard,CSSQ,Future sequence/Baseplane-compatible atom interfaces,compiler/discovery/sequence_compat,CS-JBC-L-DISC-SEQUENCE,validation/evidence,Serial within CS-JBC-L-DISC-SEQUENCE; parallel with other provider/workstream lanes after JBC-G1-ATOM-THIN-WAIST.,CS-JBC-SQ05,[proposed] include/CellShard/compiler/discovery/sequence_compat/;[proposed] tests/jbc/discovery/sequence_compat/,"The contract/implementation is source-complete, independently validated, profiler-visible, and consumable through fixtures without central-file edits."
CS-JBC-OT01,Define the stable atom-access event schema,CellShard,CSOT,Operation-trace and graph-family atom discovery,compiler/discovery/operation_trace,CS-JBC-L-DISC-OPTRACE,settled required mechanism,Serial within CS-JBC-L-DISC-OPTRACE; parallel with other provider/workstream lanes after JBC-G2-EVIDENCE-CERTIFICATION.,CS-JBC-E16;CS-JBC-C01,[proposed] include/CellShard/compiler/discovery/operation_trace/;[proposed] src/compiler/discovery/operation_trace/;[proposed] tests/jbc/discovery/operation_trace/,"The contract/implementation is source-complete, independently validated, profiler-visible, and consumable through fixtures without central-file edits."
CS-JBC-OT02,Adapt Cellerator operation and stage identities,CellShard,CSOT,Operation-trace and graph-family atom discovery,compiler/discovery/operation_trace,CS-JBC-L-DISC-OPTRACE,settled required mechanism,Serial within CS-JBC-L-DISC-OPTRACE; parallel with other provider/workstream lanes after JBC-G2-EVIDENCE-CERTIFICATION.,CS-JBC-OT01,[proposed] include/CellShard/compiler/discovery/operation_trace/;[proposed] src/compiler/discovery/operation_trace/;[proposed] tests/jbc/discovery/operation_trace/,"The contract/implementation is source-complete, independently validated, profiler-visible, and consumable through fixtures without central-file edits."
CS-JBC-OT03,Implement streaming atom co-access heavy hitters,CellShard,CSOT,Operation-trace and graph-family atom discovery,compiler/discovery/operation_trace,CS-JBC-L-DISC-OPTRACE,settled required mechanism,Serial within CS-JBC-L-DISC-OPTRACE; parallel with other provider/workstream lanes after JBC-G2-EVIDENCE-CERTIFICATION.,CS-JBC-OT02,[proposed] include/CellShard/compiler/discovery/operation_trace/;[proposed] src/compiler/discovery/operation_trace/;[proposed] tests/jbc/discovery/operation_trace/,"The contract/implementation is source-complete, independently validated, profiler-visible, and consumable through fixtures without central-file edits."
CS-JBC-OT04,Discover persistent-order recurrence,CellShard,CSOT,Operation-trace and graph-family atom discovery,compiler/discovery/operation_trace,CS-JBC-L-DISC-OPTRACE,settled required mechanism,Serial within CS-JBC-L-DISC-OPTRACE; parallel with other provider/workstream lanes after JBC-G2-EVIDENCE-CERTIFICATION.,CS-JBC-OT03,[proposed] include/CellShard/compiler/discovery/operation_trace/;[proposed] src/compiler/discovery/operation_trace/;[proposed] tests/jbc/discovery/operation_trace/,"The contract/implementation is source-complete, independently validated, profiler-visible, and consumable through fixtures without central-file edits."
CS-JBC-OT05,Discover partial-result recurrence,CellShard,CSOT,Operation-trace and graph-family atom discovery,compiler/discovery/operation_trace,CS-JBC-L-DISC-OPTRACE,settled required mechanism,Serial within CS-JBC-L-DISC-OPTRACE; parallel with other provider/workstream lanes after JBC-G2-EVIDENCE-CERTIFICATION.,CS-JBC-OT04,[proposed] include/CellShard/compiler/discovery/operation_trace/;[proposed] src/compiler/discovery/operation_trace/;[proposed] tests/jbc/discovery/operation_trace/,"The contract/implementation is source-complete, independently validated, profiler-visible, and consumable through fixtures without central-file edits."
CS-JBC-OT06,Discover graph-family common fragments,CellShard,CSOT,Operation-trace and graph-family atom discovery,compiler/discovery/operation_trace,CS-JBC-L-DISC-OPTRACE,settled required mechanism,Serial within CS-JBC-L-DISC-OPTRACE; parallel with other provider/workstream lanes after JBC-G2-EVIDENCE-CERTIFICATION.,CS-JBC-OT05,[proposed] include/CellShard/compiler/discovery/operation_trace/;[proposed] src/compiler/discovery/operation_trace/;[proposed] tests/jbc/discovery/operation_trace/,"The contract/implementation is source-complete, independently validated, profiler-visible, and consumable through fixtures without central-file edits."
CS-JBC-OT07,Persist negative trace evidence and bounded summaries,CellShard,CSOT,Operation-trace and graph-family atom discovery,compiler/discovery/operation_trace,CS-JBC-L-DISC-OPTRACE,settled required mechanism,Serial within CS-JBC-L-DISC-OPTRACE; parallel with other provider/workstream lanes after JBC-G2-EVIDENCE-CERTIFICATION.,CS-JBC-OT06,[proposed] include/CellShard/compiler/discovery/operation_trace/;[proposed] src/compiler/discovery/operation_trace/;[proposed] tests/jbc/discovery/operation_trace/,"The contract/implementation is source-complete, independently validated, profiler-visible, and consumable through fixtures without central-file edits."
CS-JBC-OT08,Compare trace-only and biology-derived provenance,CellShard,CSOT,Operation-trace and graph-family atom discovery,compiler/discovery/operation_trace,CS-JBC-L-DISC-OPTRACE,settled required mechanism,Serial within CS-JBC-L-DISC-OPTRACE; parallel with other provider/workstream lanes after JBC-G2-EVIDENCE-CERTIFICATION.,CS-JBC-OT07,[proposed] include/CellShard/compiler/discovery/operation_trace/;[proposed] src/compiler/discovery/operation_trace/;[proposed] tests/jbc/discovery/operation_trace/,"The contract/implementation is source-complete, independently validated, profiler-visible, and consumable through fixtures without central-file edits."
CS-JBC-O01,Define stable composition-production identity and versioning,CellShard,CSCOMP,Typed atom composition DAG,compiler/composition,CS-JBC-L-COMPOSITION,settled required mechanism,Serial within CS-JBC-L-COMPOSITION; parallel with other provider/workstream lanes after JBC-G2-EVIDENCE-CERTIFICATION.,CS-JBC-C16;receipt:CE-JBC-I06,[proposed] include/CellShard/compiler/composition/;[proposed] src/compiler/composition/;[proposed] tests/jbc/composition/,"The contract/implementation is source-complete, independently validated, profiler-visible, and consumable through fixtures without central-file edits."
CS-JBC-O02,Define typed grammar symbols and atom-interface signatures,CellShard,CSCOMP,Typed atom composition DAG,compiler/composition,CS-JBC-L-COMPOSITION,settled required mechanism,Serial within CS-JBC-L-COMPOSITION; parallel with other provider/workstream lanes after JBC-G2-EVIDENCE-CERTIFICATION.,CS-JBC-O01,[proposed] include/CellShard/compiler/composition/;[proposed] src/compiler/composition/;[proposed] tests/jbc/composition/,"The contract/implementation is source-complete, independently validated, profiler-visible, and consumable through fixtures without central-file edits."
CS-JBC-O03,Implement disjoint-union composition,CellShard,CSCOMP,Typed atom composition DAG,compiler/composition,CS-JBC-L-COMPOSITION,settled required mechanism,Serial within CS-JBC-L-COMPOSITION; parallel with other provider/workstream lanes after JBC-G2-EVIDENCE-CERTIFICATION.,CS-JBC-O02,[proposed] include/CellShard/compiler/composition/;[proposed] src/compiler/composition/;[proposed] tests/jbc/composition/,"The contract/implementation is source-complete, independently validated, profiler-visible, and consumable through fixtures without central-file edits."
CS-JBC-O04,Implement ordered-concatenation composition,CellShard,CSCOMP,Typed atom composition DAG,compiler/composition,CS-JBC-L-COMPOSITION,settled required mechanism,Serial within CS-JBC-L-COMPOSITION; parallel with other provider/workstream lanes after JBC-G2-EVIDENCE-CERTIFICATION.,CS-JBC-O03,[proposed] include/CellShard/compiler/composition/;[proposed] src/compiler/composition/;[proposed] tests/jbc/composition/,"The contract/implementation is source-complete, independently validated, profiler-visible, and consumable through fixtures without central-file edits."
CS-JBC-O05,Implement exact sparse-support union,CellShard,CSCOMP,Typed atom composition DAG,compiler/composition,CS-JBC-L-COMPOSITION,settled required mechanism,Serial within CS-JBC-L-COMPOSITION; parallel with other provider/workstream lanes after JBC-G2-EVIDENCE-CERTIFICATION.,CS-JBC-O04,[proposed] include/CellShard/compiler/composition/;[proposed] src/compiler/composition/;[proposed] tests/jbc/composition/,"The contract/implementation is source-complete, independently validated, profiler-visible, and consumable through fixtures without central-file edits."
CS-JBC-O06,Implement coverage-intersection composition,CellShard,CSCOMP,Typed atom composition DAG,compiler/composition,CS-JBC-L-COMPOSITION,settled required mechanism,Serial within CS-JBC-L-COMPOSITION; parallel with other provider/workstream lanes after JBC-G2-EVIDENCE-CERTIFICATION.,CS-JBC-O05,[proposed] include/CellShard/compiler/composition/;[proposed] src/compiler/composition/;[proposed] tests/jbc/composition/,"The contract/implementation is source-complete, independently validated, profiler-visible, and consumable through fixtures without central-file edits."
CS-JBC-O07,Implement coverage-difference composition,CellShard,CSCOMP,Typed atom composition DAG,compiler/composition,CS-JBC-L-COMPOSITION,settled required mechanism,Serial within CS-JBC-L-COMPOSITION; parallel with other provider/workstream lanes after JBC-G2-EVIDENCE-CERTIFICATION.,CS-JBC-O06,[proposed] include/CellShard/compiler/composition/;[proposed] src/compiler/composition/;[proposed] tests/jbc/composition/,"The contract/implementation is source-complete, independently validated, profiler-visible, and consumable through fixtures without central-file edits."
CS-JBC-O08,Implement source-aligned merge,CellShard,CSCOMP,Typed atom composition DAG,compiler/composition,CS-JBC-L-COMPOSITION,settled required mechanism,Serial within CS-JBC-L-COMPOSITION; parallel with other provider/workstream lanes after JBC-G2-EVIDENCE-CERTIFICATION.,CS-JBC-O07,[proposed] include/CellShard/compiler/composition/;[proposed] src/compiler/composition/;[proposed] tests/jbc/composition/,"The contract/implementation is source-complete, independently validated, profiler-visible, and consumable through fixtures without central-file edits."
CS-JBC-O09,Implement destination-aligned merge,CellShard,CSCOMP,Typed atom composition DAG,compiler/composition,CS-JBC-L-COMPOSITION,settled required mechanism,Serial within CS-JBC-L-COMPOSITION; parallel with other provider/workstream lanes after JBC-G2-EVIDENCE-CERTIFICATION.,CS-JBC-O08,[proposed] include/CellShard/compiler/composition/;[proposed] src/compiler/composition/;[proposed] tests/jbc/composition/,"The contract/implementation is source-complete, independently validated, profiler-visible, and consumable through fixtures without central-file edits."
CS-JBC-O10,Implement identity-spine join,CellShard,CSCOMP,Typed atom composition DAG,compiler/composition,CS-JBC-L-COMPOSITION,settled required mechanism,Serial within CS-JBC-L-COMPOSITION; parallel with other provider/workstream lanes after JBC-G2-EVIDENCE-CERTIFICATION.,CS-JBC-O09,[proposed] include/CellShard/compiler/composition/;[proposed] src/compiler/composition/;[proposed] tests/jbc/composition/,"The contract/implementation is source-complete, independently validated, profiler-visible, and consumable through fixtures without central-file edits."
CS-JBC-O11,Implement multimodal join composition,CellShard,CSCOMP,Typed atom composition DAG,compiler/composition,CS-JBC-L-COMPOSITION,settled required mechanism,Serial within CS-JBC-L-COMPOSITION; parallel with other provider/workstream lanes after JBC-G2-EVIDENCE-CERTIFICATION.,CS-JBC-O10,[proposed] include/CellShard/compiler/composition/;[proposed] src/compiler/composition/;[proposed] tests/jbc/composition/,"The contract/implementation is source-complete, independently validated, profiler-visible, and consumable through fixtures without central-file edits."
CS-JBC-O12,Implement segment-alignment composition,CellShard,CSCOMP,Typed atom composition DAG,compiler/composition,CS-JBC-L-COMPOSITION,settled required mechanism,Serial within CS-JBC-L-COMPOSITION; parallel with other provider/workstream lanes after JBC-G2-EVIDENCE-CERTIFICATION.,CS-JBC-O11,[proposed] include/CellShard/compiler/composition/;[proposed] src/compiler/composition/;[proposed] tests/jbc/composition/,"The contract/implementation is source-complete, independently validated, profiler-visible, and consumable through fixtures without central-file edits."
CS-JBC-O13,Implement halo-extension composition,CellShard,CSCOMP,Typed atom composition DAG,compiler/composition,CS-JBC-L-COMPOSITION,settled required mechanism,Serial within CS-JBC-L-COMPOSITION; parallel with other provider/workstream lanes after JBC-G2-EVIDENCE-CERTIFICATION.,CS-JBC-O12,[proposed] include/CellShard/compiler/composition/;[proposed] src/compiler/composition/;[proposed] tests/jbc/composition/,"The contract/implementation is source-complete, independently validated, profiler-visible, and consumable through fixtures without central-file edits."
CS-JBC-O14,Implement overlay application,CellShard,CSCOMP,Typed atom composition DAG,compiler/composition,CS-JBC-L-COMPOSITION,settled required mechanism,Serial within CS-JBC-L-COMPOSITION; parallel with other provider/workstream lanes after JBC-G2-EVIDENCE-CERTIFICATION.,CS-JBC-O13,[proposed] include/CellShard/compiler/composition/;[proposed] src/compiler/composition/;[proposed] tests/jbc/composition/,"The contract/implementation is source-complete, independently validated, profiler-visible, and consumable through fixtures without central-file edits."
CS-JBC-O15,Implement value-plane substitution,CellShard,CSCOMP,Typed atom composition DAG,compiler/composition,CS-JBC-L-COMPOSITION,settled required mechanism,Serial within CS-JBC-L-COMPOSITION; parallel with other provider/workstream lanes after JBC-G2-EVIDENCE-CERTIFICATION.,CS-JBC-O14,[proposed] include/CellShard/compiler/composition/;[proposed] src/compiler/composition/;[proposed] tests/jbc/composition/,"The contract/implementation is source-complete, independently validated, profiler-visible, and consumable through fixtures without central-file edits."
CS-JBC-O16,Implement physical-view addition,CellShard,CSCOMP,Typed atom composition DAG,compiler/composition,CS-JBC-L-COMPOSITION,settled required mechanism,Serial within CS-JBC-L-COMPOSITION; parallel with other provider/workstream lanes after JBC-G2-EVIDENCE-CERTIFICATION.,CS-JBC-O15,[proposed] include/CellShard/compiler/composition/;[proposed] src/compiler/composition/;[proposed] tests/jbc/composition/,"The contract/implementation is source-complete, independently validated, profiler-visible, and consumable through fixtures without central-file edits."
CS-JBC-O17,Implement transpose-overlay composition,CellShard,CSCOMP,Typed atom composition DAG,compiler/composition,CS-JBC-L-COMPOSITION,settled required mechanism,Serial within CS-JBC-L-COMPOSITION; parallel with other provider/workstream lanes after JBC-G2-EVIDENCE-CERTIFICATION.,CS-JBC-O16,[proposed] include/CellShard/compiler/composition/;[proposed] src/compiler/composition/;[proposed] tests/jbc/composition/,"The contract/implementation is source-complete, independently validated, profiler-visible, and consumable through fixtures without central-file edits."
CS-JBC-O18,Implement projection-packing composition,CellShard,CSCOMP,Typed atom composition DAG,compiler/composition,CS-JBC-L-COMPOSITION,settled required mechanism,Serial within CS-JBC-L-COMPOSITION; parallel with other provider/workstream lanes after JBC-G2-EVIDENCE-CERTIFICATION.,CS-JBC-O17,[proposed] include/CellShard/compiler/composition/;[proposed] src/compiler/composition/;[proposed] tests/jbc/composition/,"The contract/implementation is source-complete, independently validated, profiler-visible, and consumable through fixtures without central-file edits."
CS-JBC-O19,Implement persistent-order linking,CellShard,CSCOMP,Typed atom composition DAG,compiler/composition,CS-JBC-L-COMPOSITION,settled required mechanism,Serial within CS-JBC-L-COMPOSITION; parallel with other provider/workstream lanes after JBC-G2-EVIDENCE-CERTIFICATION.,CS-JBC-O18,[proposed] include/CellShard/compiler/composition/;[proposed] src/compiler/composition/;[proposed] tests/jbc/composition/,"The contract/implementation is source-complete, independently validated, profiler-visible, and consumable through fixtures without central-file edits."
CS-JBC-O20,Implement parameter-binding composition,CellShard,CSCOMP,Typed atom composition DAG,compiler/composition,CS-JBC-L-COMPOSITION,settled required mechanism,Serial within CS-JBC-L-COMPOSITION; parallel with other provider/workstream lanes after JBC-G2-EVIDENCE-CERTIFICATION.,CS-JBC-O19,[proposed] include/CellShard/compiler/composition/;[proposed] src/compiler/composition/;[proposed] tests/jbc/composition/,"The contract/implementation is source-complete, independently validated, profiler-visible, and consumable through fixtures without central-file edits."
CS-JBC-O21,Implement partial-result combination composition,CellShard,CSCOMP,Typed atom composition DAG,compiler/composition,CS-JBC-L-COMPOSITION,settled required mechanism,Serial within CS-JBC-L-COMPOSITION; parallel with other provider/workstream lanes after JBC-G2-EVIDENCE-CERTIFICATION.,CS-JBC-O20,[proposed] include/CellShard/compiler/composition/;[proposed] src/compiler/composition/;[proposed] tests/jbc/composition/,"The contract/implementation is source-complete, independently validated, profiler-visible, and consumable through fixtures without central-file edits."
CS-JBC-O22,Implement relation-bundle composition,CellShard,CSCOMP,Typed atom composition DAG,compiler/composition,CS-JBC-L-COMPOSITION,settled required mechanism,Serial within CS-JBC-L-COMPOSITION; parallel with other provider/workstream lanes after JBC-G2-EVIDENCE-CERTIFICATION.,CS-JBC-O21,[proposed] include/CellShard/compiler/composition/;[proposed] src/compiler/composition/;[proposed] tests/jbc/composition/,"The contract/implementation is source-complete, independently validated, profiler-visible, and consumable through fixtures without central-file edits."
CS-JBC-O23,Implement graph-prefix and trajectory-prefix composition,CellShard,CSCOMP,Typed atom composition DAG,compiler/composition,CS-JBC-L-COMPOSITION,settled required mechanism,Serial within CS-JBC-L-COMPOSITION; parallel with other provider/workstream lanes after JBC-G2-EVIDENCE-CERTIFICATION.,CS-JBC-O22,[proposed] include/CellShard/compiler/composition/;[proposed] src/compiler/composition/;[proposed] tests/jbc/composition/,"The contract/implementation is source-complete, independently validated, profiler-visible, and consumable through fixtures without central-file edits."
CS-JBC-O24,Implement transform chaining and derivation-DAG integration,CellShard,CSCOMP,Typed atom composition DAG,compiler/composition,CS-JBC-L-COMPOSITION,settled required mechanism,Serial within CS-JBC-L-COMPOSITION; parallel with other provider/workstream lanes after JBC-G2-EVIDENCE-CERTIFICATION.,CS-JBC-O23,[proposed] include/CellShard/compiler/composition/;[proposed] src/compiler/composition/;[proposed] tests/jbc/composition/,"The contract/implementation is source-complete, independently validated, profiler-visible, and consumable through fixtures without central-file edits."
CS-JBC-G01,Implement the typed grammar symbol table,CellShard,CSGRAM,Explicit typed biological execution grammar,compiler/grammar/explicit,CS-JBC-L-EXPLICIT-GRAMMAR,settled required mechanism,Serial within CS-JBC-L-EXPLICIT-GRAMMAR; parallel with other provider/workstream lanes after JBC-G2-EVIDENCE-CERTIFICATION.,CS-JBC-O24,[proposed] include/CellShard/compiler/grammar/;[proposed] src/compiler/grammar/explicit/;[proposed] tests/jbc/grammar/explicit/,"The contract/implementation is source-complete, independently validated, profiler-visible, and consumable through fixtures without central-file edits."
CS-JBC-G02,Implement the explicit production registry,CellShard,CSGRAM,Explicit typed biological execution grammar,compiler/grammar/explicit,CS-JBC-L-EXPLICIT-GRAMMAR,settled required mechanism,Serial within CS-JBC-L-EXPLICIT-GRAMMAR; parallel with other provider/workstream lanes after JBC-G2-EVIDENCE-CERTIFICATION.,CS-JBC-G01,[proposed] include/CellShard/compiler/grammar/;[proposed] src/compiler/grammar/explicit/;[proposed] tests/jbc/grammar/explicit/,"The contract/implementation is source-complete, independently validated, profiler-visible, and consumable through fixtures without central-file edits."
CS-JBC-G03,Define production-parameter schemas,CellShard,CSGRAM,Explicit typed biological execution grammar,compiler/grammar/explicit,CS-JBC-L-EXPLICIT-GRAMMAR,settled required mechanism,Serial within CS-JBC-L-EXPLICIT-GRAMMAR; parallel with other provider/workstream lanes after JBC-G2-EVIDENCE-CERTIFICATION.,CS-JBC-G02,[proposed] include/CellShard/compiler/grammar/;[proposed] src/compiler/grammar/explicit/;[proposed] tests/jbc/grammar/explicit/,"The contract/implementation is source-complete, independently validated, profiler-visible, and consumable through fixtures without central-file edits."
CS-JBC-G04,Implement exact coverage-equation evaluation,CellShard,CSGRAM,Explicit typed biological execution grammar,compiler/grammar/explicit,CS-JBC-L-EXPLICIT-GRAMMAR,settled required mechanism,Serial within CS-JBC-L-EXPLICIT-GRAMMAR; parallel with other provider/workstream lanes after JBC-G2-EVIDENCE-CERTIFICATION.,CS-JBC-G03,[proposed] include/CellShard/compiler/grammar/;[proposed] src/compiler/grammar/explicit/;[proposed] tests/jbc/grammar/explicit/,"The contract/implementation is source-complete, independently validated, profiler-visible, and consumable through fixtures without central-file edits."
CS-JBC-G05,Implement the explicit grammar builder,CellShard,CSGRAM,Explicit typed biological execution grammar,compiler/grammar/explicit,CS-JBC-L-EXPLICIT-GRAMMAR,settled required mechanism,Serial within CS-JBC-L-EXPLICIT-GRAMMAR; parallel with other provider/workstream lanes after JBC-G2-EVIDENCE-CERTIFICATION.,CS-JBC-G04,[proposed] include/CellShard/compiler/grammar/;[proposed] src/compiler/grammar/explicit/;[proposed] tests/jbc/grammar/explicit/,"The contract/implementation is source-complete, independently validated, profiler-visible, and consumable through fixtures without central-file edits."
CS-JBC-G06,Implement portable grammar serialization,CellShard,CSGRAM,Explicit typed biological execution grammar,compiler/grammar/explicit,CS-JBC-L-EXPLICIT-GRAMMAR,settled required mechanism,Serial within CS-JBC-L-EXPLICIT-GRAMMAR; parallel with other provider/workstream lanes after JBC-G2-EVIDENCE-CERTIFICATION.,CS-JBC-G05,[proposed] include/CellShard/compiler/grammar/;[proposed] src/compiler/grammar/explicit/;[proposed] tests/jbc/grammar/explicit/,"The contract/implementation is source-complete, independently validated, profiler-visible, and consumable through fixtures without central-file edits."
CS-JBC-G07,Build derivation DAGs and enforce cycle safety,CellShard,CSGRAM,Explicit typed biological execution grammar,compiler/grammar/explicit,CS-JBC-L-EXPLICIT-GRAMMAR,settled required mechanism,Serial within CS-JBC-L-EXPLICIT-GRAMMAR; parallel with other provider/workstream lanes after JBC-G2-EVIDENCE-CERTIFICATION.,CS-JBC-G06,[proposed] include/CellShard/compiler/grammar/;[proposed] src/compiler/grammar/explicit/;[proposed] tests/jbc/grammar/explicit/,"The contract/implementation is source-complete, independently validated, profiler-visible, and consumable through fixtures without central-file edits."
CS-JBC-G08,Implement independent derivation validation and receipts,CellShard,CSGRAM,Explicit typed biological execution grammar,compiler/grammar/explicit,CS-JBC-L-EXPLICIT-GRAMMAR,settled required mechanism,Serial within CS-JBC-L-EXPLICIT-GRAMMAR; parallel with other provider/workstream lanes after JBC-G2-EVIDENCE-CERTIFICATION.,CS-JBC-G07,[proposed] include/CellShard/compiler/grammar/;[proposed] src/compiler/grammar/explicit/;[proposed] tests/jbc/grammar/explicit/,"The contract/implementation is source-complete, independently validated, profiler-visible, and consumable through fixtures without central-file edits."
CS-JBC-G09,"Implement grammar simplification, deduplication, and dead-production removal",CellShard,CSGRAM,Explicit typed biological execution grammar,compiler/grammar/explicit,CS-JBC-L-EXPLICIT-GRAMMAR,settled required mechanism,Serial within CS-JBC-L-EXPLICIT-GRAMMAR; parallel with other provider/workstream lanes after JBC-G2-EVIDENCE-CERTIFICATION.,CS-JBC-G08,[proposed] include/CellShard/compiler/grammar/;[proposed] src/compiler/grammar/explicit/;[proposed] tests/jbc/grammar/explicit/,"The contract/implementation is source-complete, independently validated, profiler-visible, and consumable through fixtures without central-file edits."
CS-JBC-G10,Integrate the flat-basis fallback,CellShard,CSGRAM,Explicit typed biological execution grammar,compiler/grammar/explicit,CS-JBC-L-EXPLICIT-GRAMMAR,settled required mechanism,Serial within CS-JBC-L-EXPLICIT-GRAMMAR; parallel with other provider/workstream lanes after JBC-G2-EVIDENCE-CERTIFICATION.,CS-JBC-G09,[proposed] include/CellShard/compiler/grammar/;[proposed] src/compiler/grammar/explicit/;[proposed] tests/jbc/grammar/explicit/,"The contract/implementation is source-complete, independently validated, profiler-visible, and consumable through fixtures without central-file edits."
CS-JBC-IG01,Define induced-grammar observation input,CellShard,CSIGRAM,Induced execution grammar and MDL experiment,compiler/grammar/induced,CS-JBC-L-INDUCED-GRAMMAR,settled required mechanism,Serial within CS-JBC-L-INDUCED-GRAMMAR; parallel with other provider/workstream lanes after JBC-G4-COMPOSITION-BASIS.,CS-JBC-G10;CS-JBC-OT08,[proposed] src/compiler/grammar/induced/;[proposed] tests/jbc/grammar/induced/;[proposed] bench/jbc/grammar/,"The contract/implementation is source-complete, independently validated, profiler-visible, and consumable through fixtures without central-file edits."
CS-JBC-IG02,Mine repeated production candidates,CellShard,CSIGRAM,Induced execution grammar and MDL experiment,compiler/grammar/induced,CS-JBC-L-INDUCED-GRAMMAR,settled required mechanism,Serial within CS-JBC-L-INDUCED-GRAMMAR; parallel with other provider/workstream lanes after JBC-G4-COMPOSITION-BASIS.,CS-JBC-IG01,[proposed] src/compiler/grammar/induced/;[proposed] tests/jbc/grammar/induced/;[proposed] bench/jbc/grammar/,"The contract/implementation is source-complete, independently validated, profiler-visible, and consumable through fixtures without central-file edits."
CS-JBC-IG03,Enforce production arity and grammar-depth bounds,CellShard,CSIGRAM,Induced execution grammar and MDL experiment,compiler/grammar/induced,CS-JBC-L-INDUCED-GRAMMAR,settled required mechanism,Serial within CS-JBC-L-INDUCED-GRAMMAR; parallel with other provider/workstream lanes after JBC-G4-COMPOSITION-BASIS.,CS-JBC-IG02,[proposed] src/compiler/grammar/induced/;[proposed] tests/jbc/grammar/induced/;[proposed] bench/jbc/grammar/,"The contract/implementation is source-complete, independently validated, profiler-visible, and consumable through fixtures without central-file edits."
CS-JBC-IG04,Canonicalize induced production encoding,CellShard,CSIGRAM,Induced execution grammar and MDL experiment,compiler/grammar/induced,CS-JBC-L-INDUCED-GRAMMAR,settled required mechanism,Serial within CS-JBC-L-INDUCED-GRAMMAR; parallel with other provider/workstream lanes after JBC-G4-COMPOSITION-BASIS.,CS-JBC-IG03,[proposed] src/compiler/grammar/induced/;[proposed] tests/jbc/grammar/induced/;[proposed] bench/jbc/grammar/,"The contract/implementation is source-complete, independently validated, profiler-visible, and consumable through fixtures without central-file edits."
CS-JBC-IG05,Compute frequency and biological-stratum stability,CellShard,CSIGRAM,Induced execution grammar and MDL experiment,compiler/grammar/induced,CS-JBC-L-INDUCED-GRAMMAR,settled required mechanism,Serial within CS-JBC-L-INDUCED-GRAMMAR; parallel with other provider/workstream lanes after JBC-G4-COMPOSITION-BASIS.,CS-JBC-IG04,[proposed] src/compiler/grammar/induced/;[proposed] tests/jbc/grammar/induced/;[proposed] bench/jbc/grammar/,"The contract/implementation is source-complete, independently validated, profiler-visible, and consumable through fixtures without central-file edits."
CS-JBC-IG06,"Compute execution, assembly, storage, and invalidation cost",CellShard,CSIGRAM,Induced execution grammar and MDL experiment,compiler/grammar/induced,CS-JBC-L-INDUCED-GRAMMAR,settled required mechanism,Serial within CS-JBC-L-INDUCED-GRAMMAR; parallel with other provider/workstream lanes after JBC-G4-COMPOSITION-BASIS.,CS-JBC-IG05,[proposed] src/compiler/grammar/induced/;[proposed] tests/jbc/grammar/induced/;[proposed] bench/jbc/grammar/,"The contract/implementation is source-complete, independently validated, profiler-visible, and consumable through fixtures without central-file edits."
CS-JBC-IG07,Add the MDL complexity term,CellShard,CSIGRAM,Induced execution grammar and MDL experiment,compiler/grammar/induced,CS-JBC-L-INDUCED-GRAMMAR,settled required mechanism,Serial within CS-JBC-L-INDUCED-GRAMMAR; parallel with other provider/workstream lanes after JBC-G4-COMPOSITION-BASIS.,CS-JBC-IG06,[proposed] src/compiler/grammar/induced/;[proposed] tests/jbc/grammar/induced/;[proposed] bench/jbc/grammar/,"The contract/implementation is source-complete, independently validated, profiler-visible, and consumable through fixtures without central-file edits."
CS-JBC-IG08,"Implement promotion, demotion, and negative grammar evidence",CellShard,CSIGRAM,Induced execution grammar and MDL experiment,compiler/grammar/induced,CS-JBC-L-INDUCED-GRAMMAR,settled required mechanism,Serial within CS-JBC-L-INDUCED-GRAMMAR; parallel with other provider/workstream lanes after JBC-G4-COMPOSITION-BASIS.,CS-JBC-IG07,[proposed] src/compiler/grammar/induced/;[proposed] tests/jbc/grammar/induced/;[proposed] bench/jbc/grammar/,"The contract/implementation is source-complete, independently validated, profiler-visible, and consumable through fixtures without central-file edits."
CS-JBC-IG09,Compare induced grammar with flat DAG on planted and adversarial fixtures,CellShard,CSIGRAM,Induced execution grammar and MDL experiment,compiler/grammar/induced,CS-JBC-L-INDUCED-GRAMMAR,validation/evidence,Serial within CS-JBC-L-INDUCED-GRAMMAR; parallel with other provider/workstream lanes after JBC-G4-COMPOSITION-BASIS.,CS-JBC-IG08,[proposed] src/compiler/grammar/induced/;[proposed] tests/jbc/grammar/induced/;[proposed] bench/jbc/grammar/,"The contract/implementation is source-complete, independently validated, profiler-visible, and consumable through fixtures without central-file edits."
CS-JBC-IG10,Apply the induced-grammar promotion gate,CellShard,CSIGRAM,Induced execution grammar and MDL experiment,compiler/grammar/induced,CS-JBC-L-INDUCED-GRAMMAR,experimental candidate; baseline and negative result required,Serial within CS-JBC-L-INDUCED-GRAMMAR; parallel with other provider/workstream lanes after JBC-G4-COMPOSITION-BASIS.,CS-JBC-IG09,[proposed] src/compiler/grammar/induced/;[proposed] tests/jbc/grammar/induced/;[proposed] bench/jbc/grammar/,"The contract/implementation is source-complete, independently validated, profiler-visible, and consumable through fixtures without central-file edits."
CS-JBC-BS01,Define the basis-input model,CellShard,CSBASIS,Biological execution basis selection,compiler/basis,CS-JBC-L-BASIS,settled required mechanism,Serial within CS-JBC-L-BASIS; parallel with other provider/workstream lanes after JBC-G2-EVIDENCE-CERTIFICATION.,CS-JBC-O24;CS-JBC-C16;receipt:CE-JBC-I12,[proposed] include/CellShard/compiler/basis/;[proposed] src/compiler/basis/;[proposed] tests/jbc/basis/;[proposed] bench/jbc/basis/,"The contract/implementation is source-complete, independently validated, profiler-visible, and consumable through fixtures without central-file edits."
CS-JBC-BS02,Define workload-family probability and frequency representation,CellShard,CSBASIS,Biological execution basis selection,compiler/basis,CS-JBC-L-BASIS,settled required mechanism,Serial within CS-JBC-L-BASIS; parallel with other provider/workstream lanes after JBC-G2-EVIDENCE-CERTIFICATION.,CS-JBC-BS01,[proposed] include/CellShard/compiler/basis/;[proposed] src/compiler/basis/;[proposed] tests/jbc/basis/;[proposed] bench/jbc/basis/,"The contract/implementation is source-complete, independently validated, profiler-visible, and consumable through fixtures without central-file edits."
CS-JBC-BS03,Define the atom utility vector,CellShard,CSBASIS,Biological execution basis selection,compiler/basis,CS-JBC-L-BASIS,settled required mechanism,Serial within CS-JBC-L-BASIS; parallel with other provider/workstream lanes after JBC-G2-EVIDENCE-CERTIFICATION.,CS-JBC-BS02,[proposed] include/CellShard/compiler/basis/;[proposed] src/compiler/basis/;[proposed] tests/jbc/basis/;[proposed] bench/jbc/basis/,"The contract/implementation is source-complete, independently validated, profiler-visible, and consumable through fixtures without central-file edits."
CS-JBC-BS04,Implement the canonical no-basis baseline,CellShard,CSBASIS,Biological execution basis selection,compiler/basis,CS-JBC-L-BASIS,settled required mechanism,Serial within CS-JBC-L-BASIS; parallel with other provider/workstream lanes after JBC-G2-EVIDENCE-CERTIFICATION.,CS-JBC-BS03,[proposed] include/CellShard/compiler/basis/;[proposed] src/compiler/basis/;[proposed] tests/jbc/basis/;[proposed] bench/jbc/basis/,"The contract/implementation is source-complete, independently validated, profiler-visible, and consumable through fixtures without central-file edits."
CS-JBC-BS05,Implement deterministic greedy marginal-benefit selection,CellShard,CSBASIS,Biological execution basis selection,compiler/basis,CS-JBC-L-BASIS,settled required mechanism,Serial within CS-JBC-L-BASIS; parallel with other provider/workstream lanes after JBC-G2-EVIDENCE-CERTIFICATION.,CS-JBC-BS04,[proposed] include/CellShard/compiler/basis/;[proposed] src/compiler/basis/;[proposed] tests/jbc/basis/;[proposed] bench/jbc/basis/,"The contract/implementation is source-complete, independently validated, profiler-visible, and consumable through fixtures without central-file edits."
CS-JBC-BS06,Implement overlap-aware marginal utility,CellShard,CSBASIS,Biological execution basis selection,compiler/basis,CS-JBC-L-BASIS,settled required mechanism,Serial within CS-JBC-L-BASIS; parallel with other provider/workstream lanes after JBC-G2-EVIDENCE-CERTIFICATION.,CS-JBC-BS05,[proposed] include/CellShard/compiler/basis/;[proposed] src/compiler/basis/;[proposed] tests/jbc/basis/;[proposed] bench/jbc/basis/,"The contract/implementation is source-complete, independently validated, profiler-visible, and consumable through fixtures without central-file edits."
CS-JBC-BS07,"Implement storage, build-time, memory, and mutation budgets",CellShard,CSBASIS,Biological execution basis selection,compiler/basis,CS-JBC-L-BASIS,settled required mechanism,Serial within CS-JBC-L-BASIS; parallel with other provider/workstream lanes after JBC-G2-EVIDENCE-CERTIFICATION.,CS-JBC-BS06,[proposed] include/CellShard/compiler/basis/;[proposed] src/compiler/basis/;[proposed] tests/jbc/basis/;[proposed] bench/jbc/basis/,"The contract/implementation is source-complete, independently validated, profiler-visible, and consumable through fixtures without central-file edits."
CS-JBC-BS08,Implement add/remove local refinement,CellShard,CSBASIS,Biological execution basis selection,compiler/basis,CS-JBC-L-BASIS,settled required mechanism,Serial within CS-JBC-L-BASIS; parallel with other provider/workstream lanes after JBC-G2-EVIDENCE-CERTIFICATION.,CS-JBC-BS07,[proposed] include/CellShard/compiler/basis/;[proposed] src/compiler/basis/;[proposed] tests/jbc/basis/;[proposed] bench/jbc/basis/,"The contract/implementation is source-complete, independently validated, profiler-visible, and consumable through fixtures without central-file edits."
CS-JBC-BS09,Implement one-for-one and one-for-many swaps,CellShard,CSBASIS,Biological execution basis selection,compiler/basis,CS-JBC-L-BASIS,settled required mechanism,Serial within CS-JBC-L-BASIS; parallel with other provider/workstream lanes after JBC-G2-EVIDENCE-CERTIFICATION.,CS-JBC-BS08,[proposed] include/CellShard/compiler/basis/;[proposed] src/compiler/basis/;[proposed] tests/jbc/basis/;[proposed] bench/jbc/basis/,"The contract/implementation is source-complete, independently validated, profiler-visible, and consumable through fixtures without central-file edits."
CS-JBC-BS10,Implement basis split and merge refinement,CellShard,CSBASIS,Biological execution basis selection,compiler/basis,CS-JBC-L-BASIS,settled required mechanism,Serial within CS-JBC-L-BASIS; parallel with other provider/workstream lanes after JBC-G2-EVIDENCE-CERTIFICATION.,CS-JBC-BS09,[proposed] include/CellShard/compiler/basis/;[proposed] src/compiler/basis/;[proposed] tests/jbc/basis/;[proposed] bench/jbc/basis/,"The contract/implementation is source-complete, independently validated, profiler-visible, and consumable through fixtures without central-file edits."
CS-JBC-BS11,Implement the weighted set-cover alternative,CellShard,CSBASIS,Biological execution basis selection,compiler/basis,CS-JBC-L-BASIS,experimental candidate; baseline and negative result required,Serial within CS-JBC-L-BASIS; parallel with other provider/workstream lanes after JBC-G2-EVIDENCE-CERTIFICATION.,CS-JBC-BS10,[proposed] include/CellShard/compiler/basis/;[proposed] src/compiler/basis/;[proposed] tests/jbc/basis/;[proposed] bench/jbc/basis/,"The contract/implementation is source-complete, independently validated, profiler-visible, and consumable through fixtures without central-file edits."
CS-JBC-BS12,Implement the facility-location alternative,CellShard,CSBASIS,Biological execution basis selection,compiler/basis,CS-JBC-L-BASIS,experimental candidate; baseline and negative result required,Serial within CS-JBC-L-BASIS; parallel with other provider/workstream lanes after JBC-G2-EVIDENCE-CERTIFICATION.,CS-JBC-BS11,[proposed] include/CellShard/compiler/basis/;[proposed] src/compiler/basis/;[proposed] tests/jbc/basis/;[proposed] bench/jbc/basis/,"The contract/implementation is source-complete, independently validated, profiler-visible, and consumable through fixtures without central-file edits."
CS-JBC-BS13,Implement an exact small-instance basis oracle,CellShard,CSBASIS,Biological execution basis selection,compiler/basis,CS-JBC-L-BASIS,settled required mechanism,Serial within CS-JBC-L-BASIS; parallel with other provider/workstream lanes after JBC-G2-EVIDENCE-CERTIFICATION.,CS-JBC-BS12,[proposed] include/CellShard/compiler/basis/;[proposed] src/compiler/basis/;[proposed] tests/jbc/basis/;[proposed] bench/jbc/basis/,"The contract/implementation is source-complete, independently validated, profiler-visible, and consumable through fixtures without central-file edits."
CS-JBC-BS14,Implement multiple workload-family bases,CellShard,CSBASIS,Biological execution basis selection,compiler/basis,CS-JBC-L-BASIS,settled required mechanism,Serial within CS-JBC-L-BASIS; parallel with other provider/workstream lanes after JBC-G2-EVIDENCE-CERTIFICATION.,CS-JBC-BS13,[proposed] include/CellShard/compiler/basis/;[proposed] src/compiler/basis/;[proposed] tests/jbc/basis/;[proposed] bench/jbc/basis/,"The contract/implementation is source-complete, independently validated, profiler-visible, and consumable through fixtures without central-file edits."
CS-JBC-BS15,Implement redundant atoms and multi-basis membership,CellShard,CSBASIS,Biological execution basis selection,compiler/basis,CS-JBC-L-BASIS,settled required mechanism,Serial within CS-JBC-L-BASIS; parallel with other provider/workstream lanes after JBC-G2-EVIDENCE-CERTIFICATION.,CS-JBC-BS14,[proposed] include/CellShard/compiler/basis/;[proposed] src/compiler/basis/;[proposed] tests/jbc/basis/;[proposed] bench/jbc/basis/,"The contract/implementation is source-complete, independently validated, profiler-visible, and consumable through fixtures without central-file edits."
CS-JBC-BS16,Persist basis manifests and distinguish validity from freshness,CellShard,CSBASIS,Biological execution basis selection,compiler/basis,CS-JBC-L-BASIS,settled required mechanism,Serial within CS-JBC-L-BASIS; parallel with other provider/workstream lanes after JBC-G2-EVIDENCE-CERTIFICATION.,CS-JBC-BS15,[proposed] include/CellShard/compiler/basis/;[proposed] src/compiler/basis/;[proposed] tests/jbc/basis/;[proposed] bench/jbc/basis/,"The contract/implementation is source-complete, independently validated, profiler-visible, and consumable through fixtures without central-file edits."
CS-JBC-BS17,Emit a Pareto portfolio of bases,CellShard,CSBASIS,Biological execution basis selection,compiler/basis,CS-JBC-L-BASIS,settled required mechanism,Serial within CS-JBC-L-BASIS; parallel with other provider/workstream lanes after JBC-G2-EVIDENCE-CERTIFICATION.,CS-JBC-BS16,[proposed] include/CellShard/compiler/basis/;[proposed] src/compiler/basis/;[proposed] tests/jbc/basis/;[proposed] bench/jbc/basis/,"The contract/implementation is source-complete, independently validated, profiler-visible, and consumable through fixtures without central-file edits."
CS-JBC-BS18,Run basis-solver comparison and promotion gates,CellShard,CSBASIS,Biological execution basis selection,compiler/basis,CS-JBC-L-BASIS,experimental candidate; baseline and negative result required,Serial within CS-JBC-L-BASIS; parallel with other provider/workstream lanes after JBC-G2-EVIDENCE-CERTIFICATION.,CS-JBC-BS17,[proposed] include/CellShard/compiler/basis/;[proposed] src/compiler/basis/;[proposed] tests/jbc/basis/;[proposed] bench/jbc/basis/,"The contract/implementation is source-complete, independently validated, profiler-visible, and consumable through fixtures without central-file edits."
CS-JBC-SA01,Define superatom candidates and promotion identity,CellShard,CSSUPER,"Superatom promotion, demotion, and evolution",compiler/composition/superatom,CS-JBC-L-SUPERATOM,settled required mechanism,Serial within CS-JBC-L-SUPERATOM; parallel with other provider/workstream lanes after JBC-G4-COMPOSITION-BASIS.,CS-JBC-G10;CS-JBC-BS18,[proposed] include/CellShard/compiler/composition/superatom/;[proposed] src/compiler/composition/superatom/;[proposed] tests/jbc/superatom/,"The contract/implementation is source-complete, independently validated, profiler-visible, and consumable through fixtures without central-file edits."
CS-JBC-SA02,Aggregate composition frequency and reuse,CellShard,CSSUPER,"Superatom promotion, demotion, and evolution",compiler/composition/superatom,CS-JBC-L-SUPERATOM,validation/evidence,Serial within CS-JBC-L-SUPERATOM; parallel with other provider/workstream lanes after JBC-G4-COMPOSITION-BASIS.,CS-JBC-SA01,[proposed] include/CellShard/compiler/composition/superatom/;[proposed] src/compiler/composition/superatom/;[proposed] tests/jbc/superatom/,"The contract/implementation is source-complete, independently validated, profiler-visible, and consumable through fixtures without central-file edits."
CS-JBC-SA03,"Compute superatom build, storage, maintenance, and invalidation cost",CellShard,CSSUPER,"Superatom promotion, demotion, and evolution",compiler/composition/superatom,CS-JBC-L-SUPERATOM,settled required mechanism,Serial within CS-JBC-L-SUPERATOM; parallel with other provider/workstream lanes after JBC-G4-COMPOSITION-BASIS.,CS-JBC-SA02,[proposed] include/CellShard/compiler/composition/superatom/;[proposed] src/compiler/composition/superatom/;[proposed] tests/jbc/superatom/,"The contract/implementation is source-complete, independently validated, profiler-visible, and consumable through fixtures without central-file edits."
CS-JBC-SA04,Implement superatom promotion,CellShard,CSSUPER,"Superatom promotion, demotion, and evolution",compiler/composition/superatom,CS-JBC-L-SUPERATOM,settled required mechanism,Serial within CS-JBC-L-SUPERATOM; parallel with other provider/workstream lanes after JBC-G4-COMPOSITION-BASIS.,CS-JBC-SA03,[proposed] include/CellShard/compiler/composition/superatom/;[proposed] src/compiler/composition/superatom/;[proposed] tests/jbc/superatom/,"The contract/implementation is source-complete, independently validated, profiler-visible, and consumable through fixtures without central-file edits."
CS-JBC-SA05,Implement superatom demotion,CellShard,CSSUPER,"Superatom promotion, demotion, and evolution",compiler/composition/superatom,CS-JBC-L-SUPERATOM,settled required mechanism,Serial within CS-JBC-L-SUPERATOM; parallel with other provider/workstream lanes after JBC-G4-COMPOSITION-BASIS.,CS-JBC-SA04,[proposed] include/CellShard/compiler/composition/superatom/;[proposed] src/compiler/composition/superatom/;[proposed] tests/jbc/superatom/,"The contract/implementation is source-complete, independently validated, profiler-visible, and consumable through fixtures without central-file edits."
CS-JBC-SA06,Implement superatom splitting and merging,CellShard,CSSUPER,"Superatom promotion, demotion, and evolution",compiler/composition/superatom,CS-JBC-L-SUPERATOM,settled required mechanism,Serial within CS-JBC-L-SUPERATOM; parallel with other provider/workstream lanes after JBC-G4-COMPOSITION-BASIS.,CS-JBC-SA05,[proposed] include/CellShard/compiler/composition/superatom/;[proposed] src/compiler/composition/superatom/;[proposed] tests/jbc/superatom/,"The contract/implementation is source-complete, independently validated, profiler-visible, and consumable through fixtures without central-file edits."
CS-JBC-SA07,Support lineage and multi-basis membership,CellShard,CSSUPER,"Superatom promotion, demotion, and evolution",compiler/composition/superatom,CS-JBC-L-SUPERATOM,settled required mechanism,Serial within CS-JBC-L-SUPERATOM; parallel with other provider/workstream lanes after JBC-G4-COMPOSITION-BASIS.,CS-JBC-SA06,[proposed] include/CellShard/compiler/composition/superatom/;[proposed] src/compiler/composition/superatom/;[proposed] tests/jbc/superatom/,"The contract/implementation is source-complete, independently validated, profiler-visible, and consumable through fixtures without central-file edits."
CS-JBC-SA08,Benchmark promotion policy and allow negative outcomes,CellShard,CSSUPER,"Superatom promotion, demotion, and evolution",compiler/composition/superatom,CS-JBC-L-SUPERATOM,validation/evidence,Serial within CS-JBC-L-SUPERATOM; parallel with other provider/workstream lanes after JBC-G4-COMPOSITION-BASIS.,CS-JBC-SA07,[proposed] include/CellShard/compiler/composition/superatom/;[proposed] src/compiler/composition/superatom/;[proposed] tests/jbc/superatom/,"The contract/implementation is source-complete, independently validated, profiler-visible, and consumable through fixtures without central-file edits."
CS-JBC-PP01,Define the persistent-partial atom envelope,CellShard,CSPART,Persistent partial computation atoms,compiler/partial,CS-JBC-L-PARTIALS,settled required mechanism,Serial within CS-JBC-L-PARTIALS; parallel with other provider/workstream lanes after JBC-G2-EVIDENCE-CERTIFICATION.,CS-JBC-A20;receipt:CE-JBC-I06,[proposed] include/CellShard/compiler/partial/;[proposed] src/compiler/partial/;[proposed] tests/jbc/partial/;[proposed] bench/jbc/partial/,"The contract/implementation is source-complete, independently validated, profiler-visible, and consumable through fixtures without central-file edits."
CS-JBC-PP02,Define partial dependency and freshness semantics,CellShard,CSPART,Persistent partial computation atoms,compiler/partial,CS-JBC-L-PARTIALS,settled required mechanism,Serial within CS-JBC-L-PARTIALS; parallel with other provider/workstream lanes after JBC-G2-EVIDENCE-CERTIFICATION.,CS-JBC-PP01,[proposed] include/CellShard/compiler/partial/;[proposed] src/compiler/partial/;[proposed] tests/jbc/partial/;[proposed] bench/jbc/partial/,"The contract/implementation is source-complete, independently validated, profiler-visible, and consumable through fixtures without central-file edits."
CS-JBC-PP03,Implement structural partial atoms,CellShard,CSPART,Persistent partial computation atoms,compiler/partial,CS-JBC-L-PARTIALS,settled required mechanism,Serial within CS-JBC-L-PARTIALS; parallel with other provider/workstream lanes after JBC-G2-EVIDENCE-CERTIFICATION.,CS-JBC-PP02,[proposed] include/CellShard/compiler/partial/;[proposed] src/compiler/partial/;[proposed] tests/jbc/partial/;[proposed] bench/jbc/partial/,"The contract/implementation is source-complete, independently validated, profiler-visible, and consumable through fixtures without central-file edits."
CS-JBC-PP04,Implement transform partial atoms,CellShard,CSPART,Persistent partial computation atoms,compiler/partial,CS-JBC-L-PARTIALS,settled required mechanism,Serial within CS-JBC-L-PARTIALS; parallel with other provider/workstream lanes after JBC-G2-EVIDENCE-CERTIFICATION.,CS-JBC-PP03,[proposed] include/CellShard/compiler/partial/;[proposed] src/compiler/partial/;[proposed] tests/jbc/partial/;[proposed] bench/jbc/partial/,"The contract/implementation is source-complete, independently validated, profiler-visible, and consumable through fixtures without central-file edits."
CS-JBC-PP05,Implement additive sufficient-state atoms,CellShard,CSPART,Persistent partial computation atoms,compiler/partial,CS-JBC-L-PARTIALS,settled required mechanism,Serial within CS-JBC-L-PARTIALS; parallel with other provider/workstream lanes after JBC-G2-EVIDENCE-CERTIFICATION.,CS-JBC-PP04,[proposed] include/CellShard/compiler/partial/;[proposed] src/compiler/partial/;[proposed] tests/jbc/partial/;[proposed] bench/jbc/partial/,"The contract/implementation is source-complete, independently validated, profiler-visible, and consumable through fixtures without central-file edits."
CS-JBC-PP06,Implement extrema partial atoms,CellShard,CSPART,Persistent partial computation atoms,compiler/partial,CS-JBC-L-PARTIALS,settled required mechanism,Serial within CS-JBC-L-PARTIALS; parallel with other provider/workstream lanes after JBC-G2-EVIDENCE-CERTIFICATION.,CS-JBC-PP05,[proposed] include/CellShard/compiler/partial/;[proposed] src/compiler/partial/;[proposed] tests/jbc/partial/;[proposed] bench/jbc/partial/,"The contract/implementation is source-complete, independently validated, profiler-visible, and consumable through fixtures without central-file edits."
CS-JBC-PP07,Implement log-sum-exp partial atoms,CellShard,CSPART,Persistent partial computation atoms,compiler/partial,CS-JBC-L-PARTIALS,settled required mechanism,Serial within CS-JBC-L-PARTIALS; parallel with other provider/workstream lanes after JBC-G2-EVIDENCE-CERTIFICATION.,CS-JBC-PP06,[proposed] include/CellShard/compiler/partial/;[proposed] src/compiler/partial/;[proposed] tests/jbc/partial/;[proposed] bench/jbc/partial/,"The contract/implementation is source-complete, independently validated, profiler-visible, and consumable through fixtures without central-file edits."
CS-JBC-PP08,Implement moments partial atoms,CellShard,CSPART,Persistent partial computation atoms,compiler/partial,CS-JBC-L-PARTIALS,settled required mechanism,Serial within CS-JBC-L-PARTIALS; parallel with other provider/workstream lanes after JBC-G2-EVIDENCE-CERTIFICATION.,CS-JBC-PP07,[proposed] include/CellShard/compiler/partial/;[proposed] src/compiler/partial/;[proposed] tests/jbc/partial/;[proposed] bench/jbc/partial/,"The contract/implementation is source-complete, independently validated, profiler-visible, and consumable through fixtures without central-file edits."
CS-JBC-PP09,Implement segment-summary partial atoms,CellShard,CSPART,Persistent partial computation atoms,compiler/partial,CS-JBC-L-PARTIALS,settled required mechanism,Serial within CS-JBC-L-PARTIALS; parallel with other provider/workstream lanes after JBC-G2-EVIDENCE-CERTIFICATION.,CS-JBC-PP08,[proposed] include/CellShard/compiler/partial/;[proposed] src/compiler/partial/;[proposed] tests/jbc/partial/;[proposed] bench/jbc/partial/,"The contract/implementation is source-complete, independently validated, profiler-visible, and consumable through fixtures without central-file edits."
CS-JBC-PP10,Implement local relation-contribution partial atoms,CellShard,CSPART,Persistent partial computation atoms,compiler/partial,CS-JBC-L-PARTIALS,settled required mechanism,Serial within CS-JBC-L-PARTIALS; parallel with other provider/workstream lanes after JBC-G2-EVIDENCE-CERTIFICATION.,CS-JBC-PP09,[proposed] include/CellShard/compiler/partial/;[proposed] src/compiler/partial/;[proposed] tests/jbc/partial/;[proposed] bench/jbc/partial/,"The contract/implementation is source-complete, independently validated, profiler-visible, and consumable through fixtures without central-file edits."
CS-JBC-PP11,Implement gathered-panel partial atoms,CellShard,CSPART,Persistent partial computation atoms,compiler/partial,CS-JBC-L-PARTIALS,settled required mechanism,Serial within CS-JBC-L-PARTIALS; parallel with other provider/workstream lanes after JBC-G2-EVIDENCE-CERTIFICATION.,CS-JBC-PP10,[proposed] include/CellShard/compiler/partial/;[proposed] src/compiler/partial/;[proposed] tests/jbc/partial/;[proposed] bench/jbc/partial/,"The contract/implementation is source-complete, independently validated, profiler-visible, and consumable through fixtures without central-file edits."
CS-JBC-PP12,Implement static-transform output partials,CellShard,CSPART,Persistent partial computation atoms,compiler/partial,CS-JBC-L-PARTIALS,settled required mechanism,Serial within CS-JBC-L-PARTIALS; parallel with other provider/workstream lanes after JBC-G2-EVIDENCE-CERTIFICATION.,CS-JBC-PP11,[proposed] include/CellShard/compiler/partial/;[proposed] src/compiler/partial/;[proposed] tests/jbc/partial/;[proposed] bench/jbc/partial/,"The contract/implementation is source-complete, independently validated, profiler-visible, and consumable through fixtures without central-file edits."
CS-JBC-PP13,Implement trajectory-prefix state partials,CellShard,CSPART,Persistent partial computation atoms,compiler/partial,CS-JBC-L-PARTIALS,settled required mechanism,Serial within CS-JBC-L-PARTIALS; parallel with other provider/workstream lanes after JBC-G2-EVIDENCE-CERTIFICATION.,CS-JBC-PP12,[proposed] include/CellShard/compiler/partial/;[proposed] src/compiler/partial/;[proposed] tests/jbc/partial/;[proposed] bench/jbc/partial/,"The contract/implementation is source-complete, independently validated, profiler-visible, and consumable through fixtures without central-file edits."
CS-JBC-PP14,Implement parameterized partial-function atoms,CellShard,CSPART,Persistent partial computation atoms,compiler/partial,CS-JBC-L-PARTIALS,settled required mechanism,Serial within CS-JBC-L-PARTIALS; parallel with other provider/workstream lanes after JBC-G2-EVIDENCE-CERTIFICATION.,CS-JBC-PP13,[proposed] include/CellShard/compiler/partial/;[proposed] src/compiler/partial/;[proposed] tests/jbc/partial/;[proposed] bench/jbc/partial/,"The contract/implementation is source-complete, independently validated, profiler-visible, and consumable through fixtures without central-file edits."
CS-JBC-PP15,Implement legal gradient partial atoms,CellShard,CSPART,Persistent partial computation atoms,compiler/partial,CS-JBC-L-PARTIALS,settled required mechanism,Serial within CS-JBC-L-PARTIALS; parallel with other provider/workstream lanes after JBC-G2-EVIDENCE-CERTIFICATION.,CS-JBC-PP14,[proposed] include/CellShard/compiler/partial/;[proposed] src/compiler/partial/;[proposed] tests/jbc/partial/;[proposed] bench/jbc/partial/,"The contract/implementation is source-complete, independently validated, profiler-visible, and consumable through fixtures without central-file edits."
CS-JBC-PP16,Serialize and materialize partial atoms,CellShard,CSPART,Persistent partial computation atoms,compiler/partial,CS-JBC-L-PARTIALS,settled required mechanism,Serial within CS-JBC-L-PARTIALS; parallel with other provider/workstream lanes after JBC-G2-EVIDENCE-CERTIFICATION.,CS-JBC-PP15,[proposed] include/CellShard/compiler/partial/;[proposed] src/compiler/partial/;[proposed] tests/jbc/partial/;[proposed] bench/jbc/partial/,"The contract/implementation is source-complete, independently validated, profiler-visible, and consumable through fixtures without central-file edits."
CS-JBC-PP17,Independently validate partial atoms and merge trees,CellShard,CSPART,Persistent partial computation atoms,compiler/partial,CS-JBC-L-PARTIALS,validation/evidence,Serial within CS-JBC-L-PARTIALS; parallel with other provider/workstream lanes after JBC-G2-EVIDENCE-CERTIFICATION.,CS-JBC-PP16,[proposed] include/CellShard/compiler/partial/;[proposed] src/compiler/partial/;[proposed] tests/jbc/partial/;[proposed] bench/jbc/partial/,"The contract/implementation is source-complete, independently validated, profiler-visible, and consumable through fixtures without central-file edits."
CS-JBC-PP18,Evaluate partial profitability and promotion,CellShard,CSPART,Persistent partial computation atoms,compiler/partial,CS-JBC-L-PARTIALS,settled required mechanism,Serial within CS-JBC-L-PARTIALS; parallel with other provider/workstream lanes after JBC-G2-EVIDENCE-CERTIFICATION.,CS-JBC-PP17,[proposed] include/CellShard/compiler/partial/;[proposed] src/compiler/partial/;[proposed] tests/jbc/partial/;[proposed] bench/jbc/partial/,"The contract/implementation is source-complete, independently validated, profiler-visible, and consumable through fixtures without central-file edits."
CS-JBC-ST01,Freeze the atom-store v1 format charter and collision-free name,CellShard,CSSTORE,Atom-native immutable persistence and lowering artifacts,artifact/atom_store,CS-JBC-L-PERSISTENCE,generic infrastructure supporting the biology-native compiler,Serial within CS-JBC-L-PERSISTENCE; parallel with other provider/workstream lanes after JBC-G1-ATOM-THIN-WAIST.,CS-JBC-A20;CS-JBC-O02,[proposed] include/CellShard/artifact/atom_store/;[proposed] src/artifact/atom_store/;[proposed] docs/SPEC_ATOM_STORE_V1.md;[proposed] tests/jbc/atom_store/,"The contract/implementation is source-complete, independently validated, profiler-visible, and consumable through fixtures without central-file edits."
CS-JBC-ST02,Add a strong algorithm-tagged content digest,CellShard,CSSTORE,Atom-native immutable persistence and lowering artifacts,artifact/atom_store,CS-JBC-L-PERSISTENCE,generic infrastructure supporting the biology-native compiler,Serial within CS-JBC-L-PERSISTENCE; parallel with other provider/workstream lanes after JBC-G1-ATOM-THIN-WAIST.,CS-JBC-ST01,[proposed] include/CellShard/artifact/atom_store/;[proposed] src/artifact/atom_store/;[proposed] docs/SPEC_ATOM_STORE_V1.md;[proposed] tests/jbc/atom_store/,"The contract/implementation is source-complete, independently validated, profiler-visible, and consumable through fixtures without central-file edits."
CS-JBC-ST03,"Separate semantic, content, action, materialization, and replica identity",CellShard,CSSTORE,Atom-native immutable persistence and lowering artifacts,artifact/atom_store,CS-JBC-L-PERSISTENCE,generic infrastructure supporting the biology-native compiler,Serial within CS-JBC-L-PERSISTENCE; parallel with other provider/workstream lanes after JBC-G1-ATOM-THIN-WAIST.,CS-JBC-ST02,[proposed] include/CellShard/artifact/atom_store/;[proposed] src/artifact/atom_store/;[proposed] docs/SPEC_ATOM_STORE_V1.md;[proposed] tests/jbc/atom_store/,"The contract/implementation is source-complete, independently validated, profiler-visible, and consumable through fixtures without central-file edits."
CS-JBC-ST04,Define the immutable root-generation manifest,CellShard,CSSTORE,Atom-native immutable persistence and lowering artifacts,artifact/atom_store,CS-JBC-L-PERSISTENCE,generic infrastructure supporting the biology-native compiler,Serial within CS-JBC-L-PERSISTENCE; parallel with other provider/workstream lanes after JBC-G1-ATOM-THIN-WAIST.,CS-JBC-ST03,[proposed] include/CellShard/artifact/atom_store/;[proposed] src/artifact/atom_store/;[proposed] docs/SPEC_ATOM_STORE_V1.md;[proposed] tests/jbc/atom_store/,"The contract/implementation is source-complete, independently validated, profiler-visible, and consumable through fixtures without central-file edits."
CS-JBC-ST05,Define atom-dictionary records,CellShard,CSSTORE,Atom-native immutable persistence and lowering artifacts,artifact/atom_store,CS-JBC-L-PERSISTENCE,generic infrastructure supporting the biology-native compiler,Serial within CS-JBC-L-PERSISTENCE; parallel with other provider/workstream lanes after JBC-G1-ATOM-THIN-WAIST.,CS-JBC-ST04,[proposed] include/CellShard/artifact/atom_store/;[proposed] src/artifact/atom_store/;[proposed] docs/SPEC_ATOM_STORE_V1.md;[proposed] tests/jbc/atom_store/,"The contract/implementation is source-complete, independently validated, profiler-visible, and consumable through fixtures without central-file edits."
CS-JBC-ST06,Define the exact coverage index,CellShard,CSSTORE,Atom-native immutable persistence and lowering artifacts,artifact/atom_store,CS-JBC-L-PERSISTENCE,generic infrastructure supporting the biology-native compiler,Serial within CS-JBC-L-PERSISTENCE; parallel with other provider/workstream lanes after JBC-G1-ATOM-THIN-WAIST.,CS-JBC-ST05,[proposed] include/CellShard/artifact/atom_store/;[proposed] src/artifact/atom_store/;[proposed] docs/SPEC_ATOM_STORE_V1.md;[proposed] tests/jbc/atom_store/,"The contract/implementation is source-complete, independently validated, profiler-visible, and consumable through fixtures without central-file edits."
CS-JBC-ST07,Define plane and physical-view indexes,CellShard,CSSTORE,Atom-native immutable persistence and lowering artifacts,artifact/atom_store,CS-JBC-L-PERSISTENCE,generic infrastructure supporting the biology-native compiler,Serial within CS-JBC-L-PERSISTENCE; parallel with other provider/workstream lanes after JBC-G1-ATOM-THIN-WAIST.,CS-JBC-ST06,[proposed] include/CellShard/artifact/atom_store/;[proposed] src/artifact/atom_store/;[proposed] docs/SPEC_ATOM_STORE_V1.md;[proposed] tests/jbc/atom_store/,"The contract/implementation is source-complete, independently validated, profiler-visible, and consumable through fixtures without central-file edits."
CS-JBC-ST08,Define composition and grammar records,CellShard,CSSTORE,Atom-native immutable persistence and lowering artifacts,artifact/atom_store,CS-JBC-L-PERSISTENCE,generic infrastructure supporting the biology-native compiler,Serial within CS-JBC-L-PERSISTENCE; parallel with other provider/workstream lanes after JBC-G1-ATOM-THIN-WAIST.,CS-JBC-ST07,[proposed] include/CellShard/artifact/atom_store/;[proposed] src/artifact/atom_store/;[proposed] docs/SPEC_ATOM_STORE_V1.md;[proposed] tests/jbc/atom_store/,"The contract/implementation is source-complete, independently validated, profiler-visible, and consumable through fixtures without central-file edits."
CS-JBC-ST09,Define basis and superatom records,CellShard,CSSTORE,Atom-native immutable persistence and lowering artifacts,artifact/atom_store,CS-JBC-L-PERSISTENCE,generic infrastructure supporting the biology-native compiler,Serial within CS-JBC-L-PERSISTENCE; parallel with other provider/workstream lanes after JBC-G1-ATOM-THIN-WAIST.,CS-JBC-ST08,[proposed] include/CellShard/artifact/atom_store/;[proposed] src/artifact/atom_store/;[proposed] docs/SPEC_ATOM_STORE_V1.md;[proposed] tests/jbc/atom_store/,"The contract/implementation is source-complete, independently validated, profiler-visible, and consumable through fixtures without central-file edits."
CS-JBC-ST10,Define partial and lowering-resumption records,CellShard,CSSTORE,Atom-native immutable persistence and lowering artifacts,artifact/atom_store,CS-JBC-L-PERSISTENCE,generic infrastructure supporting the biology-native compiler,Serial within CS-JBC-L-PERSISTENCE; parallel with other provider/workstream lanes after JBC-G1-ATOM-THIN-WAIST.,CS-JBC-ST09,[proposed] include/CellShard/artifact/atom_store/;[proposed] src/artifact/atom_store/;[proposed] docs/SPEC_ATOM_STORE_V1.md;[proposed] tests/jbc/atom_store/,"The contract/implementation is source-complete, independently validated, profiler-visible, and consumable through fixtures without central-file edits."
CS-JBC-ST11,Define the large arena header and directory,CellShard,CSSTORE,Atom-native immutable persistence and lowering artifacts,artifact/atom_store,CS-JBC-L-PERSISTENCE,generic infrastructure supporting the biology-native compiler,Serial within CS-JBC-L-PERSISTENCE; parallel with other provider/workstream lanes after JBC-G1-ATOM-THIN-WAIST.,CS-JBC-ST10,[proposed] include/CellShard/artifact/atom_store/;[proposed] src/artifact/atom_store/;[proposed] docs/SPEC_ATOM_STORE_V1.md;[proposed] tests/jbc/atom_store/,"The contract/implementation is source-complete, independently validated, profiler-visible, and consumable through fixtures without central-file edits."
CS-JBC-ST12,Define independently addressable atom-frame headers,CellShard,CSSTORE,Atom-native immutable persistence and lowering artifacts,artifact/atom_store,CS-JBC-L-PERSISTENCE,generic infrastructure supporting the biology-native compiler,Serial within CS-JBC-L-PERSISTENCE; parallel with other provider/workstream lanes after JBC-G1-ATOM-THIN-WAIST.,CS-JBC-ST11,[proposed] include/CellShard/artifact/atom_store/;[proposed] src/artifact/atom_store/;[proposed] docs/SPEC_ATOM_STORE_V1.md;[proposed] tests/jbc/atom_store/,"The contract/implementation is source-complete, independently validated, profiler-visible, and consumable through fixtures without central-file edits."
CS-JBC-ST13,Define multi-frame and multi-extent atom mappings,CellShard,CSSTORE,Atom-native immutable persistence and lowering artifacts,artifact/atom_store,CS-JBC-L-PERSISTENCE,generic infrastructure supporting the biology-native compiler,Serial within CS-JBC-L-PERSISTENCE; parallel with other provider/workstream lanes after JBC-G1-ATOM-THIN-WAIST.,CS-JBC-ST12,[proposed] include/CellShard/artifact/atom_store/;[proposed] src/artifact/atom_store/;[proposed] docs/SPEC_ATOM_STORE_V1.md;[proposed] tests/jbc/atom_store/,"The contract/implementation is source-complete, independently validated, profiler-visible, and consumable through fixtures without central-file edits."
CS-JBC-ST14,Define encoded-replica descriptors,CellShard,CSSTORE,Atom-native immutable persistence and lowering artifacts,artifact/atom_store,CS-JBC-L-PERSISTENCE,generic infrastructure supporting the biology-native compiler,Serial within CS-JBC-L-PERSISTENCE; parallel with other provider/workstream lanes after JBC-G1-ATOM-THIN-WAIST.,CS-JBC-ST13,[proposed] include/CellShard/artifact/atom_store/;[proposed] src/artifact/atom_store/;[proposed] docs/SPEC_ATOM_STORE_V1.md;[proposed] tests/jbc/atom_store/,"The contract/implementation is source-complete, independently validated, profiler-visible, and consumable through fixtures without central-file edits."
CS-JBC-ST15,Implement the positive action cache,CellShard,CSSTORE,Atom-native immutable persistence and lowering artifacts,artifact/atom_store,CS-JBC-L-PERSISTENCE,generic infrastructure supporting the biology-native compiler,Serial within CS-JBC-L-PERSISTENCE; parallel with other provider/workstream lanes after JBC-G1-ATOM-THIN-WAIST.,CS-JBC-ST14,[proposed] include/CellShard/artifact/atom_store/;[proposed] src/artifact/atom_store/;[proposed] docs/SPEC_ATOM_STORE_V1.md;[proposed] tests/jbc/atom_store/,"The contract/implementation is source-complete, independently validated, profiler-visible, and consumable through fixtures without central-file edits."
CS-JBC-ST16,Implement the negative action cache,CellShard,CSSTORE,Atom-native immutable persistence and lowering artifacts,artifact/atom_store,CS-JBC-L-PERSISTENCE,generic infrastructure supporting the biology-native compiler,Serial within CS-JBC-L-PERSISTENCE; parallel with other provider/workstream lanes after JBC-G1-ATOM-THIN-WAIST.,CS-JBC-ST15,[proposed] include/CellShard/artifact/atom_store/;[proposed] src/artifact/atom_store/;[proposed] docs/SPEC_ATOM_STORE_V1.md;[proposed] tests/jbc/atom_store/,"The contract/implementation is source-complete, independently validated, profiler-visible, and consumable through fixtures without central-file edits."
CS-JBC-ST17,Implement composition lineage and provenance records,CellShard,CSSTORE,Atom-native immutable persistence and lowering artifacts,artifact/atom_store,CS-JBC-L-PERSISTENCE,generic infrastructure supporting the biology-native compiler,Serial within CS-JBC-L-PERSISTENCE; parallel with other provider/workstream lanes after JBC-G1-ATOM-THIN-WAIST.,CS-JBC-ST16,[proposed] include/CellShard/artifact/atom_store/;[proposed] src/artifact/atom_store/;[proposed] docs/SPEC_ATOM_STORE_V1.md;[proposed] tests/jbc/atom_store/,"The contract/implementation is source-complete, independently validated, profiler-visible, and consumable through fixtures without central-file edits."
CS-JBC-ST18,Implement two-pass atom-store writer requirements and fill,CellShard,CSSTORE,Atom-native immutable persistence and lowering artifacts,artifact/atom_store,CS-JBC-L-PERSISTENCE,generic infrastructure supporting the biology-native compiler,Serial within CS-JBC-L-PERSISTENCE; parallel with other provider/workstream lanes after JBC-G1-ATOM-THIN-WAIST.,CS-JBC-ST17,[proposed] include/CellShard/artifact/atom_store/;[proposed] src/artifact/atom_store/;[proposed] docs/SPEC_ATOM_STORE_V1.md;[proposed] tests/jbc/atom_store/,"The contract/implementation is source-complete, independently validated, profiler-visible, and consumable through fixtures without central-file edits."
CS-JBC-ST19,Implement metadata-only reader and inspector,CellShard,CSSTORE,Atom-native immutable persistence and lowering artifacts,artifact/atom_store,CS-JBC-L-PERSISTENCE,generic infrastructure supporting the biology-native compiler,Serial within CS-JBC-L-PERSISTENCE; parallel with other provider/workstream lanes after JBC-G1-ATOM-THIN-WAIST.,CS-JBC-ST18,[proposed] include/CellShard/artifact/atom_store/;[proposed] src/artifact/atom_store/;[proposed] docs/SPEC_ATOM_STORE_V1.md;[proposed] tests/jbc/atom_store/,"The contract/implementation is source-complete, independently validated, profiler-visible, and consumable through fixtures without central-file edits."
CS-JBC-ST20,Implement exact multi-range atom source adapter,CellShard,CSSTORE,Atom-native immutable persistence and lowering artifacts,artifact/atom_store,CS-JBC-L-PERSISTENCE,generic infrastructure supporting the biology-native compiler,Serial within CS-JBC-L-PERSISTENCE; parallel with other provider/workstream lanes after JBC-G1-ATOM-THIN-WAIST.,CS-JBC-ST19,[proposed] include/CellShard/artifact/atom_store/;[proposed] src/artifact/atom_store/;[proposed] docs/SPEC_ATOM_STORE_V1.md;[proposed] tests/jbc/atom_store/,"The contract/implementation is source-complete, independently validated, profiler-visible, and consumable through fixtures without central-file edits."
CS-JBC-ST21,Implement atomic publication and durable root switch,CellShard,CSSTORE,Atom-native immutable persistence and lowering artifacts,artifact/atom_store,CS-JBC-L-PERSISTENCE,generic infrastructure supporting the biology-native compiler,Serial within CS-JBC-L-PERSISTENCE; parallel with other provider/workstream lanes after JBC-G1-ATOM-THIN-WAIST.,CS-JBC-ST20,[proposed] include/CellShard/artifact/atom_store/;[proposed] src/artifact/atom_store/;[proposed] docs/SPEC_ATOM_STORE_V1.md;[proposed] tests/jbc/atom_store/,"The contract/implementation is source-complete, independently validated, profiler-visible, and consumable through fixtures without central-file edits."
CS-JBC-ST22,Implement crash recovery and orphan detection,CellShard,CSSTORE,Atom-native immutable persistence and lowering artifacts,artifact/atom_store,CS-JBC-L-PERSISTENCE,generic infrastructure supporting the biology-native compiler,Serial within CS-JBC-L-PERSISTENCE; parallel with other provider/workstream lanes after JBC-G1-ATOM-THIN-WAIST.,CS-JBC-ST21,[proposed] include/CellShard/artifact/atom_store/;[proposed] src/artifact/atom_store/;[proposed] docs/SPEC_ATOM_STORE_V1.md;[proposed] tests/jbc/atom_store/,"The contract/implementation is source-complete, independently validated, profiler-visible, and consumable through fixtures without central-file edits."
CS-JBC-ST23,Implement consolidation,CellShard,CSSTORE,Atom-native immutable persistence and lowering artifacts,artifact/atom_store,CS-JBC-L-PERSISTENCE,generic infrastructure supporting the biology-native compiler,Serial within CS-JBC-L-PERSISTENCE; parallel with other provider/workstream lanes after JBC-G1-ATOM-THIN-WAIST.,CS-JBC-ST22,[proposed] include/CellShard/artifact/atom_store/;[proposed] src/artifact/atom_store/;[proposed] docs/SPEC_ATOM_STORE_V1.md;[proposed] tests/jbc/atom_store/,"The contract/implementation is source-complete, independently validated, profiler-visible, and consumable through fixtures without central-file edits."
CS-JBC-ST24,Implement reachability garbage collection and snapshot pins,CellShard,CSSTORE,Atom-native immutable persistence and lowering artifacts,artifact/atom_store,CS-JBC-L-PERSISTENCE,generic infrastructure supporting the biology-native compiler,Serial within CS-JBC-L-PERSISTENCE; parallel with other provider/workstream lanes after JBC-G1-ATOM-THIN-WAIST.,CS-JBC-ST23,[proposed] include/CellShard/artifact/atom_store/;[proposed] src/artifact/atom_store/;[proposed] docs/SPEC_ATOM_STORE_V1.md;[proposed] tests/jbc/atom_store/,"The contract/implementation is source-complete, independently validated, profiler-visible, and consumable through fixtures without central-file edits."
CS-JBC-ST25,"Implement CSH5, CSPACK, CPEXEC01/02 compatibility import",CellShard,CSSTORE,Atom-native immutable persistence and lowering artifacts,artifact/atom_store,CS-JBC-L-PERSISTENCE,compatibility/migration,Serial within CS-JBC-L-PERSISTENCE; parallel with other provider/workstream lanes after JBC-G1-ATOM-THIN-WAIST.,CS-JBC-ST24,[proposed] include/CellShard/artifact/atom_store/;[proposed] src/artifact/atom_store/;[proposed] docs/SPEC_ATOM_STORE_V1.md;[proposed] tests/jbc/atom_store/,"The contract/implementation is source-complete, independently validated, profiler-visible, and consumable through fixtures without central-file edits."
CS-JBC-ST26,Implement codec-provider registry and raw/index baselines,CellShard,CSSTORE,Atom-native immutable persistence and lowering artifacts,artifact/atom_store,CS-JBC-L-PERSISTENCE,generic infrastructure supporting the biology-native compiler,Serial within CS-JBC-L-PERSISTENCE; parallel with other provider/workstream lanes after JBC-G1-ATOM-THIN-WAIST.,CS-JBC-ST25,[proposed] include/CellShard/artifact/atom_store/;[proposed] src/artifact/atom_store/;[proposed] docs/SPEC_ATOM_STORE_V1.md;[proposed] tests/jbc/atom_store/,"The contract/implementation is source-complete, independently validated, profiler-visible, and consumable through fixtures without central-file edits."
CS-JBC-ST27,Implement CPU block-compression candidates,CellShard,CSSTORE,Atom-native immutable persistence and lowering artifacts,artifact/atom_store,CS-JBC-L-PERSISTENCE,generic infrastructure supporting the biology-native compiler,Serial within CS-JBC-L-PERSISTENCE; parallel with other provider/workstream lanes after JBC-G1-ATOM-THIN-WAIST.,CS-JBC-ST26,[proposed] include/CellShard/artifact/atom_store/;[proposed] src/artifact/atom_store/;[proposed] docs/SPEC_ATOM_STORE_V1.md;[proposed] tests/jbc/atom_store/,"The contract/implementation is source-complete, independently validated, profiler-visible, and consumable through fixtures without central-file edits."
CS-JBC-ST28,Implement GPU or atom-aware compression experiment,CellShard,CSSTORE,Atom-native immutable persistence and lowering artifacts,artifact/atom_store,CS-JBC-L-PERSISTENCE,generic infrastructure supporting the biology-native compiler,Serial within CS-JBC-L-PERSISTENCE; parallel with other provider/workstream lanes after JBC-G1-ATOM-THIN-WAIST.,CS-JBC-ST27,[proposed] include/CellShard/artifact/atom_store/;[proposed] src/artifact/atom_store/;[proposed] docs/SPEC_ATOM_STORE_V1.md;[proposed] tests/jbc/atom_store/,"The contract/implementation is source-complete, independently validated, profiler-visible, and consumable through fixtures without central-file edits."
CS-JBC-ST29,Implement experimental GPU-assisted atom linking,CellShard,CSSTORE,Atom-native immutable persistence and lowering artifacts,artifact/atom_store,CS-JBC-L-PERSISTENCE,experimental candidate; baseline and negative result required,Serial within CS-JBC-L-PERSISTENCE; parallel with other provider/workstream lanes after JBC-G1-ATOM-THIN-WAIST.,CS-JBC-ST28,[proposed] include/CellShard/artifact/atom_store/;[proposed] src/artifact/atom_store/;[proposed] docs/SPEC_ATOM_STORE_V1.md;[proposed] tests/jbc/atom_store/,"The contract/implementation is source-complete, independently validated, profiler-visible, and consumable through fixtures without central-file edits."
CS-JBC-Q01,Define the source-linked global operation-provider descriptor,CellShard,CSGLOBAL,CellShard global operation graph and portable schedule compiler,compiler/graph and compiler/schedule,CS-JBC-L-GLOBAL-IR,settled required mechanism,Serial within CS-JBC-L-GLOBAL-IR; parallel with other provider/workstream lanes after JBC-G3-CELLERATOR-FRAGMENT.,CS-JBC-BS04;receipt:CE-JBC-F14,[proposed] include/CellShard/compiler/graph/;[proposed] include/CellShard/compiler/schedule/;[proposed] src/compiler/graph/;[proposed] src/compiler/schedule/;[proposed] tests/jbc/global_ir/,"The contract/implementation is source-complete, independently validated, profiler-visible, and consumable through fixtures without central-file edits."
CS-JBC-Q02,Define global operation nodes and typed ports,CellShard,CSGLOBAL,CellShard global operation graph and portable schedule compiler,compiler/graph and compiler/schedule,CS-JBC-L-GLOBAL-IR,settled required mechanism,Serial within CS-JBC-L-GLOBAL-IR; parallel with other provider/workstream lanes after JBC-G3-CELLERATOR-FRAGMENT.,CS-JBC-Q01,[proposed] include/CellShard/compiler/graph/;[proposed] include/CellShard/compiler/schedule/;[proposed] src/compiler/graph/;[proposed] src/compiler/schedule/;[proposed] tests/jbc/global_ir/,"The contract/implementation is source-complete, independently validated, profiler-visible, and consumable through fixtures without central-file edits."
CS-JBC-Q03,Define explicit access and effect semantics,CellShard,CSGLOBAL,CellShard global operation graph and portable schedule compiler,compiler/graph and compiler/schedule,CS-JBC-L-GLOBAL-IR,settled required mechanism,Serial within CS-JBC-L-GLOBAL-IR; parallel with other provider/workstream lanes after JBC-G3-CELLERATOR-FRAGMENT.,CS-JBC-Q02,[proposed] include/CellShard/compiler/graph/;[proposed] include/CellShard/compiler/schedule/;[proposed] src/compiler/graph/;[proposed] src/compiler/schedule/;[proposed] tests/jbc/global_ir/,"The contract/implementation is source-complete, independently validated, profiler-visible, and consumable through fixtures without central-file edits."
CS-JBC-Q04,Define atom dependency edges,CellShard,CSGLOBAL,CellShard global operation graph and portable schedule compiler,compiler/graph and compiler/schedule,CS-JBC-L-GLOBAL-IR,settled required mechanism,Serial within CS-JBC-L-GLOBAL-IR; parallel with other provider/workstream lanes after JBC-G3-CELLERATOR-FRAGMENT.,CS-JBC-Q03,[proposed] include/CellShard/compiler/graph/;[proposed] include/CellShard/compiler/schedule/;[proposed] src/compiler/graph/;[proposed] src/compiler/schedule/;[proposed] tests/jbc/global_ir/,"The contract/implementation is source-complete, independently validated, profiler-visible, and consumable through fixtures without central-file edits."
CS-JBC-Q05,Define graph-family identity and workload distribution,CellShard,CSGLOBAL,CellShard global operation graph and portable schedule compiler,compiler/graph and compiler/schedule,CS-JBC-L-GLOBAL-IR,settled required mechanism,Serial within CS-JBC-L-GLOBAL-IR; parallel with other provider/workstream lanes after JBC-G3-CELLERATOR-FRAGMENT.,CS-JBC-Q04,[proposed] include/CellShard/compiler/graph/;[proposed] include/CellShard/compiler/schedule/;[proposed] src/compiler/graph/;[proposed] src/compiler/schedule/;[proposed] tests/jbc/global_ir/,"The contract/implementation is source-complete, independently validated, profiler-visible, and consumable through fixtures without central-file edits."
CS-JBC-Q06,Implement compact parameterized graph recipes,CellShard,CSGLOBAL,CellShard global operation graph and portable schedule compiler,compiler/graph and compiler/schedule,CS-JBC-L-GLOBAL-IR,settled required mechanism,Serial within CS-JBC-L-GLOBAL-IR; parallel with other provider/workstream lanes after JBC-G3-CELLERATOR-FRAGMENT.,CS-JBC-Q05,[proposed] include/CellShard/compiler/graph/;[proposed] include/CellShard/compiler/schedule/;[proposed] src/compiler/graph/;[proposed] src/compiler/schedule/;[proposed] tests/jbc/global_ir/,"The contract/implementation is source-complete, independently validated, profiler-visible, and consumable through fixtures without central-file edits."
CS-JBC-Q07,Define candidate physical-graph realizations,CellShard,CSGLOBAL,CellShard global operation graph and portable schedule compiler,compiler/graph and compiler/schedule,CS-JBC-L-GLOBAL-IR,settled required mechanism,Serial within CS-JBC-L-GLOBAL-IR; parallel with other provider/workstream lanes after JBC-G3-CELLERATOR-FRAGMENT.,CS-JBC-Q06,[proposed] include/CellShard/compiler/graph/;[proposed] include/CellShard/compiler/schedule/;[proposed] src/compiler/graph/;[proposed] src/compiler/schedule/;[proposed] tests/jbc/global_ir/,"The contract/implementation is source-complete, independently validated, profiler-visible, and consumable through fixtures without central-file edits."
CS-JBC-Q08,Define the portable schedule artifact,CellShard,CSGLOBAL,CellShard global operation graph and portable schedule compiler,compiler/graph and compiler/schedule,CS-JBC-L-GLOBAL-IR,settled required mechanism,Serial within CS-JBC-L-GLOBAL-IR; parallel with other provider/workstream lanes after JBC-G3-CELLERATOR-FRAGMENT.,CS-JBC-Q07,[proposed] include/CellShard/compiler/graph/;[proposed] include/CellShard/compiler/schedule/;[proposed] src/compiler/graph/;[proposed] src/compiler/schedule/;[proposed] tests/jbc/global_ir/,"The contract/implementation is source-complete, independently validated, profiler-visible, and consumable through fixtures without central-file edits."
CS-JBC-Q09,"Implement exact, relink, retarget, and recompile replay modes",CellShard,CSGLOBAL,CellShard global operation graph and portable schedule compiler,compiler/graph and compiler/schedule,CS-JBC-L-GLOBAL-IR,settled required mechanism,Serial within CS-JBC-L-GLOBAL-IR; parallel with other provider/workstream lanes after JBC-G3-CELLERATOR-FRAGMENT.,CS-JBC-Q08,[proposed] include/CellShard/compiler/graph/;[proposed] include/CellShard/compiler/schedule/;[proposed] src/compiler/graph/;[proposed] src/compiler/schedule/;[proposed] tests/jbc/global_ir/,"The contract/implementation is source-complete, independently validated, profiler-visible, and consumable through fixtures without central-file edits."
CS-JBC-Q10,Define legal graph-rewrite descriptors,CellShard,CSGLOBAL,CellShard global operation graph and portable schedule compiler,compiler/graph and compiler/schedule,CS-JBC-L-GLOBAL-IR,settled required mechanism,Serial within CS-JBC-L-GLOBAL-IR; parallel with other provider/workstream lanes after JBC-G3-CELLERATOR-FRAGMENT.,CS-JBC-Q09,[proposed] include/CellShard/compiler/graph/;[proposed] include/CellShard/compiler/schedule/;[proposed] src/compiler/graph/;[proposed] src/compiler/schedule/;[proposed] tests/jbc/global_ir/,"The contract/implementation is source-complete, independently validated, profiler-visible, and consumable through fixtures without central-file edits."
CS-JBC-Q11,Compile global partial-result trees,CellShard,CSGLOBAL,CellShard global operation graph and portable schedule compiler,compiler/graph and compiler/schedule,CS-JBC-L-GLOBAL-IR,settled required mechanism,Serial within CS-JBC-L-GLOBAL-IR; parallel with other provider/workstream lanes after JBC-G3-CELLERATOR-FRAGMENT.,CS-JBC-Q10,[proposed] include/CellShard/compiler/graph/;[proposed] include/CellShard/compiler/schedule/;[proposed] src/compiler/graph/;[proposed] src/compiler/schedule/;[proposed] tests/jbc/global_ir/,"The contract/implementation is source-complete, independently validated, profiler-visible, and consumable through fixtures without central-file edits."
CS-JBC-Q12,Integrate the exact distributed certificate,CellShard,CSGLOBAL,CellShard global operation graph and portable schedule compiler,compiler/graph and compiler/schedule,CS-JBC-L-GLOBAL-IR,validation/evidence,Serial within CS-JBC-L-GLOBAL-IR; parallel with other provider/workstream lanes after JBC-G3-CELLERATOR-FRAGMENT.,CS-JBC-Q11,[proposed] include/CellShard/compiler/graph/;[proposed] include/CellShard/compiler/schedule/;[proposed] src/compiler/graph/;[proposed] src/compiler/schedule/;[proposed] tests/jbc/global_ir/,"The contract/implementation is source-complete, independently validated, profiler-visible, and consumable through fixtures without central-file edits."
CS-JBC-Q13,Serialize global IR and emit profiler identities,CellShard,CSGLOBAL,CellShard global operation graph and portable schedule compiler,compiler/graph and compiler/schedule,CS-JBC-L-GLOBAL-IR,settled required mechanism,Serial within CS-JBC-L-GLOBAL-IR; parallel with other provider/workstream lanes after JBC-G3-CELLERATOR-FRAGMENT.,CS-JBC-Q12,[proposed] include/CellShard/compiler/graph/;[proposed] include/CellShard/compiler/schedule/;[proposed] src/compiler/graph/;[proposed] src/compiler/schedule/;[proposed] tests/jbc/global_ir/,"The contract/implementation is source-complete, independently validated, profiler-visible, and consumable through fixtures without central-file edits."
CS-JBC-Q14,Implement a mock non-Cellerator operation provider,CellShard,CSGLOBAL,CellShard global operation graph and portable schedule compiler,compiler/graph and compiler/schedule,CS-JBC-L-GLOBAL-IR,settled required mechanism,Serial within CS-JBC-L-GLOBAL-IR; parallel with other provider/workstream lanes after JBC-G3-CELLERATOR-FRAGMENT.,CS-JBC-Q13,[proposed] include/CellShard/compiler/graph/;[proposed] include/CellShard/compiler/schedule/;[proposed] src/compiler/graph/;[proposed] src/compiler/schedule/;[proposed] tests/jbc/global_ir/,"The contract/implementation is source-complete, independently validated, profiler-visible, and consumable through fixtures without central-file edits."
CS-JBC-RT01,Define the immutable topology profile,CellShard,CSRUNTIME,"CellShard topology, I/O, transport, residency, and runtime lowering",runtime/v2,CS-JBC-L-RUNTIME,generic infrastructure supporting the biology-native compiler,Serial within CS-JBC-L-RUNTIME; parallel with other provider/workstream lanes after JBC-G5-PARTIAL-ARTIFACT.,CS-JBC-Q14;CS-JBC-ST20,[proposed] include/CellShard/runtime/v2/;[proposed] src/runtime/v2/;[proposed] tests/jbc/runtime/;[proposed] bench/jbc/runtime/,"The contract/implementation is source-complete, independently validated, profiler-visible, and consumable through fixtures without central-file edits."
CS-JBC-RT02,Define logical nodes and NUMA ownership,CellShard,CSRUNTIME,"CellShard topology, I/O, transport, residency, and runtime lowering",runtime/v2,CS-JBC-L-RUNTIME,generic infrastructure supporting the biology-native compiler,Serial within CS-JBC-L-RUNTIME; parallel with other provider/workstream lanes after JBC-G5-PARTIAL-ARTIFACT.,CS-JBC-RT01,[proposed] include/CellShard/runtime/v2/;[proposed] src/runtime/v2/;[proposed] tests/jbc/runtime/;[proposed] bench/jbc/runtime/,"The contract/implementation is source-complete, independently validated, profiler-visible, and consumable through fixtures without central-file edits."
CS-JBC-RT03,Define storage endpoints and access policy,CellShard,CSRUNTIME,"CellShard topology, I/O, transport, residency, and runtime lowering",runtime/v2,CS-JBC-L-RUNTIME,generic infrastructure supporting the biology-native compiler,Serial within CS-JBC-L-RUNTIME; parallel with other provider/workstream lanes after JBC-G5-PARTIAL-ARTIFACT.,CS-JBC-RT02,[proposed] include/CellShard/runtime/v2/;[proposed] src/runtime/v2/;[proposed] tests/jbc/runtime/;[proposed] bench/jbc/runtime/,"The contract/implementation is source-complete, independently validated, profiler-visible, and consumable through fixtures without central-file edits."
CS-JBC-RT04,Implement topology and route cost calibration records,CellShard,CSRUNTIME,"CellShard topology, I/O, transport, residency, and runtime lowering",runtime/v2,CS-JBC-L-RUNTIME,generic infrastructure supporting the biology-native compiler,Serial within CS-JBC-L-RUNTIME; parallel with other provider/workstream lanes after JBC-G5-PARTIAL-ARTIFACT.,CS-JBC-RT03,[proposed] include/CellShard/runtime/v2/;[proposed] src/runtime/v2/;[proposed] tests/jbc/runtime/;[proposed] bench/jbc/runtime/,"The contract/implementation is source-complete, independently validated, profiler-visible, and consumable through fixtures without central-file edits."
CS-JBC-RT05,Define asynchronous multi-range atom-source ABI,CellShard,CSRUNTIME,"CellShard topology, I/O, transport, residency, and runtime lowering",runtime/v2,CS-JBC-L-RUNTIME,generic infrastructure supporting the biology-native compiler,Serial within CS-JBC-L-RUNTIME; parallel with other provider/workstream lanes after JBC-G5-PARTIAL-ARTIFACT.,CS-JBC-RT04,[proposed] include/CellShard/runtime/v2/;[proposed] src/runtime/v2/;[proposed] tests/jbc/runtime/;[proposed] bench/jbc/runtime/,"The contract/implementation is source-complete, independently validated, profiler-visible, and consumable through fixtures without central-file edits."
CS-JBC-RT06,Implement the synchronous exact-read baseline,CellShard,CSRUNTIME,"CellShard topology, I/O, transport, residency, and runtime lowering",runtime/v2,CS-JBC-L-RUNTIME,generic infrastructure supporting the biology-native compiler,Serial within CS-JBC-L-RUNTIME; parallel with other provider/workstream lanes after JBC-G5-PARTIAL-ARTIFACT.,CS-JBC-RT05,[proposed] include/CellShard/runtime/v2/;[proposed] src/runtime/v2/;[proposed] tests/jbc/runtime/;[proposed] bench/jbc/runtime/,"The contract/implementation is source-complete, independently validated, profiler-visible, and consumable through fixtures without central-file edits."
CS-JBC-RT07,Implement an asynchronous multi-range file provider,CellShard,CSRUNTIME,"CellShard topology, I/O, transport, residency, and runtime lowering",runtime/v2,CS-JBC-L-RUNTIME,generic infrastructure supporting the biology-native compiler,Serial within CS-JBC-L-RUNTIME; parallel with other provider/workstream lanes after JBC-G5-PARTIAL-ARTIFACT.,CS-JBC-RT06,[proposed] include/CellShard/runtime/v2/;[proposed] src/runtime/v2/;[proposed] tests/jbc/runtime/;[proposed] bench/jbc/runtime/,"The contract/implementation is source-complete, independently validated, profiler-visible, and consumable through fixtures without central-file edits."
CS-JBC-RT08,Implement range coalescing and read planning,CellShard,CSRUNTIME,"CellShard topology, I/O, transport, residency, and runtime lowering",runtime/v2,CS-JBC-L-RUNTIME,generic infrastructure supporting the biology-native compiler,Serial within CS-JBC-L-RUNTIME; parallel with other provider/workstream lanes after JBC-G5-PARTIAL-ARTIFACT.,CS-JBC-RT07,[proposed] include/CellShard/runtime/v2/;[proposed] src/runtime/v2/;[proposed] tests/jbc/runtime/;[proposed] bench/jbc/runtime/,"The contract/implementation is source-complete, independently validated, profiler-visible, and consumable through fixtures without central-file edits."
CS-JBC-RT09,Implement NUMA-local pinned staging pools,CellShard,CSRUNTIME,"CellShard topology, I/O, transport, residency, and runtime lowering",runtime/v2,CS-JBC-L-RUNTIME,generic infrastructure supporting the biology-native compiler,Serial within CS-JBC-L-RUNTIME; parallel with other provider/workstream lanes after JBC-G5-PARTIAL-ARTIFACT.,CS-JBC-RT08,[proposed] include/CellShard/runtime/v2/;[proposed] src/runtime/v2/;[proposed] tests/jbc/runtime/;[proposed] bench/jbc/runtime/,"The contract/implementation is source-complete, independently validated, profiler-visible, and consumable through fixtures without central-file edits."
CS-JBC-RT10,Define the source-linked transport-provider registry,CellShard,CSRUNTIME,"CellShard topology, I/O, transport, residency, and runtime lowering",runtime/v2,CS-JBC-L-RUNTIME,generic infrastructure supporting the biology-native compiler,Serial within CS-JBC-L-RUNTIME; parallel with other provider/workstream lanes after JBC-G5-PARTIAL-ARTIFACT.,CS-JBC-RT09,[proposed] include/CellShard/runtime/v2/;[proposed] src/runtime/v2/;[proposed] tests/jbc/runtime/;[proposed] bench/jbc/runtime/,"The contract/implementation is source-complete, independently validated, profiler-visible, and consumable through fixtures without central-file edits."
CS-JBC-RT11,Implement same-device alias and CUDA P2P providers,CellShard,CSRUNTIME,"CellShard topology, I/O, transport, residency, and runtime lowering",runtime/v2,CS-JBC-L-RUNTIME,generic infrastructure supporting the biology-native compiler,Serial within CS-JBC-L-RUNTIME; parallel with other provider/workstream lanes after JBC-G5-PARTIAL-ARTIFACT.,CS-JBC-RT10,[proposed] include/CellShard/runtime/v2/;[proposed] src/runtime/v2/;[proposed] tests/jbc/runtime/;[proposed] bench/jbc/runtime/,"The contract/implementation is source-complete, independently validated, profiler-visible, and consumable through fixtures without central-file edits."
CS-JBC-RT12,Implement host-staged and QPI/NUMA transfer provider,CellShard,CSRUNTIME,"CellShard topology, I/O, transport, residency, and runtime lowering",runtime/v2,CS-JBC-L-RUNTIME,generic infrastructure supporting the biology-native compiler,Serial within CS-JBC-L-RUNTIME; parallel with other provider/workstream lanes after JBC-G5-PARTIAL-ARTIFACT.,CS-JBC-RT11,[proposed] include/CellShard/runtime/v2/;[proposed] src/runtime/v2/;[proposed] tests/jbc/runtime/;[proposed] bench/jbc/runtime/,"The contract/implementation is source-complete, independently validated, profiler-visible, and consumable through fixtures without central-file edits."
CS-JBC-RT13,Integrate numaBraid build and capability discovery,CellShard,CSRUNTIME,"CellShard topology, I/O, transport, residency, and runtime lowering",runtime/v2,CS-JBC-L-RUNTIME,generic infrastructure supporting the biology-native compiler,Serial within CS-JBC-L-RUNTIME; parallel with other provider/workstream lanes after JBC-G5-PARTIAL-ARTIFACT.,CS-JBC-RT12,[proposed] include/CellShard/runtime/v2/;[proposed] src/runtime/v2/;[proposed] tests/jbc/runtime/;[proposed] bench/jbc/runtime/,"The contract/implementation is source-complete, independently validated, profiler-visible, and consumable through fixtures without central-file edits."
CS-JBC-RT14,Implement numaBraid transport planning and launch,CellShard,CSRUNTIME,"CellShard topology, I/O, transport, residency, and runtime lowering",runtime/v2,CS-JBC-L-RUNTIME,generic infrastructure supporting the biology-native compiler,Serial within CS-JBC-L-RUNTIME; parallel with other provider/workstream lanes after JBC-G5-PARTIAL-ARTIFACT.,CS-JBC-RT13,[proposed] include/CellShard/runtime/v2/;[proposed] src/runtime/v2/;[proposed] tests/jbc/runtime/;[proposed] bench/jbc/runtime/,"The contract/implementation is source-complete, independently validated, profiler-visible, and consumable through fixtures without central-file edits."
CS-JBC-RT15,Implement the NCCL collective provider,CellShard,CSRUNTIME,"CellShard topology, I/O, transport, residency, and runtime lowering",runtime/v2,CS-JBC-L-RUNTIME,generic infrastructure supporting the biology-native compiler,Serial within CS-JBC-L-RUNTIME; parallel with other provider/workstream lanes after JBC-G5-PARTIAL-ARTIFACT.,CS-JBC-RT14,[proposed] include/CellShard/runtime/v2/;[proposed] src/runtime/v2/;[proposed] tests/jbc/runtime/;[proposed] bench/jbc/runtime/,"The contract/implementation is source-complete, independently validated, profiler-visible, and consumable through fixtures without central-file edits."
CS-JBC-RT16,Define atom-plane resident instances,CellShard,CSRUNTIME,"CellShard topology, I/O, transport, residency, and runtime lowering",runtime/v2,CS-JBC-L-RUNTIME,generic infrastructure supporting the biology-native compiler,Serial within CS-JBC-L-RUNTIME; parallel with other provider/workstream lanes after JBC-G5-PARTIAL-ARTIFACT.,CS-JBC-RT15,[proposed] include/CellShard/runtime/v2/;[proposed] src/runtime/v2/;[proposed] tests/jbc/runtime/;[proposed] bench/jbc/runtime/,"The contract/implementation is source-complete, independently validated, profiler-visible, and consumable through fixtures without central-file edits."
CS-JBC-RT17,Implement leases and pins,CellShard,CSRUNTIME,"CellShard topology, I/O, transport, residency, and runtime lowering",runtime/v2,CS-JBC-L-RUNTIME,generic infrastructure supporting the biology-native compiler,Serial within CS-JBC-L-RUNTIME; parallel with other provider/workstream lanes after JBC-G5-PARTIAL-ARTIFACT.,CS-JBC-RT16,[proposed] include/CellShard/runtime/v2/;[proposed] src/runtime/v2/;[proposed] tests/jbc/runtime/;[proposed] bench/jbc/runtime/,"The contract/implementation is source-complete, independently validated, profiler-visible, and consumable through fixtures without central-file edits."
CS-JBC-RT18,Implement reconstruction-aware admission and eviction,CellShard,CSRUNTIME,"CellShard topology, I/O, transport, residency, and runtime lowering",runtime/v2,CS-JBC-L-RUNTIME,generic infrastructure supporting the biology-native compiler,Serial within CS-JBC-L-RUNTIME; parallel with other provider/workstream lanes after JBC-G5-PARTIAL-ARTIFACT.,CS-JBC-RT17,[proposed] include/CellShard/runtime/v2/;[proposed] src/runtime/v2/;[proposed] tests/jbc/runtime/;[proposed] bench/jbc/runtime/,"The contract/implementation is source-complete, independently validated, profiler-visible, and consumable through fixtures without central-file edits."
CS-JBC-RT19,Define runtime command IR and scheduler,CellShard,CSRUNTIME,"CellShard topology, I/O, transport, residency, and runtime lowering",runtime/v2,CS-JBC-L-RUNTIME,generic infrastructure supporting the biology-native compiler,Serial within CS-JBC-L-RUNTIME; parallel with other provider/workstream lanes after JBC-G5-PARTIAL-ARTIFACT.,CS-JBC-RT18,[proposed] include/CellShard/runtime/v2/;[proposed] src/runtime/v2/;[proposed] tests/jbc/runtime/;[proposed] bench/jbc/runtime/,"The contract/implementation is source-complete, independently validated, profiler-visible, and consumable through fixtures without central-file edits."
CS-JBC-RT20,Implement worker-local CUDA Graph lowering,CellShard,CSRUNTIME,"CellShard topology, I/O, transport, residency, and runtime lowering",runtime/v2,CS-JBC-L-RUNTIME,generic infrastructure supporting the biology-native compiler,Serial within CS-JBC-L-RUNTIME; parallel with other provider/workstream lanes after JBC-G5-PARTIAL-ARTIFACT.,CS-JBC-RT19,[proposed] include/CellShard/runtime/v2/;[proposed] src/runtime/v2/;[proposed] tests/jbc/runtime/;[proposed] bench/jbc/runtime/,"The contract/implementation is source-complete, independently validated, profiler-visible, and consumable through fixtures without central-file edits."
CS-JBC-RT21,Implement transactional runtime recovery,CellShard,CSRUNTIME,"CellShard topology, I/O, transport, residency, and runtime lowering",runtime/v2,CS-JBC-L-RUNTIME,generic infrastructure supporting the biology-native compiler,Serial within CS-JBC-L-RUNTIME; parallel with other provider/workstream lanes after JBC-G5-PARTIAL-ARTIFACT.,CS-JBC-RT20,[proposed] include/CellShard/runtime/v2/;[proposed] src/runtime/v2/;[proposed] tests/jbc/runtime/;[proposed] bench/jbc/runtime/,"The contract/implementation is source-complete, independently validated, profiler-visible, and consumable through fixtures without central-file edits."
CS-JBC-RT22,Run the dual-NUMA logical-node and process-model campaign,CellShard,CSRUNTIME,"CellShard topology, I/O, transport, residency, and runtime lowering",runtime/v2,CS-JBC-L-RUNTIME,generic infrastructure supporting the biology-native compiler,Serial within CS-JBC-L-RUNTIME; parallel with other provider/workstream lanes after JBC-G5-PARTIAL-ARTIFACT.,CS-JBC-RT21,[proposed] include/CellShard/runtime/v2/;[proposed] src/runtime/v2/;[proposed] tests/jbc/runtime/;[proposed] bench/jbc/runtime/,"The contract/implementation is source-complete, independently validated, profiler-visible, and consumable through fixtures without central-file edits."
CS-JBC-V01,Build the shared biological and synthetic fixture corpus,CellShard,CSVAL,"Exact validation, biological evidence, vertical slices, and final integration","tests/jbc, bench/jbc, integration",CS-JBC-L-VALIDATION-INTEGRATION,validation/evidence,Serial within CS-JBC-L-VALIDATION-INTEGRATION; parallel with other provider/workstream lanes after JBC-G6-RUNTIME-SUBSTRATE.,CS-JBC-RT22;CS-JBC-ST29;CS-JBC-BS18;CS-JBC-IG10;receipt:CE-JBC-V06,[proposed] tests/jbc/;[proposed] bench/jbc/;[proposed] docs/JBC/evidence/;CMakeLists.txt;include/CellShard/CellShard.hh,"The contract/implementation is source-complete, independently validated, profiler-visible, and consumable through fixtures without central-file edits."
CS-JBC-V02,Implement generic compiler baselines,CellShard,CSVAL,"Exact validation, biological evidence, vertical slices, and final integration","tests/jbc, bench/jbc, integration",CS-JBC-L-VALIDATION-INTEGRATION,settled required mechanism,Serial within CS-JBC-L-VALIDATION-INTEGRATION; parallel with other provider/workstream lanes after JBC-G6-RUNTIME-SUBSTRATE.,CS-JBC-V01,[proposed] tests/jbc/;[proposed] bench/jbc/;[proposed] docs/JBC/evidence/;CMakeLists.txt;include/CellShard/CellShard.hh,"The contract/implementation is source-complete, independently validated, profiler-visible, and consumable through fixtures without central-file edits."
CS-JBC-V03,Implement matched biological-null transformations,CellShard,CSVAL,"Exact validation, biological evidence, vertical slices, and final integration","tests/jbc, bench/jbc, integration",CS-JBC-L-VALIDATION-INTEGRATION,validation/evidence,Serial within CS-JBC-L-VALIDATION-INTEGRATION; parallel with other provider/workstream lanes after JBC-G6-RUNTIME-SUBSTRATE.,CS-JBC-V02,[proposed] tests/jbc/;[proposed] bench/jbc/;[proposed] docs/JBC/evidence/;CMakeLists.txt;include/CellShard/CellShard.hh,"The contract/implementation is source-complete, independently validated, profiler-visible, and consumable through fixtures without central-file edits."
CS-JBC-V04,Freeze the biological mechanism and complete-cost metric schema,CellShard,CSVAL,"Exact validation, biological evidence, vertical slices, and final integration","tests/jbc, bench/jbc, integration",CS-JBC-L-VALIDATION-INTEGRATION,settled required mechanism,Serial within CS-JBC-L-VALIDATION-INTEGRATION; parallel with other provider/workstream lanes after JBC-G6-RUNTIME-SUBSTRATE.,CS-JBC-V03,[proposed] tests/jbc/;[proposed] bench/jbc/;[proposed] docs/JBC/evidence/;CMakeLists.txt;include/CellShard/CellShard.hh,"The contract/implementation is source-complete, independently validated, profiler-visible, and consumable through fixtures without central-file edits."
CS-JBC-V05,Build the atom-discovery ablation harness,CellShard,CSVAL,"Exact validation, biological evidence, vertical slices, and final integration","tests/jbc, bench/jbc, integration",CS-JBC-L-VALIDATION-INTEGRATION,settled required mechanism,Serial within CS-JBC-L-VALIDATION-INTEGRATION; parallel with other provider/workstream lanes after JBC-G6-RUNTIME-SUBSTRATE.,CS-JBC-V04,[proposed] tests/jbc/;[proposed] bench/jbc/;[proposed] docs/JBC/evidence/;CMakeLists.txt;include/CellShard/CellShard.hh,"The contract/implementation is source-complete, independently validated, profiler-visible, and consumable through fixtures without central-file edits."
CS-JBC-V06,"Build the composition, grammar, basis, and superatom ablation harness",CellShard,CSVAL,"Exact validation, biological evidence, vertical slices, and final integration","tests/jbc, bench/jbc, integration",CS-JBC-L-VALIDATION-INTEGRATION,settled required mechanism,Serial within CS-JBC-L-VALIDATION-INTEGRATION; parallel with other provider/workstream lanes after JBC-G6-RUNTIME-SUBSTRATE.,CS-JBC-V05,[proposed] tests/jbc/;[proposed] bench/jbc/;[proposed] docs/JBC/evidence/;CMakeLists.txt;include/CellShard/CellShard.hh,"The contract/implementation is source-complete, independently validated, profiler-visible, and consumable through fixtures without central-file edits."
CS-JBC-V07,"Build atom-store corruption, crash, consolidation, and GC tests",CellShard,CSVAL,"Exact validation, biological evidence, vertical slices, and final integration","tests/jbc, bench/jbc, integration",CS-JBC-L-VALIDATION-INTEGRATION,validation/evidence,Serial within CS-JBC-L-VALIDATION-INTEGRATION; parallel with other provider/workstream lanes after JBC-G6-RUNTIME-SUBSTRATE.,CS-JBC-V06,[proposed] tests/jbc/;[proposed] bench/jbc/;[proposed] docs/JBC/evidence/;CMakeLists.txt;include/CellShard/CellShard.hh,"The contract/implementation is source-complete, independently validated, profiler-visible, and consumable through fixtures without central-file edits."
CS-JBC-V08,Integrate the support-signature basis vertical slice,CellShard,CSVAL,"Exact validation, biological evidence, vertical slices, and final integration","tests/jbc, bench/jbc, integration",CS-JBC-L-VALIDATION-INTEGRATION,settled required mechanism,Serial within CS-JBC-L-VALIDATION-INTEGRATION; parallel with other provider/workstream lanes after JBC-G6-RUNTIME-SUBSTRATE.,CS-JBC-V07,[proposed] tests/jbc/;[proposed] bench/jbc/;[proposed] docs/JBC/evidence/;CMakeLists.txt;include/CellShard/CellShard.hh,"The contract/implementation is source-complete, independently validated, profiler-visible, and consumable through fixtures without central-file edits."
CS-JBC-V09,Integrate the cross-operation support-family vertical slice,CellShard,CSVAL,"Exact validation, biological evidence, vertical slices, and final integration","tests/jbc, bench/jbc, integration",CS-JBC-L-VALIDATION-INTEGRATION,settled required mechanism,Serial within CS-JBC-L-VALIDATION-INTEGRATION; parallel with other provider/workstream lanes after JBC-G6-RUNTIME-SUBSTRATE.,CS-JBC-V08,[proposed] tests/jbc/;[proposed] bench/jbc/;[proposed] docs/JBC/evidence/;CMakeLists.txt;include/CellShard/CellShard.hh,"The contract/implementation is source-complete, independently validated, profiler-visible, and consumable through fixtures without central-file edits."
CS-JBC-V10,Integrate the stable-structure mutable-value vertical slice,CellShard,CSVAL,"Exact validation, biological evidence, vertical slices, and final integration","tests/jbc, bench/jbc, integration",CS-JBC-L-VALIDATION-INTEGRATION,settled required mechanism,Serial within CS-JBC-L-VALIDATION-INTEGRATION; parallel with other provider/workstream lanes after JBC-G6-RUNTIME-SUBSTRATE.,CS-JBC-V09,[proposed] tests/jbc/;[proposed] bench/jbc/;[proposed] docs/JBC/evidence/;CMakeLists.txt;include/CellShard/CellShard.hh,"The contract/implementation is source-complete, independently validated, profiler-visible, and consumable through fixtures without central-file edits."
CS-JBC-V11,Integrate the persistent moments and log-sum-exp partial slice,CellShard,CSVAL,"Exact validation, biological evidence, vertical slices, and final integration","tests/jbc, bench/jbc, integration",CS-JBC-L-VALIDATION-INTEGRATION,settled required mechanism,Serial within CS-JBC-L-VALIDATION-INTEGRATION; parallel with other provider/workstream lanes after JBC-G6-RUNTIME-SUBSTRATE.,CS-JBC-V10,[proposed] tests/jbc/;[proposed] bench/jbc/;[proposed] docs/JBC/evidence/;CMakeLists.txt;include/CellShard/CellShard.hh,"The contract/implementation is source-complete, independently validated, profiler-visible, and consumable through fixtures without central-file edits."
CS-JBC-V12,Integrate the trajectory prefix and branch vertical slice,CellShard,CSVAL,"Exact validation, biological evidence, vertical slices, and final integration","tests/jbc, bench/jbc, integration",CS-JBC-L-VALIDATION-INTEGRATION,settled required mechanism,Serial within CS-JBC-L-VALIDATION-INTEGRATION; parallel with other provider/workstream lanes after JBC-G6-RUNTIME-SUBSTRATE.,CS-JBC-V11,[proposed] tests/jbc/;[proposed] bench/jbc/;[proposed] docs/JBC/evidence/;CMakeLists.txt;include/CellShard/CellShard.hh,"The contract/implementation is source-complete, independently validated, profiler-visible, and consumable through fixtures without central-file edits."
CS-JBC-V13,Integrate the multimodal identity-spine vertical slice,CellShard,CSVAL,"Exact validation, biological evidence, vertical slices, and final integration","tests/jbc, bench/jbc, integration",CS-JBC-L-VALIDATION-INTEGRATION,settled required mechanism,Serial within CS-JBC-L-VALIDATION-INTEGRATION; parallel with other provider/workstream lanes after JBC-G6-RUNTIME-SUBSTRATE.,CS-JBC-V12,[proposed] tests/jbc/;[proposed] bench/jbc/;[proposed] docs/JBC/evidence/;CMakeLists.txt;include/CellShard/CellShard.hh,"The contract/implementation is source-complete, independently validated, profiler-visible, and consumable through fixtures without central-file edits."
CS-JBC-V14,Integrate the external non-Cellerator provider vertical slice,CellShard,CSVAL,"Exact validation, biological evidence, vertical slices, and final integration","tests/jbc, bench/jbc, integration",CS-JBC-L-VALIDATION-INTEGRATION,settled required mechanism,Serial within CS-JBC-L-VALIDATION-INTEGRATION; parallel with other provider/workstream lanes after JBC-G6-RUNTIME-SUBSTRATE.,CS-JBC-V13,[proposed] tests/jbc/;[proposed] bench/jbc/;[proposed] docs/JBC/evidence/;CMakeLists.txt;include/CellShard/CellShard.hh,"The contract/implementation is source-complete, independently validated, profiler-visible, and consumable through fixtures without central-file edits."
CS-JBC-V15,Integrate the two-logical-node /mnt/block vertical slice,CellShard,CSVAL,"Exact validation, biological evidence, vertical slices, and final integration","tests/jbc, bench/jbc, integration",CS-JBC-L-VALIDATION-INTEGRATION,settled required mechanism,Serial within CS-JBC-L-VALIDATION-INTEGRATION; parallel with other provider/workstream lanes after JBC-G6-RUNTIME-SUBSTRATE.,CS-JBC-V14,[proposed] tests/jbc/;[proposed] bench/jbc/;[proposed] docs/JBC/evidence/;CMakeLists.txt;include/CellShard/CellShard.hh,"The contract/implementation is source-complete, independently validated, profiler-visible, and consumable through fixtures without central-file edits."
CS-JBC-V16,Integrate the numaBraid route vertical slice,CellShard,CSVAL,"Exact validation, biological evidence, vertical slices, and final integration","tests/jbc, bench/jbc, integration",CS-JBC-L-VALIDATION-INTEGRATION,settled required mechanism,Serial within CS-JBC-L-VALIDATION-INTEGRATION; parallel with other provider/workstream lanes after JBC-G6-RUNTIME-SUBSTRATE.,CS-JBC-V15,[proposed] tests/jbc/;[proposed] bench/jbc/;[proposed] docs/JBC/evidence/;CMakeLists.txt;include/CellShard/CellShard.hh,"The contract/implementation is source-complete, independently validated, profiler-visible, and consumable through fixtures without central-file edits."
CS-JBC-V17,Integrate the crash and recovery vertical slice,CellShard,CSVAL,"Exact validation, biological evidence, vertical slices, and final integration","tests/jbc, bench/jbc, integration",CS-JBC-L-VALIDATION-INTEGRATION,settled required mechanism,Serial within CS-JBC-L-VALIDATION-INTEGRATION; parallel with other provider/workstream lanes after JBC-G6-RUNTIME-SUBSTRATE.,CS-JBC-V16,[proposed] tests/jbc/;[proposed] bench/jbc/;[proposed] docs/JBC/evidence/;CMakeLists.txt;include/CellShard/CellShard.hh,"The contract/implementation is source-complete, independently validated, profiler-visible, and consumable through fixtures without central-file edits."
CS-JBC-V18,"Run the standalone, embedded, and package-consumer build matrix",CellShard,CSVAL,"Exact validation, biological evidence, vertical slices, and final integration","tests/jbc, bench/jbc, integration",CS-JBC-L-VALIDATION-INTEGRATION,settled required mechanism,Serial within CS-JBC-L-VALIDATION-INTEGRATION; parallel with other provider/workstream lanes after JBC-G6-RUNTIME-SUBSTRATE.,CS-JBC-V17,[proposed] tests/jbc/;[proposed] bench/jbc/;[proposed] docs/JBC/evidence/;CMakeLists.txt;include/CellShard/CellShard.hh,"The contract/implementation is source-complete, independently validated, profiler-visible, and consumable through fixtures without central-file edits."
CS-JBC-V19,Perform the biological-novelty readiness audit,CellShard,CSVAL,"Exact validation, biological evidence, vertical slices, and final integration","tests/jbc, bench/jbc, integration",CS-JBC-L-VALIDATION-INTEGRATION,validation/evidence,Serial within CS-JBC-L-VALIDATION-INTEGRATION; parallel with other provider/workstream lanes after JBC-G6-RUNTIME-SUBSTRATE.,CS-JBC-V18,[proposed] tests/jbc/;[proposed] bench/jbc/;[proposed] docs/JBC/evidence/;CMakeLists.txt;include/CellShard/CellShard.hh,"The contract/implementation is source-complete, independently validated, profiler-visible, and consumable through fixtures without central-file edits."
CS-JBC-V20,Perform final dual-repository integration and acceptance,CellShard,CSVAL,"Exact validation, biological evidence, vertical slices, and final integration","tests/jbc, bench/jbc, integration",CS-JBC-L-VALIDATION-INTEGRATION,settled required mechanism,Serial within CS-JBC-L-VALIDATION-INTEGRATION; parallel with other provider/workstream lanes after JBC-G6-RUNTIME-SUBSTRATE.,CS-JBC-V19,[proposed] tests/jbc/;[proposed] bench/jbc/;[proposed] docs/JBC/evidence/;CMakeLists.txt;include/CellShard/CellShard.hh,"The contract/implementation is source-complete, independently validated, profiler-visible, and consumable through fixtures without central-file edits."
